{
    "description": "Pipeline parallel OPT-1.3B benchmark",
    "model_name": "opt-1.3b-pipeline",
    "model_size": 2.6503753662109375,
    "max_prompt_len": 96,
    "max_new_tokens": 128,
    "dtype": "float32",
    "model_config_dir": null,
    "data_size": 32,
    "batch_size": 32,
    "inference_time": 16.17987996100055,
    "throughput": 253.15391769734157,
    "max_memory_allocated_per_device": [
        4.135630130767822,
        4.011817455291748
    ]
}