{
    "description": "Pipeline parallel OPT-1.3B benchmark",
    "model_name": "opt-1.3b-pipeline",
    "model_size": 2.6503753662109375,
    "max_prompt_len": 32,
    "max_new_tokens": 96,
    "dtype": "float32",
    "model_config_dir": null,
    "data_size": 64,
    "batch_size": 64,
    "inference_time": 12.988982402000147,
    "throughput": 473.0162694695697,
    "max_memory_allocated_per_device": [
        4.346917152404785,
        4.208627700805664
    ]
}