{
    "description": "Pipeline parallel OPT-1.3B benchmark",
    "model_name": "opt-1.3b-pipeline",
    "model_size": 2.6503753662109375,
    "max_prompt_len": 32,
    "max_new_tokens": 64,
    "dtype": "float32",
    "model_config_dir": null,
    "data_size": 24,
    "batch_size": 24,
    "inference_time": 5.732479656000578,
    "throughput": 267.94687328583257,
    "max_memory_allocated_per_device": [
        3.13334321975708,
        3.083411693572998
    ]
}