{
    "description": "Pipeline parallel OPT-1.3B benchmark",
    "model_name": "opt-1.3b-pipeline",
    "model_size": 2.6503753662109375,
    "max_prompt_len": 16,
    "max_new_tokens": 80,
    "dtype": "float32",
    "model_config_dir": null,
    "data_size": 16,
    "batch_size": 16,
    "inference_time": 4.577664593000009,
    "throughput": 279.6185640069234,
    "max_memory_allocated_per_device": [
        2.9756951332092285,
        2.9369215965270996
    ]
}