{
    "description": "Pipeline parallel OPT-1.3B benchmark",
    "model_name": "opt-1.3b-pipeline",
    "model_size": 2.6347503662109375,
    "max_prompt_len": 16,
    "max_new_tokens": 112,
    "dtype": "float32",
    "model_config_dir": null,
    "data_size": 40,
    "batch_size": 40,
    "inference_time": 11.161555806999957,
    "throughput": 401.3777359954043,
    "max_memory_allocated_per_device": [
        3.72135591506958,
        3.6293587684631348
    ]
}