{
    "description": "Pipeline parallel OPT-1.3B benchmark",
    "model_name": "opt-1.3b-pipeline",
    "model_size": 2.6503753662109375,
    "max_prompt_len": 64,
    "max_new_tokens": 48,
    "dtype": "float32",
    "model_config_dir": null,
    "data_size": 56,
    "batch_size": 56,
    "inference_time": 9.308090943000025,
    "throughput": 288.78102034676186,
    "max_memory_allocated_per_device": [
        4.08121919631958,
        4.038222789764404
    ]
}