{
    "description": "Pipeline parallel OPT-1.3B benchmark",
    "model_name": "opt-1.3b-pipeline",
    "model_size": 2.6503753662109375,
    "max_prompt_len": 80,
    "max_new_tokens": 80,
    "dtype": "float32",
    "model_config_dir": null,
    "data_size": 32,
    "batch_size": 32,
    "inference_time": 10.305265464001423,
    "throughput": 248.41669619697305,
    "max_memory_allocated_per_device": [
        3.713888645172119,
        3.6376070976257324
    ]
}