{
    "description": "Pipeline parallel OPT-6.7B benchmark",
    "model_name": "opt-6.7b",
    "model_size": 3.3999786376953125,
    "max_prompt_len": 256,
    "max_new_tokens": 512,
    "dtype": "float16",
    "model_config_dir": null,
    "data_size": 48,
    "batch_size": 48,
    "inference_time": 105.5826024449998,
    "throughput": 232.76562076410417,
    "max_memory_allocated_per_device": [
        8.756526947021484,
        8.357707977294922,
        8.357707977294922,
        8.17928695678711
    ]
}