{
    "description": "Pipeline parallel OPT-6.7B benchmark",
    "model_name": "opt-6.7b",
    "model_size": 3.3843536376953125,
    "max_prompt_len": 384,
    "max_new_tokens": 384,
    "dtype": "float16",
    "model_config_dir": null,
    "data_size": 16,
    "batch_size": 16,
    "inference_time": 41.53547881000122,
    "throughput": 147.9217328420589,
    "max_memory_allocated_per_device": [
        5.192979335784912,
        4.793355464935303,
        4.793355464935303,
        4.989614963531494
    ]
}