{
    "description": "Pipeline parallel OPT-1.3B benchmark",
    "model_name": "opt-1.3b-pipeline",
    "model_size": 2.6503753662109375,
    "max_prompt_len": 80,
    "max_new_tokens": 48,
    "dtype": "float32",
    "model_config_dir": null,
    "data_size": 40,
    "batch_size": 40,
    "inference_time": 7.952861444000064,
    "throughput": 241.42253873271235,
    "max_memory_allocated_per_device": [
        3.93209171295166,
        3.8866567611694336
    ]
}