{
    "description": "Pipeline parallel OPT-1.3B benchmark",
    "model_name": "opt-1.3b-pipeline",
    "model_size": 2.6347503662109375,
    "max_prompt_len": 96,
    "max_new_tokens": 16,
    "dtype": "float32",
    "model_config_dir": null,
    "data_size": 40,
    "batch_size": 40,
    "inference_time": 5.396112446000188,
    "throughput": 118.60390353325444,
    "max_memory_allocated_per_device": [
        4.178124904632568,
        4.13317346572876
    ]
}