{
    "description": "Pipeline parallel OPT-1.3B benchmark",
    "model_name": "opt-1.3b",
    "model_size": 2.6503753662109375,
    "dtype": "float32",
    "max_prompt_len": 384,
    "max_new_tokens": 1,
    "model_config_dir": null,
    "data_size": 16,
    "batch_size": 16,
    "inference_time": 7.293834805000188,
    "throughput": 2.1936334490371814,
    "max_memory_allocated_per_device": [
        4.980913162231445,
        4.965288162231445
    ]
}