{
    "description": "Pipeline parallel OPT-1.3B benchmark",
    "model_name": "opt-1.3b-pipeline",
    "model_size": 2.6503753662109375,
    "max_prompt_len": 64,
    "max_new_tokens": 80,
    "dtype": "float32",
    "model_config_dir": null,
    "data_size": 8,
    "batch_size": 8,
    "inference_time": 3.242724427998837,
    "throughput": 197.36490540917143,
    "max_memory_allocated_per_device": [
        2.8965282440185547,
        2.863551139831543
    ]
}