{
    "description": "Pipeline parallel OPT-1.3B benchmark",
    "model_name": "opt-1.3b-pipeline",
    "model_size": 2.6347503662109375,
    "max_prompt_len": 96,
    "max_new_tokens": 48,
    "dtype": "float32",
    "model_config_dir": null,
    "data_size": 8,
    "batch_size": 8,
    "inference_time": 2.4123992619988712,
    "throughput": 159.17763118606842,
    "max_memory_allocated_per_device": [
        2.962979793548584,
        2.941488742828369
    ]
}