{
    "description": "Pipeline parallel OPT-1.3B benchmark",
    "model_name": "opt-1.3b-pipeline",
    "model_size": 2.6347503662109375,
    "max_prompt_len": 16,
    "max_new_tokens": 128,
    "dtype": "float32",
    "model_config_dir": null,
    "data_size": 16,
    "batch_size": 16,
    "inference_time": 7.535633159999634,
    "throughput": 271.7754376461844,
    "max_memory_allocated_per_device": [
        3.1335978507995605,
        3.0830044746398926
    ]
}