{
    "description": "Pipeline parallel OPT-1.3B benchmark",
    "model_name": "opt-1.3b-pipeline",
    "model_size": 2.6503753662109375,
    "max_prompt_len": 32,
    "max_new_tokens": 112,
    "dtype": "float32",
    "model_config_dir": null,
    "data_size": 56,
    "batch_size": 56,
    "inference_time": 13.958519256000272,
    "throughput": 449.33132841464464,
    "max_memory_allocated_per_device": [
        4.320463180541992,
        4.183808326721191
    ]
}