{
    "description": "Pipeline parallel OPT-1.3B benchmark",
    "model_name": "opt-1.3b-pipeline",
    "model_size": 2.6503753662109375,
    "max_prompt_len": 128,
    "max_new_tokens": 48,
    "dtype": "float32",
    "model_config_dir": null,
    "data_size": 48,
    "batch_size": 48,
    "inference_time": 12.77976891299977,
    "throughput": 180.28495003977238,
    "max_memory_allocated_per_device": [
        5.086225986480713,
        5.023679256439209
    ]
}