{
    "description": "Pipeline parallel OPT-1.3B benchmark",
    "model_name": "opt-1.3b-pipeline",
    "model_size": 2.6503753662109375,
    "max_prompt_len": 16,
    "max_new_tokens": 96,
    "dtype": "float32",
    "model_config_dir": null,
    "data_size": 64,
    "batch_size": 64,
    "inference_time": 11.25972401099989,
    "throughput": 545.6616870891136,
    "max_memory_allocated_per_device": [
        4.135930061340332,
        4.017179489135742
    ]
}