{
    "description": "Pipeline parallel OPT-1.3B benchmark",
    "model_name": "opt-1.3b-pipeline",
    "model_size": 2.6503753662109375,
    "max_prompt_len": 64,
    "max_new_tokens": 48,
    "dtype": "float32",
    "model_config_dir": null,
    "data_size": 24,
    "batch_size": 24,
    "inference_time": 5.344407137999951,
    "throughput": 215.55244019659688,
    "max_memory_allocated_per_device": [
        3.268131732940674,
        3.2407755851745605
    ]
}