{
    "description": "Pipeline parallel OPT-6.7B benchmark",
    "model_name": "opt-6.7b",
    "model_size": 3.00079345703125,
    "max_prompt_len": 512,
    "max_new_tokens": 128,
    "dtype": "float16",
    "model_config_dir": null,
    "data_size": 48,
    "batch_size": 48,
    "inference_time": 41.221078866001335,
    "throughput": 149.04995621226934,
    "max_memory_allocated_per_device": [
        9.412740707397461,
        9.013555526733398,
        9.013555526733398,
        9.078877449035645
    ]
}