{
    "description": "Pipeline parallel OPT-1.3B benchmark",
    "model_name": "opt-1.3b-pipeline",
    "model_size": 2.6503753662109375,
    "max_prompt_len": 48,
    "max_new_tokens": 96,
    "dtype": "float32",
    "model_config_dir": null,
    "data_size": 24,
    "batch_size": 24,
    "inference_time": 9.05821690799894,
    "throughput": 254.354695123875,
    "max_memory_allocated_per_device": [
        3.3707170486450195,
        3.3031740188598633
    ]
}