{
    "description": "Pipeline parallel OPT-1.3B benchmark",
    "model_name": "opt-1.3b-pipeline",
    "model_size": 2.6503753662109375,
    "max_prompt_len": 112,
    "max_new_tokens": 128,
    "dtype": "float32",
    "model_config_dir": null,
    "data_size": 8,
    "batch_size": 8,
    "inference_time": 5.732967918000213,
    "throughput": 178.61603529733236,
    "max_memory_allocated_per_device": [
        3.0541067123413086,
        3.00936222076416
    ]
}