{
    "description": "Pipeline parallel OPT-1.3B benchmark",
    "model_name": "opt-1.3b-pipeline",
    "model_size": 2.6503753662109375,
    "max_prompt_len": 32,
    "max_new_tokens": 32,
    "dtype": "float32",
    "model_config_dir": null,
    "data_size": 64,
    "batch_size": 64,
    "inference_time": 5.40119394300018,
    "throughput": 379.1754233624881,
    "max_memory_allocated_per_device": [
        3.503708839416504,
        3.4477057456970215
    ]
}