{
    "description": "Pipeline parallel OPT-1.3B benchmark",
    "model_name": "opt-1.3b-pipeline",
    "model_size": 2.6503753662109375,
    "max_prompt_len": 16,
    "max_new_tokens": 48,
    "dtype": "float32",
    "model_config_dir": null,
    "data_size": 16,
    "batch_size": 16,
    "inference_time": 2.743505014999755,
    "throughput": 279.93387867019027,
    "max_memory_allocated_per_device": [
        2.8696389198303223,
        2.8388304710388184
    ]
}