{
    "description": "Pipeline parallel OPT-1.3B benchmark",
    "model_name": "opt-1.3b-pipeline",
    "model_size": 2.6347503662109375,
    "max_prompt_len": 32,
    "max_new_tokens": 80,
    "dtype": "float32",
    "model_config_dir": null,
    "data_size": 32,
    "batch_size": 32,
    "inference_time": 7.785394727001403,
    "throughput": 328.8208356502948,
    "max_memory_allocated_per_device": [
        3.3971638679504395,
        3.327989101409912
    ]
}}