{
    "description": "Pipeline parallel OPT-1.3B benchmark",
    "model_name": "opt-1.3b",
    "model_size": 2.6503753662109375,
    "dtype": "float32",
    "max_prompt_len": 256,
    "max_new_tokens": 1,
    "model_config_dir": null,
    "data_size": 8,
    "batch_size": 8,
    "inference_time": 2.187710238999898,
    "throughput": 3.656791405637505,
    "max_memory_allocated_per_device": [
        3.4325122833251953,
        3.4168872833251953
    ]
}