{
    "description": "Pipeline parallel OPT-1.3B benchmark",
    "model_name": "opt-1.3b-pipeline",
    "model_size": 2.6503753662109375,
    "max_prompt_len": 32,
    "max_new_tokens": 64,
    "dtype": "float32",
    "model_config_dir": null,
    "data_size": 48,
    "batch_size": 48,
    "inference_time": 7.612002645000075,
    "throughput": 403.5731650747436,
    "max_memory_allocated_per_device": [
        3.6096997261047363,
        3.525155544281006
    ]
}