{
    "description": "Pipeline parallel OPT-1.3B benchmark",
    "model_name": "opt-1.3b-pipeline",
    "model_size": 2.6347503662109375,
    "max_prompt_len": 16,
    "max_new_tokens": 16,
    "dtype": "float32",
    "model_config_dir": null,
    "data_size": 56,
    "batch_size": 56,
    "inference_time": 2.270439083999918,
    "throughput": 394.63732205555726,
    "max_memory_allocated_per_device": [
        3.0289387702941895,
        3.0025835037231445
    ]
}