{
    "description": "Pipeline parallel OPT-1.3B benchmark",
    "model_name": "opt-1.3b-pipeline",
    "model_size": 2.6503753662109375,
    "max_prompt_len": 16,
    "max_new_tokens": 128,
    "dtype": "float32",
    "model_config_dir": null,
    "data_size": 40,
    "batch_size": 40,
    "inference_time": 12.89963667500001,
    "throughput": 396.910403680032,
    "max_memory_allocated_per_device": [
        3.8455944061279297,
        3.744121551513672
    ]
}