{
    "description": "Pipeline parallel OPT-1.3B benchmark",
    "model_name": "opt-1.3b-pipeline",
    "model_size": 2.6347503662109375,
    "max_prompt_len": 64,
    "max_new_tokens": 128,
    "dtype": "float32",
    "model_config_dir": null,
    "data_size": 32,
    "batch_size": 32,
    "inference_time": 14.310370815997885,
    "throughput": 286.2259862211949,
    "max_memory_allocated_per_device": [
        3.9249978065490723,
        3.816352367401123
    ]
}}