{
    "description": "Pipeline parallel OPT-1.3B benchmark",
    "model_name": "opt-1.3b-pipeline",
    "model_size": 2.6503753662109375,
    "max_prompt_len": 32,
    "max_new_tokens": 128,
    "dtype": "float32",
    "model_config_dir": null,
    "data_size": 16,
    "batch_size": 16,
    "inference_time": 7.9268796859996655,
    "throughput": 258.36143364420514,
    "max_memory_allocated_per_device": [
        3.1884751319885254,
        3.135249614715576
    ]
}