{
    "description": "Pipeline parallel OPT-1.3B benchmark",
    "model_name": "opt-1.3b-pipeline",
    "model_size": 2.6503753662109375,
    "max_prompt_len": 16,
    "max_new_tokens": 128,
    "dtype": "float32",
    "model_config_dir": null,
    "data_size": 24,
    "batch_size": 24,
    "inference_time": 10.689369780999186,
    "throughput": 287.38831782773684,
    "max_memory_allocated_per_device": [
        3.370730400085449,
        3.3031625747680664
    ]
}