{
    "description": "Pipeline parallel OPT-1.3B benchmark",
    "model_name": "opt-1.3b-pipeline",
    "model_size": 2.6503753662109375,
    "max_prompt_len": 32,
    "max_new_tokens": 128,
    "dtype": "float32",
    "model_config_dir": null,
    "data_size": 8,
    "batch_size": 8,
    "inference_time": 4.558689199999208,
    "throughput": 224.62597362421153,
    "max_memory_allocated_per_device": [
        2.924403667449951,
        2.8899178504943848
    ]
}