{
    "description": "Pipeline parallel OPT-1.3B benchmark",
    "model_name": "opt-1.3b",
    "model_size": 2.6503753662109375,
    "dtype": "float32",
    "max_prompt_len": 128,
    "max_new_tokens": 1,
    "model_config_dir": null,
    "data_size": 8,
    "batch_size": 8,
    "inference_time": 0.9332286140001997,
    "throughput": 8.572390387505079,
    "max_memory_allocated_per_device": [
        3.045412063598633,
        3.029787063598633
    ]
}