{
    "description": "Pipeline parallel OPT-1.3B benchmark",
    "model_name": "opt-1.3b-pipeline",
    "model_size": 2.6503753662109375,
    "max_prompt_len": 96,
    "max_new_tokens": 48,
    "dtype": "float32",
    "model_config_dir": null,
    "data_size": 24,
    "batch_size": 24,
    "inference_time": 6.5328259769994474,
    "throughput": 176.3402245913059,
    "max_memory_allocated_per_device": [
        3.5703539848327637,
        3.537132740020752
    ]
}