{
    "description": "Pipeline parallel OPT-1.3B benchmark",
    "model_name": "opt-1.3b-pipeline",
    "model_size": 2.6503753662109375,
    "max_prompt_len": 128,
    "max_new_tokens": 64,
    "dtype": "float32",
    "model_config_dir": null,
    "data_size": 24,
    "batch_size": 24,
    "inference_time": 9.129375348000394,
    "throughput": 168.24809381251148,
    "max_memory_allocated_per_device": [
        3.8731255531311035,
        3.8340392112731934
    ]
}