{
    "description": "Pipeline parallel OPT-1.3B benchmark",
    "model_name": "opt-1.3b-pipeline",
    "model_size": 2.6347503662109375,
    "max_prompt_len": 80,
    "max_new_tokens": 96,
    "dtype": "float32",
    "model_config_dir": null,
    "data_size": 24,
    "batch_size": 24,
    "inference_time": 10.117564571999537,
    "throughput": 227.72278680349058,
    "max_memory_allocated_per_device": [
        3.529733657836914,
        3.4502830505371094
    ]
}