{
    "description": "Pipeline parallel OPT-1.3B benchmark",
    "model_name": "opt-1.3b-pipeline",
    "model_size": 2.6503753662109375,
    "max_prompt_len": 32,
    "max_new_tokens": 32,
    "dtype": "float32",
    "model_config_dir": null,
    "data_size": 40,
    "batch_size": 40,
    "inference_time": 3.9763364679999995,
    "throughput": 321.9043484626966,
    "max_memory_allocated_per_device": [
        3.1862540245056152,
        3.14927339553833
    ]
}