{
    "description": "Pipeline parallel OPT-1.3B benchmark",
    "model_name": "opt-1.3b-pipeline",
    "model_size": 2.6503753662109375,
    "max_prompt_len": 112,
    "max_new_tokens": 128,
    "dtype": "float32",
    "model_config_dir": null,
    "data_size": 64,
    "batch_size": 64,
    "inference_time": 26.970980527000393,
    "throughput": 303.7338591305224,
    "max_memory_allocated_per_device": [
        5.8242998123168945,
        5.582426071166992
    ]
}