{
    "description": "Pipeline parallel OPT-1.3B benchmark",
    "model_name": "opt-1.3b-pipeline",
    "model_size": 2.6503753662109375,
    "max_prompt_len": 16,
    "max_new_tokens": 32,
    "dtype": "float32",
    "model_config_dir": null,
    "data_size": 16,
    "batch_size": 16,
    "inference_time": 1.8724788010003977,
    "throughput": 273.43433726804113,
    "max_memory_allocated_per_device": [
        2.817370891571045,
        2.7903618812561035
    ]
}