{
    "description": "Pipeline parallel OPT-1.3B benchmark",
    "model_name": "opt-1.3b-pipeline",
    "model_size": 2.6503753662109375,
    "max_prompt_len": 48,
    "max_new_tokens": 64,
    "dtype": "float32",
    "model_config_dir": null,
    "data_size": 56,
    "batch_size": 56,
    "inference_time": 9.524829213999965,
    "throughput": 376.27971268315207,
    "max_memory_allocated_per_device": [
        3.9512500762939453,
        3.841978073120117
    ]
}