{
    "description": "Pipeline parallel OPT-1.3B benchmark",
    "model_name": "opt-1.3b-pipeline",
    "model_size": 2.6503753662109375,
    "max_prompt_len": 32,
    "max_new_tokens": 112,
    "dtype": "float32",
    "model_config_dir": null,
    "data_size": 64,
    "batch_size": 64,
    "inference_time": 15.085163151000415,
    "throughput": 475.16887475788644,
    "max_memory_allocated_per_device": [
        4.557896614074707,
        4.403966903686523
    ]
}