{
    "description": "Pipeline parallel OPT-1.3B benchmark",
    "model_name": "opt-1.3b-pipeline",
    "model_size": 2.6503753662109375,
    "max_prompt_len": 96,
    "max_new_tokens": 128,
    "dtype": "float32",
    "model_config_dir": null,
    "data_size": 16,
    "batch_size": 16,
    "inference_time": 9.5540299209988,
    "throughput": 214.35980595986007,
    "max_memory_allocated_per_device": [
        3.397697925567627,
        3.3279852867126465
    ]
}