{
    "description": "Pipeline parallel OPT-1.3B benchmark",
    "model_name": "opt-1.3b-pipeline",
    "model_size": 2.6503753662109375,
    "max_prompt_len": 112,
    "max_new_tokens": 64,
    "dtype": "float32",
    "model_config_dir": null,
    "data_size": 24,
    "batch_size": 24,
    "inference_time": 8.309474486999534,
    "throughput": 184.84923473838523,
    "max_memory_allocated_per_device": [
        3.7225332260131836,
        3.6863794326782227
    ]
}