{
    "description": "Pipeline parallel OPT-1.3B benchmark",
    "model_name": "opt-1.3b-pipeline",
    "model_size": 2.6503753662109375,
    "max_prompt_len": 64,
    "max_new_tokens": 128,
    "dtype": "float32",
    "model_config_dir": null,
    "data_size": 48,
    "batch_size": 48,
    "inference_time": 17.75302203399997,
    "throughput": 346.0819227415606,
    "max_memory_allocated_per_device": [
        4.5581135749816895,
        4.403184413909912
    ]
}