{
    "description": "Pipeline parallel OPT-1.3B benchmark",
    "model_name": "opt-1.3b-pipeline",
    "model_size": 2.6503753662109375,
    "max_prompt_len": 32,
    "max_new_tokens": 64,
    "dtype": "float32",
    "model_config_dir": null,
    "data_size": 64,
    "batch_size": 64,
    "inference_time": 9.028410934000021,
    "throughput": 453.678950807933,
    "max_memory_allocated_per_device": [
        3.9261560440063477,
        3.8179492950439453
    ]
}