{
    "description": "Pipeline parallel OPT-1.3B benchmark",
    "model_name": "opt-1.3b-pipeline",
    "model_size": 2.6503753662109375,
    "max_prompt_len": 96,
    "max_new_tokens": 96,
    "dtype": "float32",
    "model_config_dir": null,
    "data_size": 32,
    "batch_size": 32,
    "inference_time": 12.711179223999352,
    "throughput": 241.6770266443815,
    "max_memory_allocated_per_device": [
        3.924746036529541,
        3.8359313011169434
    ]
}}