{
    "description": "Pipeline parallel OPT-1.3B benchmark",
    "model_name": "opt-1.3b-pipeline",
    "model_size": 2.6503753662109375,
    "max_prompt_len": 64,
    "max_new_tokens": 112,
    "dtype": "float32",
    "model_config_dir": null,
    "data_size": 40,
    "batch_size": 40,
    "inference_time": 14.47715119499992,
    "throughput": 309.4531472149915,
    "max_memory_allocated_per_device": [
        4.10932731628418,
        3.9876813888549805
    ]
}