{
    "description": "Pipeline parallel OPT-6.7B benchmark",
    "model_name": "opt-6.7b",
    "model_size": 3.00079345703125,
    "max_prompt_len": 384,
    "max_new_tokens": 512,
    "dtype": "float16",
    "model_config_dir": null,
    "data_size": 48,
    "batch_size": 48,
    "inference_time": 125.90660757899968,
    "throughput": 195.19229747001063,
    "max_memory_allocated_per_device": [
        9.64706039428711,
        9.247875213623047,
        9.247875213623047,
        8.976390838623047
    ]
}