{
    "description": "Pipeline parallel OPT-1.3B benchmark",
    "model_name": "opt-1.3b-pipeline",
    "model_size": 2.6503753662109375,
    "max_prompt_len": 48,
    "max_new_tokens": 64,
    "dtype": "float32",
    "model_config_dir": null,
    "data_size": 48,
    "batch_size": 48,
    "inference_time": 8.813076673000069,
    "throughput": 348.5729347404233,
    "max_memory_allocated_per_device": [
        3.767251491546631,
        3.6706509590148926
    ]
}