{
    "description": "Pipeline parallel OPT-1.3B benchmark",
    "model_name": "opt-1.3b-pipeline",
    "model_size": 2.6503753662109375,
    "max_prompt_len": 32,
    "max_new_tokens": 112,
    "dtype": "float32",
    "model_config_dir": null,
    "data_size": 48,
    "batch_size": 48,
    "inference_time": 12.86149132100013,
    "throughput": 417.9919626600466,
    "max_memory_allocated_per_device": [
        4.083028316497803,
        3.9636483192443848
    ]
}