{
    "description": "Pipeline parallel OPT-1.3B benchmark",
    "model_name": "opt-1.3b-pipeline",
    "model_size": 2.6503753662109375,
    "max_prompt_len": 48,
    "max_new_tokens": 96,
    "dtype": "float32",
    "model_config_dir": null,
    "data_size": 48,
    "batch_size": 48,
    "inference_time": 12.44788798799982,
    "throughput": 370.1832796408729,
    "max_memory_allocated_per_device": [
        4.083728313446045,
        3.9636597633361816
    ]
}