{
    "description": "Pipeline parallel OPT-6.7B benchmark",
    "model_name": "opt-6.7b",
    "model_size": 3.3843536376953125,
    "max_prompt_len": 512,
    "max_new_tokens": 256,
    "dtype": "float16",
    "model_config_dir": null,
    "data_size": 48,
    "batch_size": 48,
    "inference_time": 71.86839189099919,
    "throughput": 170.97919790158755,
    "max_memory_allocated_per_device": [
        9.412740707397461,
        9.013555526733398,
        9.013555526733398,
        9.078877449035645
    ]
}