{
    "description": "Pipeline parallel OPT-6.7B benchmark",
    "model_name": "opt-6.7b",
    "model_size": 3.00079345703125,
    "max_prompt_len": 256,
    "max_new_tokens": 384,
    "dtype": "float16",
    "model_config_dir": null,
    "data_size": 48,
    "batch_size": 48,
    "inference_time": 72.97427448300004,
    "throughput": 252.58216173555635,
    "max_memory_allocated_per_device": [
        7.865642070770264,
        7.466823101043701,
        7.466823101043701,
        7.382275104522705
    ]
}