{
    "description": "Pipeline parallel OPT-6.7B benchmark",
    "model_name": "opt-6.7b",
    "model_size": 3.3999786376953125,
    "max_prompt_len": 512,
    "max_new_tokens": 384,
    "dtype": "float16",
    "model_config_dir": null,
    "data_size": 16,
    "batch_size": 16,
    "inference_time": 46.970191164000425,
    "throughput": 130.8063656489645,
    "max_memory_allocated_per_device": [
        5.4882378578186035,
        5.088990688323975,
        5.088990688323975,
        5.2889604568481445
    ]
}