{
    "description": "Pipeline parallel OPT-1.3B benchmark",
    "model_name": "opt-1.3b-pipeline",
    "model_size": 2.6503753662109375,
    "max_prompt_len": 96,
    "max_new_tokens": 112,
    "dtype": "float32",
    "model_config_dir": null,
    "data_size": 48,
    "batch_size": 48,
    "inference_time": 18.03624481199995,
    "throughput": 298.06647980422275,
    "max_memory_allocated_per_device": [
        4.718186855316162,
        4.55016565322876
    ]
}