{
    "description": "Pipeline parallel OPT-1.3B benchmark",
    "model_name": "opt-1.3b-pipeline",
    "model_size": 2.6503753662109375,
    "max_prompt_len": 80,
    "max_new_tokens": 128,
    "dtype": "float32",
    "model_config_dir": null,
    "data_size": 64,
    "batch_size": 64,
    "inference_time": 22.40017442699991,
    "throughput": 365.7114379487074,
    "max_memory_allocated_per_device": [
        5.401837348937988,
        5.185369491577148
    ]
}