{
    "description": "Pipeline parallel OPT-1.3B benchmark",
    "model_name": "opt-1.3b-pipeline",
    "model_size": 2.6503753662109375,
    "max_prompt_len": 80,
    "max_new_tokens": 96,
    "dtype": "float32",
    "model_config_dir": null,
    "data_size": 40,
    "batch_size": 40,
    "inference_time": 13.29538018300002,
    "throughput": 288.8221282239052,
    "max_memory_allocated_per_device": [
        4.109326362609863,
        3.9876909255981445
    ]
}