{
    "description": "Pipeline parallel OPT-1.3B benchmark",
    "model_name": "opt-1.3b-pipeline",
    "model_size": 2.6503753662109375,
    "max_prompt_len": 64,
    "max_new_tokens": 112,
    "dtype": "float32",
    "model_config_dir": null,
    "data_size": 48,
    "batch_size": 48,
    "inference_time": 15.684157894000236,
    "throughput": 342.76625090955736,
    "max_memory_allocated_per_device": [
        4.399508953094482,
        4.256680011749268
    ]
}