{
    "description": "Pipeline parallel OPT-1.3B benchmark",
    "model_name": "opt-1.3b-pipeline",
    "model_size": 2.6347503662109375,
    "max_prompt_len": 32,
    "max_new_tokens": 112,
    "dtype": "float32",
    "model_config_dir": null,
    "data_size": 24,
    "batch_size": 24,
    "inference_time": 9.854214173999935,
    "throughput": 272.7766976175748,
    "max_memory_allocated_per_device": [
        3.3707237243652344,
        3.303168296813965
    ]
}