{
    "description": "Pipeline parallel OPT-1.3B benchmark",
    "model_name": "opt-1.3b-pipeline",
    "model_size": 2.6347503662109375,
    "max_prompt_len": 32,
    "max_new_tokens": 16,
    "dtype": "float32",
    "model_config_dir": null,
    "data_size": 48,
    "batch_size": 48,
    "inference_time": 2.8685959850001836,
    "throughput": 267.7267917879871,
    "max_memory_allocated_per_device": [
        3.273808002471924,
        3.2464518547058105
    ]
}