{
    "description": "Pipeline parallel OPT-1.3B benchmark",
    "model_name": "opt-1.3b-pipeline",
    "model_size": 2.6503753662109375,
    "max_prompt_len": 16,
    "max_new_tokens": 16,
    "dtype": "float32",
    "model_config_dir": null,
    "data_size": 8,
    "batch_size": 8,
    "inference_time": 0.610634069000298,
    "throughput": 209.61817641383112,
    "max_memory_allocated_per_device": [
        2.7144742012023926,
        2.694849967956543
    ]
}}