{
    "description": "Pipeline parallel OPT-1.3B benchmark",
    "model_name": "opt-1.3b-pipeline",
    "model_size": 2.6503753662109375,
    "max_prompt_len": 48,
    "max_new_tokens": 128,
    "dtype": "float32",
    "model_config_dir": null,
    "data_size": 56,
    "batch_size": 56,
    "inference_time": 17.57593938500031,
    "throughput": 407.83026403227854,
    "max_memory_allocated_per_device": [
        4.689685821533203,
        4.525665283203125
    ]
}