{
    "description": "Pipeline parallel OPT-1.3B benchmark",
    "model_name": "opt-1.3b-pipeline",
    "model_size": 2.6503753662109375,
    "max_prompt_len": 80,
    "max_new_tokens": 64,
    "dtype": "float32",
    "model_config_dir": null,
    "data_size": 48,
    "batch_size": 48,
    "inference_time": 10.769525035000242,
    "throughput": 285.2493485103757,
    "max_memory_allocated_per_device": [
        4.180016994476318,
        4.13506555557251
    ]
}