{
    "description": "Pipeline parallel OPT-1.3B benchmark",
    "model_name": "opt-1.3b-pipeline",
    "model_size": 2.6503753662109375,
    "max_prompt_len": 16,
    "max_new_tokens": 48,
    "dtype": "float32",
    "model_config_dir": null,
    "data_size": 40,
    "batch_size": 40,
    "inference_time": 4.774454650999985,
    "throughput": 402.14016895057654,
    "max_memory_allocated_per_device": [
        3.1931681632995605,
        3.139756679534912
    ]
}