{
    "description": "Pipeline parallel OPT-1.3B benchmark",
    "model_name": "opt-1.3b-pipeline",
    "model_size": 2.6503753662109375,
    "max_prompt_len": 64,
    "max_new_tokens": 80,
    "dtype": "float32",
    "model_config_dir": null,
    "data_size": 40,
    "batch_size": 40,
    "inference_time": 10.871664416000044,
    "throughput": 294.3431546038614,
    "max_memory_allocated_per_device": [
        3.8455915451049805,
        3.7435073852539062
    ]
}