{
    "description": "Pipeline parallel OPT-1.3B benchmark",
    "model_name": "opt-1.3b-pipeline",
    "model_size": 2.6503753662109375,
    "max_prompt_len": 48,
    "max_new_tokens": 16,
    "dtype": "float32",
    "model_config_dir": null,
    "data_size": 16,
    "batch_size": 16,
    "inference_time": 1.5454767529990932,
    "throughput": 165.64467857780207,
    "max_memory_allocated_per_device": [
        2.964871883392334,
        2.943380832672119
    ]
}