{
    "description": "Pipeline parallel OPT-1.3B benchmark",
    "model_name": "opt-1.3b-pipeline",
    "model_size": 2.6503753662109375,
    "max_prompt_len": 32,
    "max_new_tokens": 32,
    "dtype": "float32",
    "model_config_dir": null,
    "data_size": 48,
    "batch_size": 48,
    "inference_time": 4.39278434400012,
    "throughput": 349.6643312567675,
    "max_memory_allocated_per_device": [
        3.2925686836242676,
        3.2464518547058105
    ]
}