{
    "description": "Pipeline parallel OPT-1.3B benchmark",
    "model_name": "opt-1.3b-pipeline",
    "model_size": 2.6347503662109375,
    "max_prompt_len": 112,
    "max_new_tokens": 16,
    "dtype": "float32",
    "model_config_dir": null,
    "data_size": 56,
    "batch_size": 56,
    "inference_time": 8.450950075999572,
    "throughput": 106.02358219398448,
    "max_memory_allocated_per_device": [
        5.141209602355957,
        5.074938774108887
    ]
}