{
    "description": "Pipeline parallel OPT-6.7B benchmark",
    "model_name": "opt-6.7b",
    "model_size": 3.00079345703125,
    "max_prompt_len": 128,
    "max_new_tokens": 384,
    "dtype": "float16",
    "model_config_dir": null,
    "data_size": 48,
    "batch_size": 48,
    "inference_time": 57.64766024999699,
    "throughput": 319.7354397397414,
    "max_memory_allocated_per_device": [
        6.977305889129639,
        6.578120708465576,
        6.578120708465576,
        6.588100910186768
    ]
}