{
    "description": "Pipeline parallel OPT-1.3B benchmark",
    "model_name": "opt-1.3b-pipeline",
    "model_size": 2.6503753662109375,
    "max_prompt_len": 64,
    "max_new_tokens": 96,
    "dtype": "float32",
    "model_config_dir": null,
    "data_size": 40,
    "batch_size": 40,
    "inference_time": 12.654061877000004,
    "throughput": 303.4598721995801,
    "max_memory_allocated_per_device": [
        3.98020601272583,
        3.8716979026794434
    ]
}