{
    "description": "Pipeline parallel OPT-1.3B benchmark",
    "model_name": "opt-1.3b-pipeline",
    "model_size": 2.6347503662109375,
    "max_prompt_len": 16,
    "max_new_tokens": 112,
    "dtype": "float32",
    "model_config_dir": null,
    "data_size": 24,
    "batch_size": 24,
    "inference_time": 9.278121286999522,
    "throughput": 289.71382425948866,
    "max_memory_allocated_per_device": [
        3.292479991912842,
        3.229910373687744
    ]
}