{
    "description": "Pipeline parallel OPT-1.3B benchmark",
    "model_name": "opt-1.3b-pipeline",
    "model_size": 2.6503753662109375,
    "max_prompt_len": 16,
    "max_new_tokens": 16,
    "dtype": "float32",
    "model_config_dir": null,
    "data_size": 24,
    "batch_size": 24,
    "inference_time": 1.4877904639997723,
    "throughput": 258.1008611707695,
    "max_memory_allocated_per_device": [
        2.819305896759033,
        2.7989892959594727
    ]
}