{
    "description": "Pipeline parallel OPT-1.3B benchmark",
    "model_name": "opt-1.3b-pipeline",
    "model_size": 2.6503753662109375,
    "max_prompt_len": 64,
    "max_new_tokens": 32,
    "dtype": "float32",
    "model_config_dir": null,
    "data_size": 8,
    "batch_size": 8,
    "inference_time": 1.5271654980006133,
    "throughput": 167.63081691876803,
    "max_memory_allocated_per_device": [
        2.8615880012512207,
        2.8420519828796387
    ]
}