{
    "description": "Pipeline parallel OPT-6.7B benchmark",
    "model_name": "opt-6.7b",
    "model_size": 3.00079345703125,
    "max_prompt_len": 256,
    "max_new_tokens": 256,
    "dtype": "float16",
    "model_config_dir": null,
    "data_size": 32,
    "batch_size": 32,
    "inference_time": 34.68157581000196,
    "throughput": 236.20610680664274,
    "max_memory_allocated_per_device": [
        5.787926197052002,
        5.3887410163879395,
        5.3887410163879395,
        5.523217678070068
    ]
}