{
    "description": "Pipeline parallel OPT-1.3B benchmark",
    "model_name": "opt-1.3b-pipeline",
    "model_size": 2.6503753662109375,
    "max_prompt_len": 80,
    "max_new_tokens": 96,
    "dtype": "float32",
    "model_config_dir": null,
    "data_size": 48,
    "batch_size": 48,
    "inference_time": 14.634815366000112,
    "throughput": 314.8656053909225,
    "max_memory_allocated_per_device": [
        4.399510860443115,
        4.2566914558410645
    ]
}