{
    "description": "Pipeline parallel OPT-1.3B benchmark",
    "model_name": "opt-1.3b-pipeline",
    "model_size": 2.6347503662109375,
    "max_prompt_len": 80,
    "max_new_tokens": 128,
    "dtype": "float32",
    "model_config_dir": null,
    "data_size": 8,
    "batch_size": 8,
    "inference_time": 5.251247972000783,
    "throughput": 195.00126550105475,
    "max_memory_allocated_per_device": [
        3.0019216537475586,
        2.9606456756591797
    ]
}