{
    "description": "Pipeline parallel OPT-6.7B benchmark",
    "model_name": "opt-6.7b",
    "model_size": 3.00079345703125,
    "max_prompt_len": 128,
    "max_new_tokens": 512,
    "dtype": "float16",
    "model_config_dir": null,
    "data_size": 48,
    "batch_size": 48,
    "inference_time": 87.73292188599953,
    "throughput": 280.1228942532444,
    "max_memory_allocated_per_device": [
        7.868556499481201,
        7.469371318817139,
        7.469371318817139,
        7.38547945022583
    ]
}