{
    "description": "Pipeline parallel OPT-1.3B benchmark",
    "model_name": "opt-1.3b-pipeline",
    "model_size": 2.6503753662109375,
    "max_prompt_len": 64,
    "max_new_tokens": 96,
    "dtype": "float32",
    "model_config_dir": null,
    "data_size": 48,
    "batch_size": 48,
    "inference_time": 13.743081241000255,
    "throughput": 335.295987791499,
    "max_memory_allocated_per_device": [
        4.241968631744385,
        4.110175609588623
    ]
}