{
    "description": "Pipeline parallel OPT-1.3B benchmark",
    "model_name": "opt-1.3b-pipeline",
    "model_size": 2.6503753662109375,
    "max_prompt_len": 16,
    "max_new_tokens": 48,
    "dtype": "float32",
    "model_config_dir": null,
    "data_size": 56,
    "batch_size": 56,
    "inference_time": 5.435225172999708,
    "throughput": 494.5517277468174,
    "max_memory_allocated_per_device": [
        3.397413730621338,
        3.329185962677002
    ]
}