{
    "description": "Pipeline parallel OPT-1.3B benchmark",
    "model_name": "opt-1.3b",
    "model_size": 2.6503753662109375,
    "dtype": "float32",
    "max_prompt_len": 256,
    "max_new_tokens": 1,
    "model_config_dir": null,
    "data_size": 16,
    "batch_size": 16,
    "inference_time": 4.161308654000095,
    "throughput": 3.84494430246597,
    "max_memory_allocated_per_device": [
        4.20720100402832,
        4.19157600402832
    ]
}