{
    "description": "Pipeline parallel OPT-1.3B benchmark",
    "model_name": "opt-1.3b-pipeline",
    "model_size": 2.6503753662109375,
    "max_prompt_len": 16,
    "max_new_tokens": 96,
    "dtype": "float32",
    "model_config_dir": null,
    "data_size": 48,
    "batch_size": 48,
    "inference_time": 9.922414936999985,
    "throughput": 464.4030741767403,
    "max_memory_allocated_per_device": [
        3.766549587249756,
        3.670628070831299
    ]
}