{
    "description": "Pipeline parallel OPT-1.3B benchmark",
    "model_name": "opt-1.3b-pipeline",
    "model_size": 2.6503753662109375,
    "max_prompt_len": 32,
    "max_new_tokens": 32,
    "dtype": "float32",
    "model_config_dir": null,
    "data_size": 32,
    "batch_size": 32,
    "inference_time": 3.5227651150016754,
    "throughput": 290.6807483812366,
    "max_memory_allocated_per_device": [
        3.080671787261963,
        3.0451979637145996
    ]
}