{
    "description": "Pipeline parallel OPT-1.3B benchmark",
    "model_name": "opt-1.3b-pipeline",
    "model_size": 2.6503753662109375,
    "max_prompt_len": 64,
    "max_new_tokens": 64,
    "dtype": "float32",
    "model_config_dir": null,
    "data_size": 48,
    "batch_size": 48,
    "inference_time": 10.007767094999963,
    "throughput": 306.961580024661,
    "max_memory_allocated_per_device": [
        3.9247937202453613,
        3.8388609886169434
    ]
}