{
    "description": "Pipeline parallel OPT-1.3B benchmark",
    "model_name": "opt-1.3b-pipeline",
    "model_size": 2.6503753662109375,
    "max_prompt_len": 80,
    "max_new_tokens": 32,
    "dtype": "float32",
    "model_config_dir": null,
    "data_size": 32,
    "batch_size": 32,
    "inference_time": 5.660650165002153,
    "throughput": 180.89794814225382,
    "max_memory_allocated_per_device": [
        3.672783374786377,
        3.6376070976257324
    ]
}