{
    "description": "Pipeline parallel OPT-6.7B benchmark",
    "model_name": "opt-6.7b",
    "model_size": 3.3843536376953125,
    "max_prompt_len": 256,
    "max_new_tokens": 512,
    "dtype": "float16",
    "model_config_dir": null,
    "data_size": 16,
    "batch_size": 16,
    "inference_time": 51.19819243500024,
    "throughput": 160.00564884005092,
    "max_memory_allocated_per_device": [
        5.192202091217041,
        4.792577266693115,
        4.792577266693115,
        4.988729953765869
    ]
}