{
    "description": "Pipeline parallel OPT-1.3B benchmark",
    "model_name": "opt-1.3b-pipeline",
    "model_size": 2.6503753662109375,
    "max_prompt_len": 128,
    "max_new_tokens": 128,
    "dtype": "float32",
    "model_config_dir": null,
    "data_size": 48,
    "batch_size": 48,
    "inference_time": 23.591771604000314,
    "throughput": 260.4297847202878,
    "max_memory_allocated_per_device": [
        5.193638324737549,
        5.023679256439209
    ]
}