{
    "description": "Pipeline parallel OPT-1.3B benchmark",
    "model_name": "opt-1.3b-pipeline",
    "model_size": 2.6503753662109375,
    "max_prompt_len": 64,
    "max_new_tokens": 128,
    "dtype": "float32",
    "model_config_dir": null,
    "data_size": 64,
    "batch_size": 64,
    "inference_time": 20.626990134999687,
    "throughput": 397.1495572735011,
    "max_memory_allocated_per_device": [
        5.190850257873535,
        4.990724563598633
    ]
}