{
    "description": "Pipeline parallel OPT-1.3B benchmark",
    "model_name": "opt-1.3b-pipeline",
    "model_size": 2.6503753662109375,
    "max_prompt_len": 32,
    "max_new_tokens": 64,
    "dtype": "float32",
    "model_config_dir": null,
    "data_size": 16,
    "batch_size": 16,
    "inference_time": 4.00142648200017,
    "throughput": 255.9087376979969,
    "max_memory_allocated_per_device": [
        2.9765400886535645,
        2.9369254112243652
    ]
}