{
    "description": "Pipeline parallel OPT-1.3B benchmark",
    "model_name": "opt-1.3b",
    "model_size": 2.6347503662109375,
    "dtype": "float32",
    "max_prompt_len": 320,
    "max_new_tokens": 1,
    "model_config_dir": null,
    "data_size": 24,
    "batch_size": 24,
    "inference_time": 8.133439423000254,
    "throughput": 2.950781182697603,
    "max_memory_allocated_per_device": [
        5.561563491821289,
        5.545938491821289
    ]
}