{
    "description": "Pipeline parallel OPT-1.3B benchmark",
    "model_name": "opt-1.3b-pipeline",
    "model_size": 2.6347503662109375,
    "max_prompt_len": 112,
    "max_new_tokens": 112,
    "dtype": "float32",
    "model_config_dir": null,
    "data_size": 56,
    "batch_size": 56,
    "inference_time": 21.473810851000053,
    "throughput": 292.0767088580324,
    "max_memory_allocated_per_device": [
        5.245240688323975,
        5.074938774108887
    ]
}