{
    "description": "Pipeline parallel OPT-1.3B benchmark",
    "model_name": "opt-1.3b-pipeline",
    "model_size": 2.6503753662109375,
    "max_prompt_len": 96,
    "max_new_tokens": 128,
    "dtype": "float32",
    "model_config_dir": null,
    "data_size": 64,
    "batch_size": 64,
    "inference_time": 24.93134362100045,
    "throughput": 328.5823710319255,
    "max_memory_allocated_per_device": [
        5.612824440002441,
        5.38560676574707
    ]
}