{
    "description": "Pipeline parallel OPT-1.3B benchmark",
    "model_name": "opt-1.3b-pipeline",
    "model_size": 2.6503753662109375,
    "max_prompt_len": 80,
    "max_new_tokens": 16,
    "dtype": "float32",
    "model_config_dir": null,
    "data_size": 24,
    "batch_size": 24,
    "inference_time": 3.0678580580006383,
    "throughput": 125.16876359340355,
    "max_memory_allocated_per_device": [
        3.4191665649414062,
        3.3888778686523438
    ]
}