{
    "description": "Pipeline parallel OPT-1.3B benchmark",
    "model_name": "opt-1.3b-pipeline",
    "model_size": 2.6347503662109375,
    "max_prompt_len": 64,
    "max_new_tokens": 16,
    "dtype": "float32",
    "model_config_dir": null,
    "data_size": 8,
    "batch_size": 8,
    "inference_time": 1.0090486770004645,
    "throughput": 126.85215581521551,
    "max_memory_allocated_per_device": [
        2.8615880012512207,
        2.8420519828796387
    ]
}