{
    "description": "Pipeline parallel OPT-1.3B benchmark",
    "model_name": "opt-1.3b-pipeline",
    "model_size": 2.6347503662109375,
    "max_prompt_len": 80,
    "max_new_tokens": 80,
    "dtype": "float32",
    "model_config_dir": null,
    "data_size": 16,
    "batch_size": 16,
    "inference_time": 5.997365358000025,
    "throughput": 213.42705064526015,
    "max_memory_allocated_per_device": [
        3.188446521759033,
        3.14066743850708
    ]
}