{
    "description": "Pipeline parallel OPT-1.3B benchmark",
    "model_name": "opt-1.3b-pipeline",
    "model_size": 2.6503753662109375,
    "max_prompt_len": 16,
    "max_new_tokens": 32,
    "dtype": "float32",
    "model_config_dir": null,
    "data_size": 64,
    "batch_size": 64,
    "inference_time": 4.007101027999852,
    "throughput": 511.0926791437203,
    "max_memory_allocated_per_device": [
        3.2925004959106445,
        3.2319164276123047
    ]
}