{
    "description": "Pipeline parallel OPT-1.3B benchmark",
    "model_name": "opt-1.3b-pipeline",
    "model_size": 2.6503753662109375,
    "max_prompt_len": 128,
    "max_new_tokens": 48,
    "dtype": "float32",
    "model_config_dir": null,
    "data_size": 56,
    "batch_size": 56,
    "inference_time": 14.481623165999736,
    "throughput": 185.61455226310156,
    "max_memory_allocated_per_device": [
        5.490877628326416,
        5.420510768890381
    ]
}