{
    "description": "Pipeline parallel OPT-1.3B benchmark",
    "model_name": "opt-1.3b-pipeline",
    "model_size": 2.6503753662109375,
    "max_prompt_len": 128,
    "max_new_tokens": 96,
    "dtype": "float32",
    "model_config_dir": null,
    "data_size": 48,
    "batch_size": 48,
    "inference_time": 19.046617511000022,
    "throughput": 241.93272098516888,
    "max_memory_allocated_per_device": [
        5.086225986480713,
        5.023679256439209
    ]
}