{
    "description": "Pipeline parallel OPT-1.3B benchmark",
    "model_name": "opt-1.3b",
    "model_size": 2.6503753662109375,
    "dtype": "float32",
    "max_prompt_len": 128,
    "max_new_tokens": 1,
    "model_config_dir": null,
    "data_size": 24,
    "batch_size": 24,
    "inference_time": 3.377330696000172,
    "throughput": 7.1062037331504415,
    "max_memory_allocated_per_device": [
        3.820466995239258,
        3.804841995239258
    ]
}