{
    "description": "Pipeline parallel OPT-6.7B benchmark",
    "model_name": "opt-6.7b",
    "model_size": 3.00079345703125,
    "max_prompt_len": 384,
    "max_new_tokens": 128,
    "dtype": "float16",
    "model_config_dir": null,
    "data_size": 48,
    "batch_size": 48,
    "inference_time": 32.00935972300067,
    "throughput": 191.94385808302073,
    "max_memory_allocated_per_device": [
        7.911778450012207,
        7.5125932693481445,
        7.5125932693481445,
        7.660191535949707
    ]
}