{
    "description": "Pipeline parallel OPT-1.3B benchmark",
    "model_name": "opt-1.3b-pipeline",
    "model_size": 2.6503753662109375,
    "max_prompt_len": 48,
    "max_new_tokens": 112,
    "dtype": "float32",
    "model_config_dir": null,
    "data_size": 48,
    "batch_size": 48,
    "inference_time": 14.36052348300018,
    "throughput": 374.3596120548145,
    "max_memory_allocated_per_device": [
        4.242001056671143,
        4.110164165496826
    ]
}