{
    "description": "Pipeline parallel OPT-1.3B benchmark",
    "model_name": "opt-1.3b-pipeline",
    "model_size": 2.6503753662109375,
    "max_prompt_len": 112,
    "max_new_tokens": 64,
    "dtype": "float32",
    "model_config_dir": null,
    "data_size": 64,
    "batch_size": 64,
    "inference_time": 16.927629429000262,
    "throughput": 241.9712705302238,
    "max_memory_allocated_per_device": [
        5.492769718170166,
        5.422402858734131
    ]
}