{
    "description": "Pipeline parallel OPT-1.3B benchmark",
    "model_name": "opt-1.3b-pipeline",
    "model_size": 2.6503753662109375,
    "max_prompt_len": 112,
    "max_new_tokens": 112,
    "dtype": "float32",
    "model_config_dir": null,
    "data_size": 64,
    "batch_size": 64,
    "inference_time": 24.319686838000052,
    "throughput": 294.74063739997837,
    "max_memory_allocated_per_device": [
        5.612832069396973,
        5.422402858734131
    ]
}