{
    "description": "Pipeline parallel OPT-1.3B benchmark",
    "model_name": "opt-1.3b-pipeline",
    "model_size": 2.6347503662109375,
    "max_prompt_len": 16,
    "max_new_tokens": 128,
    "dtype": "float32",
    "model_config_dir": null,
    "data_size": 64,
    "batch_size": 64,
    "inference_time": 15.392442091999328,
    "throughput": 532.2092460076905,
    "max_memory_allocated_per_device": [
        4.557888984680176,
        4.403951644897461
    ]
}