{
    "description": "Pipeline parallel OPT-1.3B benchmark",
    "model_name": "opt-1.3b-pipeline",
    "model_size": 2.6503753662109375,
    "max_prompt_len": 80,
    "max_new_tokens": 112,
    "dtype": "float32",
    "model_config_dir": null,
    "data_size": 64,
    "batch_size": 64,
    "inference_time": 19.96066078700005,
    "throughput": 359.10634805579,
    "max_memory_allocated_per_device": [
        5.190857887268066,
        4.990739822387695
    ]
}