{
    "description": "Pipeline parallel OPT-1.3B benchmark",
    "model_name": "opt-1.3b-pipeline",
    "model_size": 2.6503753662109375,
    "max_prompt_len": 96,
    "max_new_tokens": 112,
    "dtype": "float32",
    "model_config_dir": null,
    "data_size": 24,
    "batch_size": 24,
    "inference_time": 12.45584660500026,
    "throughput": 215.80227223743526,
    "max_memory_allocated_per_device": [
        3.6874704360961914,
        3.596649169921875
    ]
}