{
    "description": "Pipeline parallel OPT-1.3B benchmark",
    "model_name": "opt-1.3b-pipeline",
    "model_size": 2.6503753662109375,
    "max_prompt_len": 16,
    "max_new_tokens": 128,
    "dtype": "float32",
    "model_config_dir": null,
    "data_size": 48,
    "batch_size": 48,
    "inference_time": 13.542866371999935,
    "throughput": 453.6705769099816,
    "max_memory_allocated_per_device": [
        4.08302640914917,
        3.963636875152588
    ]
}