{
    "description": "Pipeline parallel OPT-1.3B benchmark",
    "model_name": "opt-1.3b-pipeline",
    "model_size": 2.6503753662109375,
    "max_prompt_len": 80,
    "max_new_tokens": 32,
    "dtype": "float32",
    "model_config_dir": null,
    "data_size": 64,
    "batch_size": 64,
    "inference_time": 8.940359410999918,
    "throughput": 229.07356470257892,
    "max_memory_allocated_per_device": [
        4.68725061416626,
        4.632524013519287
    ]
}