{
    "description": "Pipeline parallel OPT-1.3B benchmark",
    "model_name": "opt-1.3b-pipeline",
    "model_size": 2.6503753662109375,
    "max_prompt_len": 48,
    "max_new_tokens": 80,
    "dtype": "float32",
    "model_config_dir": null,
    "data_size": 48,
    "batch_size": 48,
    "inference_time": 10.586272306999945,
    "throughput": 362.7339150780093,
    "max_memory_allocated_per_device": [
        3.9247918128967285,
        3.817155361175537
    ]
}