{
    "description": "Pipeline parallel OPT-1.3B benchmark",
    "model_name": "opt-1.3b-pipeline",
    "model_size": 2.6347503662109375,
    "max_prompt_len": 112,
    "max_new_tokens": 128,
    "dtype": "float32",
    "model_config_dir": null,
    "data_size": 48,
    "batch_size": 48,
    "inference_time": 21.579698371000177,
    "throughput": 284.7120425119843,
    "max_memory_allocated_per_device": [
        5.035398006439209,
        4.842731952667236
    ]
}