{
    "description": "Pipeline parallel OPT-1.3B benchmark",
    "model_name": "opt-1.3b-pipeline",
    "model_size": 2.6503753662109375,
    "max_prompt_len": 96,
    "max_new_tokens": 32,
    "dtype": "float32",
    "model_config_dir": null,
    "data_size": 64,
    "batch_size": 64,
    "inference_time": 11.012876631999461,
    "throughput": 185.9641280325658,
    "max_memory_allocated_per_device": [
        5.090010166168213,
        5.027463436126709
    ]
}