{
    "description": "Pipeline parallel OPT-1.3B benchmark",
    "model_name": "opt-1.3b-pipeline",
    "model_size": 2.6503753662109375,
    "max_prompt_len": 96,
    "max_new_tokens": 128,
    "dtype": "float32",
    "model_config_dir": null,
    "data_size": 8,
    "batch_size": 8,
    "inference_time": 5.441058688000339,
    "throughput": 188.1986684426544,
    "max_memory_allocated_per_device": [
        3.0281729698181152,
        2.9850258827209473
    ]
}}