{
    "description": "Pipeline parallel OPT-1.3B benchmark",
    "model_name": "opt-1.3b-pipeline",
    "model_size": 2.6503753662109375,
    "max_prompt_len": 64,
    "max_new_tokens": 64,
    "dtype": "float32",
    "model_config_dir": null,
    "data_size": 40,
    "batch_size": 40,
    "inference_time": 9.153529887000104,
    "throughput": 279.6735283112722,
    "max_memory_allocated_per_device": [
        3.7146553993225098,
        3.6394991874694824
    ]
}