{
    "description": "Pipeline parallel OPT-1.3B benchmark",
    "model_name": "opt-1.3b-pipeline",
    "model_size": 2.6503753662109375,
    "max_prompt_len": 64,
    "max_new_tokens": 96,
    "dtype": "float32",
    "model_config_dir": null,
    "data_size": 8,
    "batch_size": 8,
    "inference_time": 3.7962475740005175,
    "throughput": 202.30503544074054,
    "max_memory_allocated_per_device": [
        2.9241347312927246,
        2.8894333839416504
    ]
}