{
    "description": "Pipeline parallel OPT-1.3B benchmark",
    "model_name": "opt-1.3b-pipeline",
    "model_size": 2.6503753662109375,
    "max_prompt_len": 16,
    "max_new_tokens": 112,
    "dtype": "float32",
    "model_config_dir": null,
    "data_size": 56,
    "batch_size": 56,
    "inference_time": 12.611225414999808,
    "throughput": 497.33469933382327,
    "max_memory_allocated_per_device": [
        4.135849475860596,
        4.01287317276001
    ]
}