{
    "description": "Pipeline parallel OPT-1.3B benchmark",
    "model_name": "opt-1.3b-pipeline",
    "model_size": 2.6503753662109375,
    "max_prompt_len": 64,
    "max_new_tokens": 64,
    "dtype": "float32",
    "model_config_dir": null,
    "data_size": 32,
    "batch_size": 32,
    "inference_time": 7.870537153998157,
    "throughput": 260.21095637159095,
    "max_memory_allocated_per_device": [
        3.5026535987854004,
        3.4401373863220215
    ]
}