{
    "description": "Pipeline parallel OPT-1.3B benchmark",
    "model_name": "opt-1.3b-pipeline",
    "model_size": 2.6503753662109375,
    "max_prompt_len": 16,
    "max_new_tokens": 48,
    "dtype": "float32",
    "model_config_dir": null,
    "data_size": 8,
    "batch_size": 8,
    "inference_time": 1.625612113999523,
    "throughput": 236.2187121349864,
    "max_memory_allocated_per_device": [
        2.7663302421569824,
        2.742856502532959
    ]
}