{
    "description": "Pipeline parallel OPT-1.3B benchmark",
    "model_name": "opt-1.3b-pipeline",
    "model_size": 2.6503753662109375,
    "max_prompt_len": 32,
    "max_new_tokens": 96,
    "dtype": "float32",
    "model_config_dir": null,
    "data_size": 48,
    "batch_size": 48,
    "inference_time": 11.046917730000132,
    "throughput": 417.12992824107374,
    "max_memory_allocated_per_device": [
        3.9251561164855957,
        3.8171439170837402
    ]
}