{
    "description": "Pipeline parallel OPT-1.3B benchmark",
    "model_name": "opt-1.3b-pipeline",
    "model_size": 2.6503753662109375,
    "max_prompt_len": 48,
    "max_new_tokens": 128,
    "dtype": "float32",
    "model_config_dir": null,
    "data_size": 24,
    "batch_size": 24,
    "inference_time": 11.976146003000395,
    "throughput": 256.5098988631542,
    "max_memory_allocated_per_device": [
        3.528970718383789,
        3.4502716064453125
    ]
}