{
    "description": "Pipeline parallel OPT-6.7B benchmark",
    "model_name": "opt-6.7b",
    "model_size": 3.00079345703125,
    "max_prompt_len": 128,
    "max_new_tokens": 128,
    "dtype": "float16",
    "model_config_dir": null,
    "data_size": 16,
    "batch_size": 16,
    "inference_time": 9.39529536199916,
    "throughput": 217.98143869786975,
    "max_memory_allocated_per_device": [
        4.00452184677124,
        3.6054587364196777,
        3.6052145957946777,
        3.926992893218994
    ]
}