{
    "description": "Pipeline parallel OPT-1.3B benchmark",
    "model_name": "opt-1.3b-pipeline",
    "model_size": 2.6503753662109375,
    "max_prompt_len": 48,
    "max_new_tokens": 48,
    "dtype": "float32",
    "model_config_dir": null,
    "data_size": 24,
    "batch_size": 24,
    "inference_time": 4.936475521999455,
    "throughput": 233.36487639128362,
    "max_memory_allocated_per_device": [
        3.1333365440368652,
        3.0926733016967773
    ]
}