{
    "description": "Pipeline parallel OPT-1.3B benchmark",
    "model_name": "opt-1.3b-pipeline",
    "model_size": 2.6503753662109375,
    "max_prompt_len": 32,
    "max_new_tokens": 32,
    "dtype": "float32",
    "model_config_dir": null,
    "data_size": 16,
    "batch_size": 16,
    "inference_time": 2.162394660001155,
    "throughput": 236.77453957443944,
    "max_memory_allocated_per_device": [
        2.8705391883850098,
        2.8439440727233887
    ]
}