{
    "description": "Pipeline parallel OPT-1.3B benchmark",
    "model_name": "opt-1.3b-pipeline",
    "model_size": 2.6347503662109375,
    "max_prompt_len": 16,
    "max_new_tokens": 32,
    "dtype": "float32",
    "model_config_dir": null,
    "data_size": 24,
    "batch_size": 24,
    "inference_time": 2.7041254239993577,
    "throughput": 284.01049492154857,
    "max_memory_allocated_per_device": [
        2.8961524963378906,
        2.863649368286133
    ]
}