{
    "description": "Pipeline parallel OPT-1.3B benchmark",
    "model_name": "opt-1.3b-pipeline",
    "model_size": 2.6503753662109375,
    "max_prompt_len": 32,
    "max_new_tokens": 16,
    "dtype": "float32",
    "model_config_dir": null,
    "data_size": 8,
    "batch_size": 8,
    "inference_time": 0.7164082259987481,
    "throughput": 178.66908189329428,
    "max_memory_allocated_per_device": [
        2.7617831230163574,
        2.744202136993408
    ]
}