{
    "description": "Pipeline parallel OPT-1.3B benchmark",
    "model_name": "opt-1.3b-pipeline",
    "model_size": 2.6503753662109375,
    "max_prompt_len": 32,
    "max_new_tokens": 80,
    "dtype": "float32",
    "model_config_dir": null,
    "data_size": 64,
    "batch_size": 64,
    "inference_time": 10.976043442000446,
    "throughput": 466.4704569597486,
    "max_memory_allocated_per_device": [
        4.135937690734863,
        4.018171310424805
    ]
}