{
    "description": "Pipeline parallel OPT-1.3B benchmark",
    "model_name": "opt-1.3b-pipeline",
    "model_size": 2.6347503662109375,
    "max_prompt_len": 80,
    "max_new_tokens": 112,
    "dtype": "float32",
    "model_config_dir": null,
    "data_size": 40,
    "batch_size": 40,
    "inference_time": 15.139153985000007,
    "throughput": 295.92142364354174,
    "max_memory_allocated_per_device": [
        4.243330478668213,
        4.113745212554932
    ]
}