{
    "description": "Pipeline parallel OPT-1.3B benchmark",
    "model_name": "opt-1.3b-pipeline",
    "model_size": 2.6503753662109375,
    "max_prompt_len": 96,
    "max_new_tokens": 112,
    "dtype": "float32",
    "model_config_dir": null,
    "data_size": 64,
    "batch_size": 64,
    "inference_time": 22.452002798999274,
    "throughput": 319.2588235522352,
    "max_memory_allocated_per_device": [
        5.4018449783325195,
        5.185384750366211
    ]
}