{
    "description": "Pipeline parallel OPT-1.3B benchmark",
    "model_name": "opt-1.3b-pipeline",
    "model_size": 2.6347503662109375,
    "max_prompt_len": 32,
    "max_new_tokens": 96,
    "dtype": "float32",
    "model_config_dir": null,
    "data_size": 24,
    "batch_size": 24,
    "inference_time": 8.448362987999644,
    "throughput": 272.715554868166,
    "max_memory_allocated_per_device": [
        3.292473316192627,
        3.2299160957336426
    ]
}
}