{
    "description": "Pipeline parallel OPT-1.3B benchmark",
    "model_name": "opt-1.3b-pipeline",
    "model_size": 2.6503753662109375,
    "max_prompt_len": 16,
    "max_new_tokens": 128,
    "dtype": "float32",
    "model_config_dir": null,
    "data_size": 56,
    "batch_size": 56,
    "inference_time": 14.530491534999783,
    "throughput": 493.3074688309302,
    "max_memory_allocated_per_device": [
        4.32045841217041,
        4.183794975280762
    ]
}