{
    "description": "Pipeline parallel OPT-1.3B benchmark",
    "model_name": "opt-1.3b-pipeline",
    "model_size": 2.6503753662109375,
    "max_prompt_len": 32,
    "max_new_tokens": 64,
    "dtype": "float32",
    "model_config_dir": null,
    "data_size": 40,
    "batch_size": 40,
    "inference_time": 7.067182806000005,
    "throughput": 362.23769361485483,
    "max_memory_allocated_per_device": [
        3.4499897956848145,
        3.377227306365967
    ]
}