{
    "description": "Pipeline parallel OPT-1.3B benchmark",
    "model_name": "opt-1.3b-pipeline",
    "model_size": 2.6503753662109375,
    "max_prompt_len": 16,
    "max_new_tokens": 64,
    "dtype": "float32",
    "model_config_dir": null,
    "data_size": 16,
    "batch_size": 16,
    "inference_time": 3.69746025799941,
    "throughput": 276.9468577206715,
    "max_memory_allocated_per_device": [
        2.9253249168395996,
        2.890839099884033
    ]
}}