{
    "description": "Pipeline parallel OPT-1.3B benchmark",
    "model_name": "opt-1.3b-pipeline",
    "model_size": 2.6503753662109375,
    "max_prompt_len": 64,
    "max_new_tokens": 128,
    "dtype": "float32",
    "model_config_dir": null,
    "data_size": 16,
    "batch_size": 16,
    "inference_time": 8.698738064000281,
    "throughput": 235.43644893454672,
    "max_memory_allocated_per_device": [
        3.2915940284729004,
        3.229520320892334
    ]
}