{
    "description": "Pipeline parallel OPT-1.3B benchmark",
    "model_name": "opt-1.3b-pipeline",
    "model_size": 2.6503753662109375,
    "max_prompt_len": 64,
    "max_new_tokens": 128,
    "dtype": "float32",
    "model_config_dir": null,
    "data_size": 56,
    "batch_size": 56,
    "inference_time": 19.57768998199981,
    "throughput": 366.1310403112128,
    "max_memory_allocated_per_device": [
        4.87443208694458,
        4.696600437164307
    ]
}