{
    "description": "Pipeline parallel OPT-1.3B benchmark",
    "model_name": "opt-1.3b-pipeline",
    "model_size": 2.6347503662109375,
    "max_prompt_len": 80,
    "max_new_tokens": 48,
    "dtype": "float32",
    "model_config_dir": null,
    "data_size": 8,
    "batch_size": 8,
    "inference_time": 2.241464517001077,
    "throughput": 171.3165642763621,
    "max_memory_allocated_per_device": [
        2.911932945251465,
        2.8914194107055664
    ]
}}