{
    "description": "Pipeline parallel OPT-1.3B benchmark",
    "model_name": "opt-1.3b-pipeline",
    "model_size": 2.6503753662109375,
    "max_prompt_len": 128,
    "max_new_tokens": 128,
    "dtype": "float32",
    "model_config_dir": null,
    "data_size": 64,
    "batch_size": 64,
    "inference_time": 27.96407557099974,
    "throughput": 292.9472844257204,
    "max_memory_allocated_per_device": [
        6.035553932189941,
        5.818318843841553
    ]
}