{
    "description": "Pipeline parallel OPT-1.3B benchmark",
    "model_name": "opt-1.3b-pipeline",
    "model_size": 2.6503753662109375,
    "max_prompt_len": 80,
    "max_new_tokens": 32,
    "dtype": "float32",
    "model_config_dir": null,
    "data_size": 56,
    "batch_size": 56,
    "inference_time": 8.765673492000133,
    "throughput": 204.43380667046785,
    "max_memory_allocated_per_device": [
        4.433633804321289,
        4.384634017944336
    ]
}