{
    "description": "Pipeline parallel OPT-1.3B benchmark",
    "model_name": "opt-1.3b-pipeline",
    "model_size": 2.6503753662109375,
    "max_prompt_len": 32,
    "max_new_tokens": 48,
    "dtype": "float32",
    "model_config_dir": null,
    "data_size": 64,
    "batch_size": 64,
    "inference_time": 7.166981912000665,
    "throughput": 428.6323082323017,
    "max_memory_allocated_per_device": [
        3.7139787673950195,
        3.622610092163086
    ]
}