{
    "description": "Pipeline parallel OPT-1.3B benchmark",
    "model_name": "opt-1.3b-pipeline",
    "model_size": 2.6503753662109375,
    "max_prompt_len": 48,
    "max_new_tokens": 64,
    "dtype": "float32",
    "model_config_dir": null,
    "data_size": 8,
    "batch_size": 8,
    "inference_time": 2.5353655819999403,
    "throughput": 201.94326358099627,
    "max_memory_allocated_per_device": [
        2.843369483947754,
        2.8140153884887695
    ]
}