{
    "description": "Pipeline parallel OPT-1.3B benchmark",
    "model_name": "opt-1.3b-pipeline",
    "model_size": 2.6347503662109375,
    "max_prompt_len": 16,
    "max_new_tokens": 16,
    "dtype": "float32",
    "model_config_dir": null,
    "data_size": 40,
    "batch_size": 40,
    "inference_time": 1.9088165580000123,
    "throughput": 335.28627846280233,
    "max_memory_allocated_per_device": [
        2.928010940551758,
        2.89975643157959
    ]
}