{
    "description": "Pipeline parallel OPT-1.3B benchmark",
    "model_name": "opt-1.3b-pipeline",
    "model_size": 2.6347503662109375,
    "max_prompt_len": 96,
    "max_new_tokens": 16,
    "dtype": "float32",
    "model_config_dir": null,
    "data_size": 24,
    "batch_size": 24,
    "inference_time": 3.741265945998748,
    "throughput": 102.63905467898766,
    "max_memory_allocated_per_device": [
        3.5703539848327637,
        3.537132740020752
    ]
}}