{
    "description": "Pipeline parallel OPT-1.3B benchmark",
    "model_name": "opt-1.3b-pipeline",
    "model_size": 2.6503753662109375,
    "max_prompt_len": 16,
    "max_new_tokens": 32,
    "dtype": "float32",
    "model_config_dir": null,
    "data_size": 56,
    "batch_size": 56,
    "inference_time": 3.80904153199981,
    "throughput": 470.4595591687262,
    "max_memory_allocated_per_device": [
        3.2136592864990234,
        3.15826416015625
    ]
}