{
    "description": "Pipeline parallel OPT-1.3B benchmark",
    "model_name": "opt-1.3b-pipeline",
    "model_size": 2.6503753662109375,
    "max_prompt_len": 80,
    "max_new_tokens": 112,
    "dtype": "float32",
    "model_config_dir": null,
    "data_size": 56,
    "batch_size": 56,
    "inference_time": 18.9806485969998,
    "throughput": 330.44181646097127,
    "max_memory_allocated_per_device": [
        4.874304294586182,
        4.696613788604736
    ]
}