{
    "description": "Pipeline parallel OPT-1.3B benchmark",
    "model_name": "opt-1.3b-pipeline",
    "model_size": 2.6503753662109375,
    "max_prompt_len": 80,
    "max_new_tokens": 80,
    "dtype": "float32",
    "model_config_dir": null,
    "data_size": 48,
    "batch_size": 48,
    "inference_time": 12.669960341000206,
    "throughput": 303.0790860152652,
    "max_memory_allocated_per_device": [
        4.241272449493408,
        4.13506555557251
    ]
}