{
    "description": "Pipeline parallel OPT-1.3B benchmark",
    "model_name": "opt-1.3b-pipeline",
    "model_size": 2.6503753662109375,
    "max_prompt_len": 48,
    "max_new_tokens": 32,
    "dtype": "float32",
    "model_config_dir": null,
    "data_size": 8,
    "batch_size": 8,
    "inference_time": 1.384914411999489,
    "throughput": 184.84896812532736,
    "max_memory_allocated_per_device": [
        2.811594009399414,
        2.7930355072021484
    ]
}}