{
    "description": "Pipeline parallel OPT-1.3B benchmark",
    "model_name": "opt-1.3b-pipeline",
    "model_size": 2.6347503662109375,
    "max_prompt_len": 128,
    "max_new_tokens": 80,
    "dtype": "float32",
    "model_config_dir": null,
    "data_size": 32,
    "batch_size": 32,
    "inference_time": 12.232441150998056,
    "throughput": 209.27956802728025,
    "max_memory_allocated_per_device": [
        4.277410984039307,
        4.230504512786865
    ]
}