{
    "description": "Pipeline parallel OPT-1.3B benchmark",
    "model_name": "opt-1.3b-pipeline",
    "model_size": 2.6503753662109375,
    "max_prompt_len": 48,
    "max_new_tokens": 64,
    "dtype": "float32",
    "model_config_dir": null,
    "data_size": 16,
    "batch_size": 16,
    "inference_time": 4.324371505999807,
    "throughput": 236.79741635964007,
    "max_memory_allocated_per_device": [
        3.027888774871826,
        2.9854531288146973
    ]
}