{
    "description": "Pipeline parallel OPT-1.3B benchmark",
    "model_name": "opt-1.3b-pipeline",
    "model_size": 2.6503753662109375,
    "max_prompt_len": 64,
    "max_new_tokens": 80,
    "dtype": "float32",
    "model_config_dir": null,
    "data_size": 56,
    "batch_size": 56,
    "inference_time": 13.179812736999793,
    "throughput": 339.91378249428845,
    "max_memory_allocated_per_device": [
        4.320472717285156,
        4.183835029602051
    ]
}