{
    "description": "Pipeline parallel OPT-1.3B benchmark",
    "model_name": "opt-1.3b-pipeline",
    "model_size": 2.6347503662109375,
    "max_prompt_len": 112,
    "max_new_tokens": 112,
    "dtype": "float32",
    "model_config_dir": null,
    "data_size": 16,
    "batch_size": 16,
    "inference_time": 8.916226888000892,
    "throughput": 200.98187523823594,
    "max_memory_allocated_per_device": [
        3.3970227241516113,
        3.337954044342041
    ]
}