{
    "description": "Pipeline parallel OPT-1.3B benchmark",
    "model_name": "opt-1.3b-pipeline",
    "model_size": 2.6503753662109375,
    "max_prompt_len": 64,
    "max_new_tokens": 32,
    "dtype": "float32",
    "model_config_dir": null,
    "data_size": 48,
    "batch_size": 48,
    "inference_time": 6.530215389000205,
    "throughput": 235.21429363376117,
    "max_memory_allocated_per_device": [
        3.8779473304748535,
        3.8388609886169434
    ]
}