{
    "description": "Pipeline parallel OPT-1.3B benchmark",
    "model_name": "opt-1.3b-pipeline",
    "model_size": 2.6503753662109375,
    "max_prompt_len": 48,
    "max_new_tokens": 112,
    "dtype": "float32",
    "model_config_dir": null,
    "data_size": 40,
    "batch_size": 40,
    "inference_time": 13.091926265000097,
    "throughput": 342.19563334822726,
    "max_memory_allocated_per_device": [
        3.9838690757751465,
        3.8716883659362793
    ]
}