{
    "description": "Pipeline parallel OPT-6.7B benchmark",
    "model_name": "opt-6.7b",
    "model_size": 3.3843536376953125,
    "max_prompt_len": 128,
    "max_new_tokens": 512,
    "dtype": "float16",
    "model_config_dir": null,
    "data_size": 16,
    "batch_size": 16,
    "inference_time": 44.56114862499817,
    "throughput": 183.83727199088412,
    "max_memory_allocated_per_device": [
        4.896334171295166,
        4.49670934677124,
        4.49670934677124,
        4.724127292633057
    ]
}