{
    "description": "Pipeline parallel OPT-1.3B benchmark",
    "model_name": "opt-1.3b-pipeline",
    "model_size": 2.6503753662109375,
    "max_prompt_len": 128,
    "max_new_tokens": 128,
    "dtype": "float32",
    "model_config_dir": null,
    "data_size": 32,
    "batch_size": 32,
    "inference_time": 17.612438521002332,
    "throughput": 232.56291257542995,
    "max_memory_allocated_per_device": [
        4.347105503082275,
        4.230504512786865
    ]
}