{
    "description": "Pipeline parallel OPT-1.3B benchmark",
    "model_name": "opt-1.3b-pipeline",
    "model_size": 2.6503753662109375,
    "max_prompt_len": 64,
    "max_new_tokens": 64,
    "dtype": "float32",
    "model_config_dir": null,
    "data_size": 24,
    "batch_size": 24,
    "inference_time": 6.705872178999925,
    "throughput": 229.0529790904947,
    "max_memory_allocated_per_device": [
        3.29158353805542,
        3.2407755851745605
    ]
}