{
    "description": "Pipeline parallel OPT-1.3B benchmark",
    "model_name": "opt-1.3b-pipeline",
    "model_size": 2.6503753662109375,
    "max_prompt_len": 96,
    "max_new_tokens": 64,
    "dtype": "float32",
    "model_config_dir": null,
    "data_size": 32,
    "batch_size": 32,
    "inference_time": 9.41416992899758,
    "throughput": 217.54440544903898,
    "max_memory_allocated_per_device": [
        3.8750176429748535,
        3.8359313011169434
    ]
}