{
    "description": "Pipeline parallel OPT-1.3B benchmark",
    "model_name": "opt-1.3b-pipeline",
    "model_size": 2.6347503662109375,
    "max_prompt_len": 16,
    "max_new_tokens": 96,
    "dtype": "float32",
    "model_config_dir": null,
    "data_size": 24,
    "batch_size": 24,
    "inference_time": 7.907305155000358,
    "throughput": 291.37613318780484,
    "max_memory_allocated_per_device": [
        3.2124767303466797,
        3.157473564147949
    ]
}