{
    "description": "Pipeline parallel OPT-1.3B benchmark",
    "model_name": "opt-1.3b-pipeline",
    "model_size": 2.6503753662109375,
    "max_prompt_len": 64,
    "max_new_tokens": 128,
    "dtype": "float32",
    "model_config_dir": null,
    "data_size": 40,
    "batch_size": 40,
    "inference_time": 16.362162537000017,
    "throughput": 312.9170724482209,
    "max_memory_allocated_per_device": [
        4.244857311248779,
        4.113735675811768
    ]
}