{
    "description": "Pipeline parallel OPT-1.3B benchmark",
    "model_name": "opt-1.3b-pipeline",
    "model_size": 2.6503753662109375,
    "max_prompt_len": 112,
    "max_new_tokens": 48,
    "dtype": "float32",
    "model_config_dir": null,
    "data_size": 24,
    "batch_size": 24,
    "inference_time": 6.872778513001322,
    "throughput": 167.61779792855933,
    "max_memory_allocated_per_device": [
        3.7225332260131836,
        3.6863794326782227
    ]
}