{
    "description": "Pipeline parallel OPT-1.3B benchmark",
    "model_name": "opt-1.3b-pipeline",
    "model_size": 2.6503753662109375,
    "max_prompt_len": 16,
    "max_new_tokens": 64,
    "dtype": "float32",
    "model_config_dir": null,
    "data_size": 56,
    "batch_size": 56,
    "inference_time": 7.093678685000214,
    "throughput": 505.2385594484947,
    "max_memory_allocated_per_device": [
        3.5820226669311523,
        3.500107765197754
    ]
}