{
    "description": "Pipeline parallel OPT-1.3B benchmark",
    "model_name": "opt-1.3b-pipeline",
    "model_size": 2.6503753662109375,
    "max_prompt_len": 96,
    "max_new_tokens": 112,
    "dtype": "float32",
    "model_config_dir": null,
    "data_size": 32,
    "batch_size": 32,
    "inference_time": 14.437050122000073,
    "throughput": 248.2501598119742,
    "max_memory_allocated_per_device": [
        4.03013277053833,
        3.9140372276306152
    ]
}