{
    "description": "Pipeline parallel OPT-1.3B benchmark",
    "model_name": "opt-1.3b-pipeline",
    "model_size": 2.6503753662109375,
    "max_prompt_len": 64,
    "max_new_tokens": 32,
    "dtype": "float32",
    "model_config_dir": null,
    "data_size": 32,
    "batch_size": 32,
    "inference_time": 4.905610874997365,
    "throughput": 208.7405679115448,
    "max_memory_allocated_per_device": [
        3.4714035987854004,
        3.4401373863220215
    ]
}