{
    "description": "Pipeline parallel OPT-1.3B benchmark",
    "model_name": "opt-1.3b-pipeline",
    "model_size": 2.6503753662109375,
    "max_prompt_len": 32,
    "max_new_tokens": 112,
    "dtype": "float32",
    "model_config_dir": null,
    "data_size": 40,
    "batch_size": 40,
    "inference_time": 12.094993878000025,
    "throughput": 370.40117962761576,
    "max_memory_allocated_per_device": [
        3.8455934524536133,
        3.744131088256836
    ]
}