{
    "description": "Pipeline parallel OPT-1.3B benchmark",
    "model_name": "opt-1.3b-pipeline",
    "model_size": 2.6503753662109375,
    "max_prompt_len": 80,
    "max_new_tokens": 112,
    "dtype": "float32",
    "model_config_dir": null,
    "data_size": 48,
    "batch_size": 48,
    "inference_time": 16.678987304999737,
    "throughput": 322.3217274341636,
    "max_memory_allocated_per_device": [
        4.557749271392822,
        4.403850078582764
    ]
}