{
    "description": "Pipeline parallel OPT-1.3B benchmark",
    "model_name": "opt-1.3b-pipeline",
    "model_size": 2.6503753662109375,
    "max_prompt_len": 64,
    "max_new_tokens": 48,
    "dtype": "float32",
    "model_config_dir": null,
    "data_size": 8,
    "batch_size": 8,
    "inference_time": 2.1227042310001707,
    "throughput": 180.9013212448669,
    "max_memory_allocated_per_device": [
        2.8615880012512207,
        2.8420519828796387
    ]
}