{
    "description": "Pipeline parallel OPT-1.3B benchmark",
    "model_name": "opt-1.3b-pipeline",
    "model_size": 2.6347503662109375,
    "max_prompt_len": 80,
    "max_new_tokens": 64,
    "dtype": "float32",
    "model_config_dir": null,
    "data_size": 8,
    "batch_size": 8,
    "inference_time": 2.8257403480001813,
    "throughput": 181.1914531929128,
    "max_memory_allocated_per_device": [
        2.911932945251465,
        2.8914194107055664
    ]
}