{
    "description": "Pipeline parallel OPT-1.3B benchmark",
    "model_name": "opt-1.3b-pipeline",
    "model_size": 2.6503753662109375,
    "max_prompt_len": 128,
    "max_new_tokens": 128,
    "dtype": "float32",
    "model_config_dir": null,
    "data_size": 8,
    "batch_size": 8,
    "inference_time": 5.816830564001066,
    "throughput": 176.04088493436345,
    "max_memory_allocated_per_device": [
        3.0809197425842285,
        3.0395216941833496
    ]
}