{
    "description": "Pipeline parallel OPT-1.3B benchmark",
    "model_name": "opt-1.3b-pipeline",
    "model_size": 2.6347503662109375,
    "max_prompt_len": 64,
    "max_new_tokens": 80,
    "dtype": "float32",
    "model_config_dir": null,
    "data_size": 32,
    "batch_size": 32,
    "inference_time": 9.414100062000216,
    "throughput": 271.93252495088484,
    "max_memory_allocated_per_device": [
        3.6081509590148926,
        3.523343563079834
    ]
}