{
    "description": "Pipeline parallel OPT-1.3B benchmark",
    "model_name": "opt-1.3b-pipeline",
    "model_size": 2.6503753662109375,
    "max_prompt_len": 32,
    "max_new_tokens": 64,
    "dtype": "float32",
    "model_config_dir": null,
    "data_size": 56,
    "batch_size": 56,
    "inference_time": 8.261894546999883,
    "throughput": 433.79880723622244,
    "max_memory_allocated_per_device": [
        3.767063617706299,
        3.6710429191589355
    ]
}