{
    "description": "Pipeline parallel OPT-1.3B benchmark",
    "model_name": "opt-1.3b-pipeline",
    "model_size": 2.6347503662109375,
    "max_prompt_len": 16,
    "max_new_tokens": 16,
    "dtype": "float32",
    "model_config_dir": null,
    "data_size": 16,
    "batch_size": 16,
    "inference_time": 1.0195149430001038,
    "throughput": 251.09980168282235,
    "max_memory_allocated_per_device": [
        2.768332004547119,
        2.747377395629883
    ]
}