{
    "description": "Pipeline parallel OPT-6.7B benchmark",
    "model_name": "opt-6.7b",
    "model_size": 3.00079345703125,
    "max_prompt_len": 512,
    "max_new_tokens": 512,
    "dtype": "float16",
    "model_config_dir": null,
    "data_size": 48,
    "batch_size": 48,
    "inference_time": 145.54458350799905,
    "throughput": 168.8554764983701,
    "max_memory_allocated_per_device": [
        10.539424896240234,
        10.139507293701172,
        10.139507293701172,
        9.774227142333984
    ]
}