{
    "description": "Pipeline parallel OPT-1.3B benchmark",
    "model_name": "opt-1.3b-pipeline",
    "model_size": 2.6347503662109375,
    "max_prompt_len": 16,
    "max_new_tokens": 32,
    "dtype": "float32",
    "model_config_dir": null,
    "data_size": 8,
    "batch_size": 8,
    "inference_time": 1.1514151789997413,
    "throughput": 222.33509221442833,
    "max_memory_allocated_per_device": [
        2.738112449645996,
        2.7178945541381836
    ]
}