{
    "description": "Pipeline parallel OPT-1.3B benchmark",
    "model_name": "opt-1.3b-pipeline",
    "model_size": 2.6503753662109375,
    "max_prompt_len": 32,
    "max_new_tokens": 80,
    "dtype": "float32",
    "model_config_dir": null,
    "data_size": 48,
    "batch_size": 48,
    "inference_time": 9.284245397000177,
    "throughput": 413.60388871676514,
    "max_memory_allocated_per_device": [
        3.7665514945983887,
        3.6706395149230957
    ]
}