{
    "description": "Pipeline parallel OPT-1.3B benchmark",
    "model_name": "opt-1.3b-pipeline",
    "model_size": 2.6503753662109375,
    "max_prompt_len": 48,
    "max_new_tokens": 128,
    "dtype": "float32",
    "model_config_dir": null,
    "data_size": 32,
    "batch_size": 32,
    "inference_time": 13.30285363800067,
    "throughput": 307.9038611910641,
    "max_memory_allocated_per_device": [
        3.8195042610168457,
        3.718675136566162
    ]
}