{
    "description": "Pipeline parallel OPT-1.3B benchmark",
    "model_name": "opt-1.3b-pipeline",
    "model_size": 2.6503753662109375,
    "max_prompt_len": 64,
    "max_new_tokens": 96,
    "dtype": "float32",
    "model_config_dir": null,
    "data_size": 24,
    "batch_size": 24,
    "inference_time": 9.567714573999183,
    "throughput": 240.80985925951984,
    "max_memory_allocated_per_device": [
        3.4498372077941895,
        3.376431941986084
    ]
}