{
    "description": "Pipeline parallel OPT-1.3B benchmark",
    "model_name": "opt-1.3b-pipeline",
    "model_size": 2.6503753662109375,
    "max_prompt_len": 80,
    "max_new_tokens": 128,
    "dtype": "float32",
    "model_config_dir": null,
    "data_size": 40,
    "batch_size": 40,
    "inference_time": 17.0865617259999,
    "throughput": 299.6506893606987,
    "max_memory_allocated_per_device": [
        4.3730621337890625,
        4.23250675201416
    ]
}