{
    "description": "Pipeline parallel OPT-1.3B benchmark",
    "model_name": "opt-1.3b-pipeline",
    "model_size": 2.6503753662109375,
    "max_prompt_len": 32,
    "max_new_tokens": 80,
    "dtype": "float32",
    "model_config_dir": null,
    "data_size": 56,
    "batch_size": 56,
    "inference_time": 10.096939392999957,
    "throughput": 443.6988106619626,
    "max_memory_allocated_per_device": [
        3.9512453079223633,
        3.8419647216796875
    ]
}