{
    "description": "Pipeline parallel OPT-1.3B benchmark",
    "model_name": "opt-1.3b-pipeline",
    "model_size": 2.6503753662109375,
    "max_prompt_len": 80,
    "max_new_tokens": 112,
    "dtype": "float32",
    "model_config_dir": null,
    "data_size": 16,
    "batch_size": 16,
    "inference_time": 8.080336974999227,
    "throughput": 221.77292921625605,
    "max_memory_allocated_per_device": [
        3.2919507026672363,
        3.2295241355895996
    ]
}