{
    "description": "Pipeline parallel OPT-6.7B benchmark",
    "model_name": "opt-6.7b",
    "model_size": 3.00079345703125,
    "max_prompt_len": 128,
    "max_new_tokens": 128,
    "dtype": "float16",
    "model_config_dir": null,
    "data_size": 48,
    "batch_size": 48,
    "inference_time": 16.345337389000633,
    "throughput": 375.8870100861007,
    "max_memory_allocated_per_device": [
        5.193339824676514,
        4.794154644012451,
        4.794154644012451,
        4.991878986358643
    ]
}