{
    "description": "Pipeline parallel OPT-1.3B benchmark",
    "model_name": "opt-1.3b-pipeline",
    "model_size": 2.6503753662109375,
    "max_prompt_len": 16,
    "max_new_tokens": 80,
    "dtype": "float32",
    "model_config_dir": null,
    "data_size": 24,
    "batch_size": 24,
    "inference_time": 6.558863713999017,
    "throughput": 292.733632489118,
    "max_memory_allocated_per_device": [
        3.133349895477295,
        3.0834059715270996
    ]
}}