{
    "description": "Pipeline parallel OPT-1.3B benchmark",
    "model_name": "opt-1.3b-pipeline",
    "model_size": 2.6503753662109375,
    "max_prompt_len": 80,
    "max_new_tokens": 96,
    "dtype": "float32",
    "model_config_dir": null,
    "data_size": 32,
    "batch_size": 32,
    "inference_time": 11.939432134997332,
    "throughput": 257.2986692554023,
    "max_memory_allocated_per_device": [
        3.8191418647766113,
        3.7186903953552246
    ]
}