{
    "description": "Pipeline parallel OPT-1.3B benchmark",
    "model_name": "opt-1.3b-pipeline",
    "model_size": 2.6503753662109375,
    "max_prompt_len": 16,
    "max_new_tokens": 48,
    "dtype": "float32",
    "model_config_dir": null,
    "data_size": 48,
    "batch_size": 48,
    "inference_time": 5.015567029000067,
    "throughput": 459.36979541460516,
    "max_memory_allocated_per_device": [
        3.2918343544006348,
        3.2311148643493652
    ]
}