{
    "description": "Pipeline parallel OPT-6.7B benchmark",
    "model_name": "opt-6.7b",
    "model_size": 3.3843536376953125,
    "max_prompt_len": 512,
    "max_new_tokens": 256,
    "dtype": "float16",
    "model_config_dir": null,
    "data_size": 16,
    "batch_size": 16,
    "inference_time": 31.336503818001802,
    "throughput": 130.71017825693053,
    "max_memory_allocated_per_device": [
        5.410177230834961,
        5.010992050170898,
        5.010992050170898,
        5.2889604568481445
    ]
}