{
    "description": "Pipeline parallel OPT-1.3B benchmark",
    "model_name": "opt-1.3b-pipeline",
    "model_size": 2.6503753662109375,
    "max_prompt_len": 48,
    "max_new_tokens": 64,
    "dtype": "float32",
    "model_config_dir": null,
    "data_size": 40,
    "batch_size": 40,
    "inference_time": 7.926464063000026,
    "throughput": 322.9687259858825,
    "max_memory_allocated_per_device": [
        3.5818567276000977,
        3.499323844909668
    ]
}