{
    "description": "Pipeline parallel OPT-1.3B benchmark",
    "model_name": "opt-1.3b-pipeline",
    "model_size": 2.6347503662109375,
    "max_prompt_len": 32,
    "max_new_tokens": 80,
    "dtype": "float32",
    "model_config_dir": null,
    "data_size": 16,
    "batch_size": 16,
    "inference_time": 4.970789238001089,
    "throughput": 257.5043798305817,
    "max_memory_allocated_per_device": [
        3.0277762413024902,
        2.9854493141174316
    ]
}