{
    "description": "Pipeline parallel OPT-1.3B benchmark",
    "model_name": "opt-1.3b-pipeline",
    "model_size": 2.6503753662109375,
    "max_prompt_len": 48,
    "max_new_tokens": 32,
    "dtype": "float32",
    "model_config_dir": null,
    "data_size": 32,
    "batch_size": 32,
    "inference_time": 4.132345541001996,
    "throughput": 247.80115550349262,
    "max_memory_allocated_per_device": [
        3.270023822784424,
        3.2426676750183105
    ]
}