{
    "description": "Pipeline parallel OPT-1.3B benchmark",
    "model_name": "opt-1.3b-pipeline",
    "model_size": 2.6503753662109375,
    "max_prompt_len": 128,
    "max_new_tokens": 64,
    "dtype": "float32",
    "model_config_dir": null,
    "data_size": 56,
    "batch_size": 56,
    "inference_time": 16.690769009999713,
    "throughput": 214.72947099398277,
    "max_memory_allocated_per_device": [
        5.490877628326416,
        5.420510768890381
    ]
}