{
    "description": "Pipeline parallel OPT-1.3B benchmark",
    "model_name": "opt-1.3b-pipeline",
    "model_size": 2.6347503662109375,
    "max_prompt_len": 80,
    "max_new_tokens": 80,
    "dtype": "float32",
    "model_config_dir": null,
    "data_size": 24,
    "batch_size": 24,
    "inference_time": 8.659872784999607,
    "throughput": 221.71226387133206,
    "max_memory_allocated_per_device": [
        3.4506068229675293,
        3.3888778686523438
    ]
}