{
    "description": "Pipeline parallel OPT-1.3B benchmark",
    "model_name": "opt-1.3b-pipeline",
    "model_size": 2.6503753662109375,
    "max_prompt_len": 16,
    "max_new_tokens": 64,
    "dtype": "float32",
    "model_config_dir": null,
    "data_size": 64,
    "batch_size": 64,
    "inference_time": 7.460347268000078,
    "throughput": 549.0361041997485,
    "max_memory_allocated_per_device": [
        3.7141923904418945,
        3.6225948333740234
    ]
}