{
    "description": "Pipeline parallel OPT-1.3B benchmark",
    "model_name": "opt-1.3b",
    "model_size": 2.6503753662109375,
    "dtype": "float32",
    "max_prompt_len": 384,
    "max_new_tokens": 1,
    "model_config_dir": null,
    "data_size": 24,
    "batch_size": 24,
    "inference_time": 10.251782274000107,
    "throughput": 2.3410563508422544,
    "max_memory_allocated_per_device": [
        6.142824172973633,
        6.127199172973633
    ]
}