{
    "description": "Pipeline parallel OPT-1.3B benchmark",
    "model_name": "opt-1.3b-pipeline",
    "model_size": 2.6503753662109375,
    "max_prompt_len": 32,
    "max_new_tokens": 48,
    "dtype": "float32",
    "model_config_dir": null,
    "data_size": 8,
    "batch_size": 8,
    "inference_time": 1.765476241000215,
    "throughput": 217.50505109173727,
    "max_memory_allocated_per_device": [
        2.792717933654785,
        2.7678918838500977
    ]
}}