{
    "description": "Pipeline parallel OPT-1.3B benchmark",
    "model_name": "opt-1.3b-pipeline",
    "model_size": 2.6347503662109375,
    "max_prompt_len": 48,
    "max_new_tokens": 112,
    "dtype": "float32",
    "model_config_dir": null,
    "data_size": 32,
    "batch_size": 32,
    "inference_time": 11.673464198996953,
    "throughput": 307.02111548926126,
    "max_memory_allocated_per_device": [
        3.7136521339416504,
        3.6210055351257324
    ]
}