{
    "description": "Pipeline parallel OPT-1.3B benchmark",
    "model_name": "opt-1.3b-pipeline",
    "model_size": 2.6503753662109375,
    "max_prompt_len": 32,
    "max_new_tokens": 128,
    "dtype": "float32",
    "model_config_dir": null,
    "data_size": 40,
    "batch_size": 40,
    "inference_time": 13.876057170999957,
    "throughput": 368.98089543047297,
    "max_memory_allocated_per_device": [
        3.984175205230713,
        3.872626781463623
    ]
}