{
    "description": "Pipeline parallel OPT-1.3B benchmark",
    "model_name": "opt-1.3b-pipeline",
    "model_size": 2.6503753662109375,
    "max_prompt_len": 48,
    "max_new_tokens": 128,
    "dtype": "float32",
    "model_config_dir": null,
    "data_size": 16,
    "batch_size": 16,
    "inference_time": 8.348279506000836,
    "throughput": 245.3200085751651,
    "max_memory_allocated_per_device": [
        3.2387919425964355,
        3.1812806129455566
    ]
}