{
    "description": "Pipeline parallel OPT-1.3B benchmark",
    "model_name": "opt-1.3b-pipeline",
    "model_size": 2.6347503662109375,
    "max_prompt_len": 112,
    "max_new_tokens": 112,
    "dtype": "float32",
    "model_config_dir": null,
    "data_size": 8,
    "batch_size": 8,
    "inference_time": 5.009069899000679,
    "throughput": 178.8755234137887,
    "max_memory_allocated_per_device": [
        3.0277209281921387,
        2.9903221130371094
    ]
}