{
    "description": "Pipeline parallel OPT-6.7B benchmark",
    "model_name": "opt-6.7b",
    "model_size": 3.00079345703125,
    "max_prompt_len": 256,
    "max_new_tokens": 128,
    "dtype": "float16",
    "model_config_dir": null,
    "data_size": 48,
    "batch_size": 48,
    "inference_time": 23.93769450799664,
    "throughput": 256.6663217273298,
    "max_memory_allocated_per_device": [
        6.411289215087891,
        6.011631011962891,
        6.011631011962891,
        6.2402849197387695
    ]
}