{
    "description": "Pipeline parallel OPT-1.3B benchmark",
    "model_name": "opt-1.3b-pipeline",
    "model_size": 2.6347503662109375,
    "max_prompt_len": 64,
    "max_new_tokens": 32,
    "dtype": "float32",
    "model_config_dir": null,
    "data_size": 56,
    "batch_size": 56,
    "inference_time": 7.466150782000113,
    "throughput": 240.01658315289737,
    "max_memory_allocated_per_device": [
        4.08121919631958,
        4.038222789764404
    ]
}