{
    "description": "Pipeline parallel OPT-1.3B benchmark",
    "model_name": "opt-1.3b",
    "model_size": 2.6347503662109375,
    "dtype": "float32",
    "max_prompt_len": 192,
    "max_new_tokens": 1,
    "model_config_dir": null,
    "data_size": 16,
    "batch_size": 16,
    "inference_time": 3.400698474999899,
    "throughput": 4.704915804098296,
    "max_memory_allocated_per_device": [
        3.820466995239258,
        3.804841995239258
    ]
}