{
    "description": "Pipeline parallel OPT-1.3B benchmark",
    "model_name": "opt-1.3b-pipeline",
    "model_size": 2.6503753662109375,
    "max_prompt_len": 112,
    "max_new_tokens": 128,
    "dtype": "float32",
    "model_config_dir": null,
    "data_size": 40,
    "batch_size": 40,
    "inference_time": 20.069351607000044,
    "throughput": 255.11536696652328,
    "max_memory_allocated_per_device": [
        4.636795997619629,
        4.476058006286621
    ]
}