{
    "description": "Pipeline parallel OPT-1.3B benchmark",
    "model_name": "opt-1.3b-pipeline",
    "model_size": 2.6503753662109375,
    "max_prompt_len": 48,
    "max_new_tokens": 112,
    "dtype": "float32",
    "model_config_dir": null,
    "data_size": 64,
    "batch_size": 64,
    "inference_time": 16.86375507699995,
    "throughput": 425.0536115634325,
    "max_memory_allocated_per_device": [
        4.76888370513916,
        4.599321365356445
    ]
}