{
    "description": "Pipeline parallel OPT-1.3B benchmark",
    "model_name": "opt-1.3b-pipeline",
    "model_size": 2.6503753662109375,
    "max_prompt_len": 64,
    "max_new_tokens": 80,
    "dtype": "float32",
    "model_config_dir": null,
    "data_size": 64,
    "batch_size": 64,
    "inference_time": 13.749315674999707,
    "throughput": 372.3821694856904,
    "max_memory_allocated_per_device": [
        4.5579118728637695,
        4.403997421264648
    ]
}