{
    "description": "Pipeline parallel OPT-1.3B benchmark",
    "model_name": "opt-1.3b-pipeline",
    "model_size": 2.6347503662109375,
    "max_prompt_len": 48,
    "max_new_tokens": 48,
    "dtype": "float32",
    "model_config_dir": null,
    "data_size": 16,
    "batch_size": 16,
    "inference_time": 3.3622935929997766,
    "throughput": 228.4155082705923,
    "max_memory_allocated_per_device": [
        2.9757981300354004,
        2.943380832672119
    ]
}