{
    "description": "Pipeline parallel OPT-1.3B benchmark",
    "model_name": "opt-1.3b-pipeline",
    "model_size": 2.6347503662109375,
    "max_prompt_len": 128,
    "max_new_tokens": 128,
    "dtype": "float32",
    "model_config_dir": null,
    "data_size": 24,
    "batch_size": 24,
    "inference_time": 15.433359745000416,
    "throughput": 199.0493353850035,
    "max_memory_allocated_per_device": [
        3.9245715141296387,
        3.8340392112731934
    ]
}