{
    "description": "Pipeline parallel OPT-1.3B benchmark",
    "model_name": "opt-1.3b-pipeline",
    "model_size": 2.6347503662109375,
    "max_prompt_len": 16,
    "max_new_tokens": 112,
    "dtype": "float32",
    "model_config_dir": null,
    "data_size": 8,
    "batch_size": 8,
    "inference_time": 3.8009622209992813,
    "throughput": 235.729783119086,
    "max_memory_allocated_per_device": [
        2.8704237937927246,
        2.839372158050537
    ]
}}