{
    "description": "Pipeline parallel OPT-1.3B benchmark",
    "model_name": "opt-1.3b-pipeline",
    "model_size": 2.6503753662109375,
    "max_prompt_len": 48,
    "max_new_tokens": 112,
    "dtype": "float32",
    "model_config_dir": null,
    "data_size": 24,
    "batch_size": 24,
    "inference_time": 10.502201567000157,
    "throughput": 255.94633495191988,
    "max_memory_allocated_per_device": [
        3.4498438835144043,
        3.3764262199401855
    ]
}