{
    "description": "Pipeline parallel OPT-1.3B benchmark",
    "model_name": "opt-1.3b-pipeline",
    "model_size": 2.6503753662109375,
    "max_prompt_len": 48,
    "max_new_tokens": 128,
    "dtype": "float32",
    "model_config_dir": null,
    "data_size": 40,
    "batch_size": 40,
    "inference_time": 14.940276507000021,
    "throughput": 342.6978073398513,
    "max_memory_allocated_per_device": [
        4.109328269958496,
        3.9876718521118164
    ]
}