{
    "description": "Pipeline parallel OPT-1.3B benchmark",
    "model_name": "opt-1.3b-pipeline",
    "model_size": 2.6503753662109375,
    "max_prompt_len": 96,
    "max_new_tokens": 96,
    "dtype": "float32",
    "model_config_dir": null,
    "data_size": 48,
    "batch_size": 48,
    "inference_time": 15.970982549999917,
    "throughput": 288.5232630850269,
    "max_memory_allocated_per_device": [
        4.558117389678955,
        4.431270122528076
    ]
}