{
    "description": "Pipeline parallel OPT-1.3B benchmark",
    "model_name": "opt-1.3b-pipeline",
    "model_size": 2.6503753662109375,
    "max_prompt_len": 128,
    "max_new_tokens": 128,
    "dtype": "float32",
    "model_config_dir": null,
    "data_size": 56,
    "batch_size": 56,
    "inference_time": 26.263104838999425,
    "throughput": 272.9304110820847,
    "max_memory_allocated_per_device": [
        5.6127543449401855,
        5.420510768890381
    ]
}