{
    "description": "Pipeline parallel OPT-1.3B benchmark",
    "model_name": "opt-1.3b-pipeline",
    "model_size": 2.6347503662109375,
    "max_prompt_len": 112,
    "max_new_tokens": 16,
    "dtype": "float32",
    "model_config_dir": null,
    "data_size": 48,
    "batch_size": 48,
    "inference_time": 7.336189000000104,
    "throughput": 104.68650684980841,
    "max_memory_allocated_per_device": [
        4.784156322479248,
        4.727474689483643
    ]
}