{
    "description": "Pipeline parallel OPT-1.3B benchmark",
    "model_name": "opt-1.3b-pipeline",
    "model_size": 2.6347503662109375,
    "max_prompt_len": 48,
    "max_new_tokens": 112,
    "dtype": "float32",
    "model_config_dir": null,
    "data_size": 8,
    "batch_size": 8,
    "inference_time": 4.17044433600131,
    "throughput": 214.84521259888086,
    "max_memory_allocated_per_device": [
        2.924025058746338,
        2.8899197578430176
    ]
}}