{
    "description": "Pipeline parallel OPT-1.3B benchmark",
    "model_name": "opt-1.3b-pipeline",
    "model_size": 2.6347503662109375,
    "max_prompt_len": 16,
    "max_new_tokens": 112,
    "dtype": "float32",
    "model_config_dir": null,
    "data_size": 16,
    "batch_size": 16,
    "inference_time": 6.507747322999421,
    "throughput": 275.3641023625464,
    "max_memory_allocated_per_device": [
        3.0805420875549316,
        3.0342249870300293
    ]
}}