{
    "description": "Pipeline parallel OPT-1.3B benchmark",
    "model_name": "opt-1.3b-pipeline",
    "model_size": 2.6347503662109375,
    "max_prompt_len": 16,
    "max_new_tokens": 96,
    "dtype": "float32",
    "model_config_dir": null,
    "data_size": 32,
    "batch_size": 32,
    "inference_time": 8.578239236998343,
    "throughput": 358.1154494678024,
    "max_memory_allocated_per_device": [
        3.397167682647705,
        3.327981472015381
    ]
}