{
    "description": "Pipeline parallel OPT-1.3B benchmark",
    "model_name": "opt-1.3b-pipeline",
    "model_size": 2.6503753662109375,
    "max_prompt_len": 48,
    "max_new_tokens": 48,
    "dtype": "float32",
    "model_config_dir": null,
    "data_size": 64,
    "batch_size": 64,
    "inference_time": 8.597017514999607,
    "throughput": 357.333225696021,
    "max_memory_allocated_per_device": [
        3.925675392150879,
        3.8426451683044434
    ]
}