{
    "description": "Pipeline parallel OPT-1.3B benchmark",
    "model_name": "opt-1.3b-pipeline",
    "model_size": 2.6503753662109375,
    "max_prompt_len": 80,
    "max_new_tokens": 112,
    "dtype": "float32",
    "model_config_dir": null,
    "data_size": 8,
    "batch_size": 8,
    "inference_time": 4.635556687999269,
    "throughput": 193.28854338457424,
    "max_memory_allocated_per_device": [
        2.975978374481201,
        2.9361672401428223
    ]
}