{
    "description": "Pipeline parallel OPT-1.3B benchmark",
    "model_name": "opt-1.3b-pipeline",
    "model_size": 2.6347503662109375,
    "max_prompt_len": 128,
    "max_new_tokens": 112,
    "dtype": "float32",
    "model_config_dir": null,
    "data_size": 8,
    "batch_size": 8,
    "inference_time": 5.1784457770008885,
    "throughput": 173.02488788806454,
    "max_memory_allocated_per_device": [
        3.0629677772521973,
        3.0395216941833496
    ]
}