{
    "description": "Pipeline parallel OPT-1.3B benchmark",
    "model_name": "opt-1.3b-pipeline",
    "model_size": 2.6503753662109375,
    "max_prompt_len": 64,
    "max_new_tokens": 112,
    "dtype": "float32",
    "model_config_dir": null,
    "data_size": 16,
    "batch_size": 16,
    "inference_time": 7.660335062999366,
    "throughput": 233.93232610093577,
    "max_memory_allocated_per_device": [
        3.2387824058532715,
        3.180685520172119
    ]
}