{
    "description": "Pipeline parallel OPT-1.3B benchmark",
    "model_name": "opt-1.3b-pipeline",
    "model_size": 2.6503753662109375,
    "max_prompt_len": 16,
    "max_new_tokens": 16,
    "dtype": "float32",
    "model_config_dir": null,
    "data_size": 48,
    "batch_size": 48,
    "inference_time": 2.0449255710000216,
    "throughput": 375.5637911185335,
    "max_memory_allocated_per_device": [
        2.97715425491333,
        2.951658248901367
    ]
}