{
    "description": "Pipeline parallel OPT-1.3B benchmark",
    "model_name": "opt-1.3b-pipeline",
    "model_size": 2.6503753662109375,
    "max_prompt_len": 96,
    "max_new_tokens": 48,
    "dtype": "float32",
    "model_config_dir": null,
    "data_size": 40,
    "batch_size": 40,
    "inference_time": 8.791354102000014,
    "throughput": 218.396390103682,
    "max_memory_allocated_per_device": [
        4.178124904632568,
        4.13317346572876
    ]
}