{
    "description": "Pipeline parallel OPT-1.3B benchmark",
    "model_name": "opt-1.3b-pipeline",
    "model_size": 2.6503753662109375,
    "max_prompt_len": 112,
    "max_new_tokens": 112,
    "dtype": "float32",
    "model_config_dir": null,
    "data_size": 40,
    "batch_size": 40,
    "inference_time": 18.02225859300006,
    "throughput": 248.58149586978269,
    "max_memory_allocated_per_device": [
        4.506148815155029,
        4.381521224975586
    ]
}