{
    "description": "Pipeline parallel OPT-6.7B benchmark",
    "model_name": "opt-6.7b",
    "model_size": 3.00079345703125,
    "max_prompt_len": 256,
    "max_new_tokens": 256,
    "dtype": "float16",
    "model_config_dir": null,
    "data_size": 48,
    "batch_size": 48,
    "inference_time": 45.77585365100094,
    "throughput": 268.43846744366084,
    "max_memory_allocated_per_device": [
        6.974757671356201,
        6.575938701629639,
        6.575938701629639,
        6.585995197296143
    ]
}