{
    "description": "Pipeline parallel OPT-1.3B benchmark",
    "model_name": "opt-1.3b-pipeline",
    "model_size": 2.6347503662109375,
    "max_prompt_len": 48,
    "max_new_tokens": 80,
    "dtype": "float32",
    "model_config_dir": null,
    "data_size": 16,
    "batch_size": 16,
    "inference_time": 5.3285596309997345,
    "throughput": 240.21500905299033,
    "max_memory_allocated_per_device": [
        3.080578327178955,
        3.0342326164245605
    ]
}