{
    "description": "Pipeline parallel OPT-1.3B benchmark",
    "model_name": "opt-1.3b-pipeline",
    "model_size": 2.6503753662109375,
    "max_prompt_len": 32,
    "max_new_tokens": 48,
    "dtype": "float32",
    "model_config_dir": null,
    "data_size": 40,
    "batch_size": 40,
    "inference_time": 5.518241799000009,
    "throughput": 347.9369099679419,
    "max_memory_allocated_per_device": [
        3.318121910095215,
        3.2551403045654297
    ]
}