{
    "description": "Pipeline parallel OPT-1.3B benchmark",
    "model_name": "opt-1.3b-pipeline",
    "model_size": 2.6503753662109375,
    "max_prompt_len": 16,
    "max_new_tokens": 80,
    "dtype": "float32",
    "model_config_dir": null,
    "data_size": 48,
    "batch_size": 48,
    "inference_time": 8.233153360000188,
    "throughput": 466.40695637423573,
    "max_memory_allocated_per_device": [
        3.6085991859436035,
        3.525144100189209
    ]
}