{
    "description": "Pipeline parallel OPT-1.3B benchmark",
    "model_name": "opt-1.3b-pipeline",
    "model_size": 2.6503753662109375,
    "max_prompt_len": 112,
    "max_new_tokens": 128,
    "dtype": "float32",
    "model_config_dir": null,
    "data_size": 16,
    "batch_size": 16,
    "inference_time": 10.001209600999573,
    "throughput": 204.77523036766596,
    "max_memory_allocated_per_device": [
        3.4497790336608887,
        3.3760361671447754
    ]
}