{
    "description": "Pipeline parallel OPT-1.3B benchmark",
    "model_name": "opt-1.3b-pipeline",
    "model_size": 2.6503753662109375,
    "max_prompt_len": 96,
    "max_new_tokens": 112,
    "dtype": "float32",
    "model_config_dir": null,
    "data_size": 40,
    "batch_size": 40,
    "inference_time": 16.26791092999997,
    "throughput": 275.3887711382993,
    "max_memory_allocated_per_device": [
        4.373061180114746,
        4.231874465942383
    ]
}