{
    "description": "Pipeline parallel OPT-1.3B benchmark",
    "model_name": "opt-1.3b-pipeline",
    "model_size": 2.6503753662109375,
    "max_prompt_len": 48,
    "max_new_tokens": 32,
    "dtype": "float32",
    "model_config_dir": null,
    "data_size": 16,
    "batch_size": 16,
    "inference_time": 2.4337463379997644,
    "throughput": 210.3752523448274,
    "max_memory_allocated_per_device": [
        2.964871883392334,
        2.943380832672119
    ]
}