{
    "description": "Pipeline parallel OPT-1.3B benchmark",
    "model_name": "opt-1.3b-pipeline",
    "model_size": 2.6503753662109375,
    "max_prompt_len": 48,
    "max_new_tokens": 64,
    "dtype": "float32",
    "model_config_dir": null,
    "data_size": 24,
    "batch_size": 24,
    "inference_time": 6.27452562200051,
    "throughput": 244.7993828592059,
    "max_memory_allocated_per_device": [
        3.2126073837280273,
        3.157423973083496
    ]
}