{
    "description": "Pipeline parallel OPT-1.3B benchmark",
    "model_name": "opt-1.3b-pipeline",
    "model_size": 2.6347503662109375,
    "max_prompt_len": 16,
    "max_new_tokens": 64,
    "dtype": "float32",
    "model_config_dir": null,
    "data_size": 24,
    "batch_size": 24,
    "inference_time": 5.244969256000331,
    "throughput": 292.85205022751865,
    "max_memory_allocated_per_device": [
        3.0549774169921875,
        3.0109081268310547
    ]
}