{
    "description": "Pipeline parallel OPT-1.3B benchmark",
    "model_name": "opt-1.3b-pipeline",
    "model_size": 2.6503753662109375,
    "max_prompt_len": 80,
    "max_new_tokens": 32,
    "dtype": "float32",
    "model_config_dir": null,
    "data_size": 8,
    "batch_size": 8,
    "inference_time": 1.6652748070009693,
    "throughput": 153.72838099979194,
    "max_memory_allocated_per_device": [
        2.911932945251465,
        2.8914194107055664
    ]
}