{
    "description": "Pipeline parallel OPT-1.3B benchmark",
    "model_name": "opt-1.3b-pipeline",
    "model_size": 2.6503753662109375,
    "max_prompt_len": 112,
    "max_new_tokens": 112,
    "dtype": "float32",
    "model_config_dir": null,
    "data_size": 32,
    "batch_size": 32,
    "inference_time": 15.46256277700013,
    "throughput": 231.78563939808475,
    "max_memory_allocated_per_device": [
        4.13573694229126,
        4.033217906951904
    ]
}}