{
    "description": "Pipeline parallel OPT-1.3B benchmark",
    "model_name": "opt-1.3b-pipeline",
    "model_size": 2.6503753662109375,
    "max_prompt_len": 96,
    "max_new_tokens": 96,
    "dtype": "float32",
    "model_config_dir": null,
    "data_size": 64,
    "batch_size": 64,
    "inference_time": 20.004143566000494,
    "throughput": 307.13636800940003,
    "max_memory_allocated_per_device": [
        5.190865516662598,
        5.027463436126709
    ]
}