{
    "description": "Pipeline parallel OPT-1.3B benchmark",
    "model_name": "opt-1.3b-pipeline",
    "model_size": 2.6503753662109375,
    "max_prompt_len": 64,
    "max_new_tokens": 112,
    "dtype": "float32",
    "model_config_dir": null,
    "data_size": 64,
    "batch_size": 64,
    "inference_time": 18.2537455519996,
    "throughput": 392.6865299825977,
    "max_memory_allocated_per_device": [
        4.979870796203613,
        4.794675827026367
    ]
}