{
    "description": "Pipeline parallel OPT-1.3B benchmark",
    "model_name": "opt-1.3b-pipeline",
    "model_size": 2.6347503662109375,
    "max_prompt_len": 32,
    "max_new_tokens": 112,
    "dtype": "float32",
    "model_config_dir": null,
    "data_size": 8,
    "batch_size": 8,
    "inference_time": 4.052163421998557,
    "throughput": 221.1164522970019,
    "max_memory_allocated_per_device": [
        2.8966751098632812,
        2.8635473251342773
    ]
}