{
    "description": "Pipeline parallel OPT-1.3B benchmark",
    "model_name": "opt-1.3b-pipeline",
    "model_size": 2.6347503662109375,
    "max_prompt_len": 112,
    "max_new_tokens": 128,
    "dtype": "float32",
    "model_config_dir": null,
    "data_size": 24,
    "batch_size": 24,
    "inference_time": 14.503454475998296,
    "throughput": 211.81160702671488,
    "max_memory_allocated_per_device": [
        3.846205711364746,
        3.7427101135253906
    ]
}