{
    "description": "Pipeline parallel OPT-1.3B benchmark",
    "model_name": "opt-1.3b-pipeline",
    "model_size": 2.6347503662109375,
    "max_prompt_len": 48,
    "max_new_tokens": 16,
    "dtype": "float32",
    "model_config_dir": null,
    "data_size": 40,
    "batch_size": 40,
    "inference_time": 3.21199203499998,
    "throughput": 199.2532960935577,
    "max_memory_allocated_per_device": [
        3.4229507446289062,
        3.3940048217773438
    ]
}