{
    "description": "Pipeline parallel OPT-1.3B benchmark",
    "model_name": "opt-1.3b-pipeline",
    "model_size": 2.6347503662109375,
    "max_prompt_len": 112,
    "max_new_tokens": 80,
    "dtype": "float32",
    "model_config_dir": null,
    "data_size": 8,
    "batch_size": 8,
    "inference_time": 3.7687832840001647,
    "throughput": 169.81607902927962,
    "max_memory_allocated_per_device": [
        3.0127906799316406,
        2.9903221130371094
    ]
}