{
    "description": "Pipeline parallel OPT-1.3B benchmark",
    "model_name": "opt-1.3b-pipeline",
    "model_size": 2.6503753662109375,
    "max_prompt_len": 80,
    "max_new_tokens": 64,
    "dtype": "float32",
    "model_config_dir": null,
    "data_size": 16,
    "batch_size": 16,
    "inference_time": 4.959949620999396,
    "throughput": 206.4537098652367,
    "max_memory_allocated_per_device": [
        3.1660685539245605,
        3.14066743850708
    ]
}