{
    "description": "Pipeline parallel OPT-1.3B benchmark",
    "model_name": "opt-1.3b-pipeline",
    "model_size": 2.6347503662109375,
    "max_prompt_len": 48,
    "max_new_tokens": 16,
    "dtype": "float32",
    "model_config_dir": null,
    "data_size": 32,
    "batch_size": 32,
    "inference_time": 2.7535067850003543,
    "throughput": 185.94470251139552,
    "max_memory_allocated_per_device": [
        3.270023822784424,
        3.2426676750183105
    ]
}