{
    "description": "Pipeline parallel OPT-1.3B benchmark",
    "model_name": "opt-1.3b-pipeline",
    "model_size": 2.6347503662109375,
    "max_prompt_len": 16,
    "max_new_tokens": 48,
    "dtype": "float32",
    "model_config_dir": null,
    "data_size": 24,
    "batch_size": 24,
    "inference_time": 3.9725740070007305,
    "throughput": 289.9883043009067,
    "max_memory_allocated_per_device": [
        2.9757065773010254,
        2.937145709991455
    ]
}