{
    "description": "Pipeline parallel OPT-1.3B benchmark",
    "model_name": "opt-1.3b-pipeline",
    "model_size": 2.6503753662109375,
    "max_prompt_len": 32,
    "max_new_tokens": 64,
    "dtype": "float32",
    "model_config_dir": null,
    "data_size": 8,
    "batch_size": 8,
    "inference_time": 2.321746012001313,
    "throughput": 220.52369094355117,
    "max_memory_allocated_per_device": [
        2.817319393157959,
        2.790417194366455
    ]
}