{
    "description": "Pipeline parallel OPT-1.3B benchmark",
    "model_name": "opt-1.3b-pipeline",
    "model_size": 2.6347503662109375,
    "max_prompt_len": 48,
    "max_new_tokens": 64,
    "dtype": "float32",
    "model_config_dir": null,
    "data_size": 32,
    "batch_size": 32,
    "inference_time": 7.026809967999725,
    "throughput": 291.4551566538223,
    "max_memory_allocated_per_device": [
        3.397270679473877,
        3.3279967308044434
    ]
}}