{
    "description": "Pipeline parallel OPT-1.3B benchmark",
    "model_name": "opt-1.3b-pipeline",
    "model_size": 2.6503753662109375,
    "max_prompt_len": 64,
    "max_new_tokens": 96,
    "dtype": "float32",
    "model_config_dir": null,
    "data_size": 16,
    "batch_size": 16,
    "inference_time": 6.653403139000147,
    "throughput": 230.8593013094988,
    "max_memory_allocated_per_device": [
        3.188467502593994,
        3.1344141960144043
    ]
}