{
    "description": "Pipeline parallel OPT-6.7B benchmark",
    "model_name": "opt-6.7b",
    "model_size": 3.00079345703125,
    "max_prompt_len": 256,
    "max_new_tokens": 384,
    "dtype": "float16",
    "model_config_dir": null,
    "data_size": 16,
    "batch_size": 16,
    "inference_time": 36.16271854599836,
    "throughput": 169.8987312633849,
    "max_memory_allocated_per_device": [
        4.8950371742248535,
        4.495412349700928,
        4.495412349700928,
        4.722937107086182
    ]
}