{
    "description": "Pipeline parallel OPT-1.3B benchmark",
    "model_name": "opt-1.3b-pipeline",
    "model_size": 2.6347503662109375,
    "max_prompt_len": 32,
    "max_new_tokens": 16,
    "dtype": "float32",
    "model_config_dir": null,
    "data_size": 56,
    "batch_size": 56,
    "inference_time": 3.227666654999666,
    "throughput": 277.5999183844134,
    "max_memory_allocated_per_device": [
        3.376389980316162,
        3.347078800201416
    ]
}