{
    "description": "Pipeline parallel OPT-1.3B benchmark",
    "model_name": "opt-1.3b-pipeline",
    "model_size": 2.6503753662109375,
    "max_prompt_len": 112,
    "max_new_tokens": 16,
    "dtype": "float32",
    "model_config_dir": null,
    "data_size": 40,
    "batch_size": 40,
    "inference_time": 6.86197385100013,
    "throughput": 93.26762443239568,
    "max_memory_allocated_per_device": [
        4.430688858032227,
        4.381521224975586
    ]
}