{
    "description": "Pipeline parallel OPT-6.7B benchmark",
    "model_name": "opt-6.7b",
    "model_size": 3.00079345703125,
    "max_prompt_len": 512,
    "max_new_tokens": 384,
    "dtype": "float16",
    "model_config_dir": null,
    "data_size": 48,
    "batch_size": 48,
    "inference_time": 106.54070972599948,
    "throughput": 173.00429148072382,
    "max_memory_allocated_per_device": [
        9.644145965576172,
        9.24496078491211,
        9.24496078491211,
        9.078877449035645
    ]
}