{
    "description": "Pipeline parallel OPT-6.7B benchmark",
    "model_name": "opt-6.7b",
    "model_size": 3.00079345703125,
    "max_prompt_len": 256,
    "max_new_tokens": 128,
    "dtype": "float16",
    "model_config_dir": null,
    "data_size": 32,
    "batch_size": 32,
    "inference_time": 18.004324064000684,
    "throughput": 227.50090397394462,
    "max_memory_allocated_per_device": [
        5.410175323486328,
        5.010990142822266,
        5.010990142822266,
        5.2917680740356445
    ]
}