{
    "description": "Pipeline parallel OPT-1.3B benchmark",
    "model_name": "opt-1.3b-pipeline",
    "model_size": 2.6347503662109375,
    "max_prompt_len": 32,
    "max_new_tokens": 16,
    "dtype": "float32",
    "model_config_dir": null,
    "data_size": 32,
    "batch_size": 32,
    "inference_time": 2.1759133000014117,
    "throughput": 235.30349302045622,
    "max_memory_allocated_per_device": [
        3.0686440467834473,
        3.0451979637145996
    ]
}