{
    "description": "Pipeline parallel OPT-1.3B benchmark",
    "model_name": "opt-1.3b-pipeline",
    "model_size": 2.6503753662109375,
    "max_prompt_len": 48,
    "max_new_tokens": 48,
    "dtype": "float32",
    "model_config_dir": null,
    "data_size": 40,
    "batch_size": 40,
    "inference_time": 6.296934354000086,
    "throughput": 304.91027729713153,
    "max_memory_allocated_per_device": [
        3.449988842010498,
        3.3940048217773438
    ]
}