{
    "description": "Pipeline parallel OPT-1.3B benchmark",
    "model_name": "opt-1.3b-pipeline",
    "model_size": 2.6503753662109375,
    "max_prompt_len": 48,
    "max_new_tokens": 128,
    "dtype": "float32",
    "model_config_dir": null,
    "data_size": 8,
    "batch_size": 8,
    "inference_time": 4.772586581999349,
    "throughput": 214.55870572619813,
    "max_memory_allocated_per_device": [
        2.9499683380126953,
        2.912600517272949
    ]
}