{
    "description": "Pipeline parallel OPT-1.3B benchmark",
    "model_name": "opt-1.3b-pipeline",
    "model_size": 2.6503753662109375,
    "max_prompt_len": 64,
    "max_new_tokens": 80,
    "dtype": "float32",
    "model_config_dir": null,
    "data_size": 48,
    "batch_size": 48,
    "inference_time": 11.853844265999669,
    "throughput": 323.94554153324384,
    "max_memory_allocated_per_device": [
        4.084462642669678,
        3.9636712074279785
    ]
}