{
    "description": "Pipeline parallel OPT-1.3B benchmark",
    "model_name": "opt-1.3b-pipeline",
    "model_size": 2.6503753662109375,
    "max_prompt_len": 112,
    "max_new_tokens": 96,
    "dtype": "float32",
    "model_config_dir": null,
    "data_size": 32,
    "batch_size": 32,
    "inference_time": 13.702979992001929,
    "throughput": 224.1848124855357,
    "max_memory_allocated_per_device": [
        4.07621431350708,
        4.033217906951904
    ]
}}