{
    "description": "Pipeline parallel OPT-6.7B benchmark",
    "model_name": "opt-6.7b",
    "model_size": 3.3843536376953125,
    "max_prompt_len": 512,
    "max_new_tokens": 384,
    "dtype": "float16",
    "model_config_dir": null,
    "data_size": 32,
    "batch_size": 32,
    "inference_time": 76.09230897399902,
    "throughput": 161.488068448532,
    "max_memory_allocated_per_device": [
        7.565849781036377,
        7.1666646003723145,
        7.1666646003723145,
        7.1846513748168945
    ]
}