{
    "description": "Pipeline parallel OPT-1.3B benchmark",
    "model_name": "opt-1.3b-pipeline",
    "model_size": 2.6347503662109375,
    "max_prompt_len": 80,
    "max_new_tokens": 80,
    "dtype": "float32",
    "model_config_dir": null,
    "data_size": 8,
    "batch_size": 8,
    "inference_time": 3.372036119000768,
    "throughput": 189.7963062713725,
    "max_memory_allocated_per_device": [
        2.9240612983703613,
        2.8914194107055664
    ]
}}