{
    "description": "Pipeline parallel OPT-1.3B benchmark",
    "model_name": "opt-1.3b-pipeline",
    "model_size": 2.6503753662109375,
    "max_prompt_len": 80,
    "max_new_tokens": 112,
    "dtype": "float32",
    "model_config_dir": null,
    "data_size": 32,
    "batch_size": 32,
    "inference_time": 13.601124220000202,
    "throughput": 263.5076293715334,
    "max_memory_allocated_per_device": [
        3.9247498512268066,
        3.8164706230163574
    ]
}