{
    "description": "Pipeline parallel OPT-1.3B benchmark",
    "model_name": "opt-1.3b-pipeline",
    "model_size": 2.6503753662109375,
    "max_prompt_len": 96,
    "max_new_tokens": 112,
    "dtype": "float32",
    "model_config_dir": null,
    "data_size": 8,
    "batch_size": 8,
    "inference_time": 4.849264514999959,
    "throughput": 184.77028778868493,
    "max_memory_allocated_per_device": [
        3.0019092559814453,
        2.9606475830078125
    ]
}