{
    "description": "Pipeline parallel OPT-1.3B benchmark",
    "model_name": "opt-1.3b-pipeline",
    "model_size": 2.6503753662109375,
    "max_prompt_len": 16,
    "max_new_tokens": 96,
    "dtype": "float32",
    "model_config_dir": null,
    "data_size": 56,
    "batch_size": 56,
    "inference_time": 10.711387234000085,
    "throughput": 501.895775267605,
    "max_memory_allocated_per_device": [
        3.9512405395507812,
        3.841951370239258
    ]
}