{
    "description": "Pipeline parallel OPT-1.3B benchmark",
    "model_name": "opt-1.3b-pipeline",
    "model_size": 2.6503753662109375,
    "max_prompt_len": 64,
    "max_new_tokens": 112,
    "dtype": "float32",
    "model_config_dir": null,
    "data_size": 56,
    "batch_size": 56,
    "inference_time": 17.36532940699999,
    "throughput": 361.1794428426879,
    "max_memory_allocated_per_device": [
        4.689690589904785,
        4.525678634643555
    ]
}