{
    "description": "Pipeline parallel OPT-6.7B benchmark",
    "model_name": "opt-6.7b",
    "model_size": 3.00079345703125,
    "max_prompt_len": 384,
    "max_new_tokens": 128,
    "dtype": "float16",
    "model_config_dir": null,
    "data_size": 16,
    "batch_size": 16,
    "inference_time": 14.563491548000457,
    "throughput": 140.6256180566251,
    "max_memory_allocated_per_device": [
        4.909855842590332,
        4.5106706619262695,
        4.5106706619262695,
        4.816227912902832
    ]
}