{
    "description": "Pipeline parallel OPT-1.3B benchmark",
    "model_name": "opt-1.3b-pipeline",
    "model_size": 2.6503753662109375,
    "max_prompt_len": 80,
    "max_new_tokens": 16,
    "dtype": "float32",
    "model_config_dir": null,
    "data_size": 16,
    "batch_size": 16,
    "inference_time": 2.0478598860008788,
    "throughput": 125.00855246494639,
    "max_memory_allocated_per_device": [
        3.1660685539245605,
        3.14066743850708
    ]
}