{
    "description": "Pipeline parallel OPT-6.7B benchmark",
    "model_name": "opt-6.7b",
    "model_size": 3.00079345703125,
    "max_prompt_len": 384,
    "max_new_tokens": 384,
    "dtype": "float16",
    "model_config_dir": null,
    "data_size": 32,
    "batch_size": 32,
    "inference_time": 64.9001708120013,
    "throughput": 189.33694389796136,
    "max_memory_allocated_per_device": [
        6.975822925567627,
        6.5766377449035645,
        6.5768818855285645,
        6.586205959320068
    ]
}