{
    "description": "Pipeline parallel OPT-1.3B benchmark",
    "model_name": "opt-1.3b-pipeline",
    "model_size": 2.6347503662109375,
    "max_prompt_len": 64,
    "max_new_tokens": 16,
    "dtype": "float32",
    "model_config_dir": null,
    "data_size": 16,
    "batch_size": 16,
    "inference_time": 1.7849005219995888,
    "throughput": 143.42536003810915,
    "max_memory_allocated_per_device": [
        3.0648598670959473,
        3.0414137840270996
    ]
}