{
    "description": "Pipeline parallel OPT-1.3B benchmark",
    "model_name": "opt-1.3b-pipeline",
    "model_size": 2.6503753662109375,
    "max_prompt_len": 96,
    "max_new_tokens": 32,
    "dtype": "float32",
    "model_config_dir": null,
    "data_size": 56,
    "batch_size": 56,
    "inference_time": 9.310737900999811,
    "throughput": 192.46594835491723,
    "max_memory_allocated_per_device": [
        4.786048412322998,
        4.729366779327393
    ]
}