{
    "description": "Pipeline parallel OPT-6.7B benchmark",
    "model_name": "opt-6.7b",
    "model_size": 3.3843536376953125,
    "max_prompt_len": 512,
    "max_new_tokens": 512,
    "dtype": "float16",
    "model_config_dir": null,
    "data_size": 32,
    "batch_size": 32,
    "inference_time": 104.1362265539974,
    "throughput": 157.3323764665552,
    "max_memory_allocated_per_device": [
        8.163475036621094,
        7.7642903327941895,
        7.7642903327941895,
        7.648461818695068
    ]
}