{
    "description": "Pipeline parallel OPT-1.3B benchmark",
    "model_name": "opt-1.3b-pipeline",
    "model_size": 2.6503753662109375,
    "max_prompt_len": 80,
    "max_new_tokens": 80,
    "dtype": "float32",
    "model_config_dir": null,
    "data_size": 56,
    "batch_size": 56,
    "inference_time": 14.70381166900006,
    "throughput": 304.68290133538306,
    "max_memory_allocated_per_device": [
        4.505086421966553,
        4.384634017944336
    ]
}