{
    "description": "Pipeline parallel OPT-1.3B benchmark",
    "model_name": "opt-1.3b-pipeline",
    "model_size": 2.6503753662109375,
    "max_prompt_len": 80,
    "max_new_tokens": 128,
    "dtype": "float32",
    "model_config_dir": null,
    "data_size": 24,
    "batch_size": 24,
    "inference_time": 13.153526645999591,
    "throughput": 233.54953258366598,
    "max_memory_allocated_per_device": [
        3.687211036682129,
        3.596194267272949
    ]
}