{
    "description": "Pipeline parallel OPT-1.3B benchmark",
    "model_name": "opt-1.3b-pipeline",
    "model_size": 2.6503753662109375,
    "max_prompt_len": 32,
    "max_new_tokens": 128,
    "dtype": "float32",
    "model_config_dir": null,
    "data_size": 64,
    "batch_size": 64,
    "inference_time": 17.297919780000484,
    "throughput": 473.58295703691664,
    "max_memory_allocated_per_device": [
        4.768876075744629,
        4.599306106567383
    ]
}