{
    "description": "Pipeline parallel OPT-1.3B benchmark",
    "model_name": "opt-1.3b-pipeline",
    "model_size": 2.6503753662109375,
    "max_prompt_len": 16,
    "max_new_tokens": 112,
    "dtype": "float32",
    "model_config_dir": null,
    "data_size": 48,
    "batch_size": 48,
    "inference_time": 11.731411766000065,
    "throughput": 458.2568668828677,
    "max_memory_allocated_per_device": [
        3.924787998199463,
        3.8171324729919434
    ]
}