{
    "description": "Pipeline parallel OPT-1.3B benchmark",
    "model_name": "opt-1.3b-pipeline",
    "model_size": 2.6503753662109375,
    "max_prompt_len": 16,
    "max_new_tokens": 80,
    "dtype": "float32",
    "model_config_dir": null,
    "data_size": 40,
    "batch_size": 40,
    "inference_time": 7.864667553999993,
    "throughput": 406.8830599676741,
    "max_memory_allocated_per_device": [
        3.4572091102600098,
        3.3844361305236816
    ]
}