{
    "description": "Pipeline parallel OPT-1.3B benchmark",
    "model_name": "opt-1.3b-pipeline",
    "model_size": 2.6503753662109375,
    "max_prompt_len": 112,
    "max_new_tokens": 80,
    "dtype": "float32",
    "model_config_dir": null,
    "data_size": 56,
    "batch_size": 56,
    "inference_time": 16.80925559700063,
    "throughput": 266.51983332321936,
    "max_memory_allocated_per_device": [
        5.141209602355957,
        5.074938774108887
    ]
}