{
    "description": "Pipeline parallel OPT-1.3B benchmark",
    "model_name": "opt-1.3b-pipeline",
    "model_size": 2.6347503662109375,
    "max_prompt_len": 16,
    "max_new_tokens": 112,
    "dtype": "float32",
    "model_config_dir": null,
    "data_size": 32,
    "batch_size": 32,
    "inference_time": 10.099153950999607,
    "throughput": 354.88121256387603,
    "max_memory_allocated_per_device": [
        3.5027756690979004,
        3.4256510734558105
    ]
}