{
    "description": "Pipeline parallel OPT-1.3B benchmark",
    "model_name": "opt-1.3b-pipeline",
    "model_size": 2.6503753662109375,
    "max_prompt_len": 16,
    "max_new_tokens": 48,
    "dtype": "float32",
    "model_config_dir": null,
    "data_size": 64,
    "batch_size": 64,
    "inference_time": 5.698874642999726,
    "throughput": 539.0537943791278,
    "max_memory_allocated_per_device": [
        3.5037012100219727,
        3.427255630493164
    ]
}