{
    "description": "Pipeline parallel OPT-1.3B benchmark",
    "model_name": "opt-1.3b-pipeline",
    "model_size": 2.6503753662109375,
    "max_prompt_len": 96,
    "max_new_tokens": 128,
    "dtype": "float32",
    "model_config_dir": null,
    "data_size": 40,
    "batch_size": 40,
    "inference_time": 18.208492058000047,
    "throughput": 281.18748019831145,
    "max_memory_allocated_per_device": [
        4.506454944610596,
        4.35945463180542
    ]
}