{
    "description": "Pipeline parallel OPT-1.3B benchmark",
    "model_name": "opt-1.3b-pipeline",
    "model_size": 2.6503753662109375,
    "max_prompt_len": 80,
    "max_new_tokens": 80,
    "dtype": "float32",
    "model_config_dir": null,
    "data_size": 40,
    "batch_size": 40,
    "inference_time": 11.46782706700003,
    "throughput": 279.041529079939,
    "max_memory_allocated_per_device": [
        3.9802050590515137,
        3.8866567611694336
    ]
}