{
    "description": "Pipeline parallel OPT-1.3B benchmark",
    "model_name": "opt-1.3b-pipeline",
    "model_size": 2.6503753662109375,
    "max_prompt_len": 96,
    "max_new_tokens": 96,
    "dtype": "float32",
    "model_config_dir": null,
    "data_size": 16,
    "batch_size": 16,
    "inference_time": 7.38708189999852,
    "throughput": 207.93054968028818,
    "max_memory_allocated_per_device": [
        3.2915196418762207,
        3.2388834953308105
    ]
}