{
    "description": "Pipeline parallel OPT-1.3B benchmark",
    "model_name": "opt-1.3b-pipeline",
    "model_size": 2.6347503662109375,
    "max_prompt_len": 96,
    "max_new_tokens": 64,
    "dtype": "float32",
    "model_config_dir": null,
    "data_size": 24,
    "batch_size": 24,
    "inference_time": 7.966633826999896,
    "throughput": 192.80414204482554,
    "max_memory_allocated_per_device": [
        3.5703539848327637,
        3.537132740020752
    ]
}