{
    "description": "Pipeline parallel OPT-6.7B benchmark",
    "model_name": "opt-6.7b",
    "model_size": 3.00079345703125,
    "max_prompt_len": 512,
    "max_new_tokens": 512,
    "dtype": "float16",
    "model_config_dir": null,
    "data_size": 16,
    "batch_size": 16,
    "inference_time": 64.08620876100031,
    "throughput": 127.82781441403108,
    "max_memory_allocated_per_device": [
        5.786867618560791,
        5.387486934661865,
        5.387486934661865,
        5.521109104156494
    ]
}