{
    "description": "Pipeline parallel OPT-1.3B benchmark",
    "model_name": "opt-1.3b-pipeline",
    "model_size": 2.6503753662109375,
    "max_prompt_len": 32,
    "max_new_tokens": 16,
    "dtype": "float32",
    "model_config_dir": null,
    "data_size": 16,
    "batch_size": 16,
    "inference_time": 1.2968172769997182,
    "throughput": 197.4063767813726,
    "max_memory_allocated_per_device": [
        2.8634800910949707,
        2.8439440727233887
    ]
}