{
    "description": "Pipeline parallel OPT-1.3B benchmark",
    "model_name": "opt-1.3b-pipeline",
    "model_size": 2.6347503662109375,
    "max_prompt_len": 16,
    "max_new_tokens": 16,
    "dtype": "float32",
    "model_config_dir": null,
    "data_size": 64,
    "batch_size": 64,
    "inference_time": 2.3838251039996976,
    "throughput": 429.56171502761805,
    "max_memory_allocated_per_device": [
        3.0810327529907227,
        3.053997039794922
    ]
}