{
    "description": "Pipeline parallel OPT-1.3B benchmark",
    "model_name": "opt-1.3b-pipeline",
    "model_size": 2.6503753662109375,
    "max_prompt_len": 112,
    "max_new_tokens": 96,
    "dtype": "float32",
    "model_config_dir": null,
    "data_size": 48,
    "batch_size": 48,
    "inference_time": 17.188113963999967,
    "throughput": 268.09224151360235,
    "max_memory_allocated_per_device": [
        4.784156322479248,
        4.727474689483643
    ]
}