{
    "description": "Pipeline parallel OPT-1.3B benchmark",
    "model_name": "opt-1.3b-pipeline",
    "model_size": 2.6503753662109375,
    "max_prompt_len": 16,
    "max_new_tokens": 32,
    "dtype": "float32",
    "model_config_dir": null,
    "data_size": 48,
    "batch_size": 48,
    "inference_time": 3.504588237000007,
    "throughput": 438.2825873189726,
    "max_memory_allocated_per_device": [
        3.1342501640319824,
        3.0846104621887207
    ]
}