{
    "description": "Pipeline parallel OPT-1.3B benchmark",
    "model_name": "opt-1.3b-pipeline",
    "model_size": 2.6503753662109375,
    "max_prompt_len": 80,
    "max_new_tokens": 128,
    "dtype": "float32",
    "model_config_dir": null,
    "data_size": 56,
    "batch_size": 56,
    "inference_time": 21.335725869999806,
    "throughput": 335.9623217731221,
    "max_memory_allocated_per_device": [
        5.058913230895996,
        4.867535591125488
    ]
}