{
    "description": "Pipeline parallel OPT-1.3B benchmark",
    "model_name": "opt-1.3b-pipeline",
    "model_size": 2.6347503662109375,
    "max_prompt_len": 96,
    "max_new_tokens": 64,
    "dtype": "float32",
    "model_config_dir": null,
    "data_size": 16,
    "batch_size": 16,
    "inference_time": 5.341263729000275,
    "throughput": 191.71492964112863,
    "max_memory_allocated_per_device": [
        3.266239643096924,
        3.2388834953308105
    ]
}