{
    "description": "Pipeline parallel OPT-1.3B benchmark",
    "model_name": "opt-1.3b-pipeline",
    "model_size": 2.6503753662109375,
    "max_prompt_len": 80,
    "max_new_tokens": 96,
    "dtype": "float32",
    "model_config_dir": null,
    "data_size": 56,
    "batch_size": 56,
    "inference_time": 16.830027137999878,
    "throughput": 319.4290749455617,
    "max_memory_allocated_per_device": [
        4.689695358276367,
        4.525691986083984
    ]
}