{
    "description": "Pipeline parallel OPT-1.3B benchmark",
    "model_name": "opt-1.3b-pipeline",
    "model_size": 2.6503753662109375,
    "max_prompt_len": 16,
    "max_new_tokens": 64,
    "dtype": "float32",
    "model_config_dir": null,
    "data_size": 8,
    "batch_size": 8,
    "inference_time": 2.1586619039990183,
    "throughput": 237.18396987110253,
    "max_memory_allocated_per_device": [
        2.792729377746582,
        2.7678279876708984
    ]
}