{
    "description": "Pipeline parallel OPT-1.3B benchmark",
    "model_name": "opt-1.3b-pipeline",
    "model_size": 2.6347503662109375,
    "max_prompt_len": 48,
    "max_new_tokens": 80,
    "dtype": "float32",
    "model_config_dir": null,
    "data_size": 32,
    "batch_size": 32,
    "inference_time": 8.52048781400299,
    "throughput": 300.45228112324384,
    "max_memory_allocated_per_device": [
        3.502768039703369,
        3.425666332244873
    ]
}