{
    "description": "Pipeline parallel OPT-1.3B benchmark",
    "model_name": "opt-1.3b-pipeline",
    "model_size": 2.6503753662109375,
    "max_prompt_len": 48,
    "max_new_tokens": 48,
    "dtype": "float32",
    "model_config_dir": null,
    "data_size": 48,
    "batch_size": 48,
    "inference_time": 7.119708828000057,
    "throughput": 323.6087395791998,
    "max_memory_allocated_per_device": [
        3.608603000640869,
        3.542656421661377
    ]
}