{
    "description": "Pipeline parallel OPT-1.3B benchmark",
    "model_name": "opt-1.3b-pipeline",
    "model_size": 2.6347503662109375,
    "max_prompt_len": 64,
    "max_new_tokens": 32,
    "dtype": "float32",
    "model_config_dir": null,
    "data_size": 16,
    "batch_size": 16,
    "inference_time": 2.7059994000010192,
    "throughput": 189.20920677211058,
    "max_memory_allocated_per_device": [
        3.0648598670959473,
        3.0414137840270996
    ]
}