{
    "description": "Pipeline parallel OPT-1.3B benchmark",
    "model_name": "opt-1.3b-pipeline",
    "model_size": 2.6503753662109375,
    "max_prompt_len": 96,
    "max_new_tokens": 16,
    "dtype": "float32",
    "model_config_dir": null,
    "data_size": 32,
    "batch_size": 32,
    "inference_time": 4.77108621500156,
    "throughput": 107.31308908024681,
    "max_memory_allocated_per_device": [
        3.8750176429748535,
        3.8359313011169434
    ]
}