{
    "description": "Pipeline parallel OPT-1.3B benchmark",
    "model_name": "opt-1.3b-pipeline",
    "model_size": 2.6503753662109375,
    "max_prompt_len": 80,
    "max_new_tokens": 16,
    "dtype": "float32",
    "model_config_dir": null,
    "data_size": 32,
    "batch_size": 32,
    "inference_time": 4.207874731000629,
    "throughput": 121.67662602404678,
    "max_memory_allocated_per_device": [
        3.672783374786377,
        3.6376070976257324
    ]
}