{
    "description": "Pipeline parallel OPT-1.3B benchmark",
    "model_name": "opt-1.3b-pipeline",
    "model_size": 2.6503753662109375,
    "max_prompt_len": 64,
    "max_new_tokens": 96,
    "dtype": "float32",
    "model_config_dir": null,
    "data_size": 56,
    "batch_size": 56,
    "inference_time": 15.22921915400002,
    "throughput": 353.00562331115776,
    "max_memory_allocated_per_device": [
        4.505081653594971,
        4.354756832122803
    ]
}