{
    "description": "Pipeline parallel OPT-1.3B benchmark",
    "model_name": "opt-1.3b-pipeline",
    "model_size": 2.6503753662109375,
    "max_prompt_len": 32,
    "max_new_tokens": 96,
    "dtype": "float32",
    "model_config_dir": null,
    "data_size": 56,
    "batch_size": 56,
    "inference_time": 11.96981350399983,
    "throughput": 449.1298045874781,
    "max_memory_allocated_per_device": [
        4.135986804962158,
        4.0128865242004395
    ]
}