{
    "description": "Pipeline parallel OPT-1.3B benchmark",
    "model_name": "opt-1.3b-pipeline",
    "model_size": 2.6347503662109375,
    "max_prompt_len": 112,
    "max_new_tokens": 80,
    "dtype": "float32",
    "model_config_dir": null,
    "data_size": 24,
    "batch_size": 24,
    "inference_time": 9.842996686000333,
    "throughput": 195.06254662574565,
    "max_memory_allocated_per_device": [
        3.7225332260131836,
        3.6863794326782227
    ]
}