{
    "description": "Pipeline parallel OPT-1.3B benchmark",
    "model_name": "opt-1.3b-pipeline",
    "model_size": 2.6347503662109375,
    "max_prompt_len": 16,
    "max_new_tokens": 112,
    "dtype": "float32",
    "model_config_dir": null,
    "data_size": 64,
    "batch_size": 64,
    "inference_time": 13.276059853999868,
    "throughput": 539.9192289601191,
    "max_memory_allocated_per_device": [
        4.346909523010254,
        4.208612442016602
    ]
}