{
    "description": "Pipeline parallel OPT-1.3B benchmark",
    "model_name": "opt-1.3b-pipeline",
    "model_size": 2.6347503662109375,
    "max_prompt_len": 80,
    "max_new_tokens": 128,
    "dtype": "float32",
    "model_config_dir": null,
    "data_size": 32,
    "batch_size": 32,
    "inference_time": 15.332223194996914,
    "throughput": 267.1497765135961,
    "max_memory_allocated_per_device": [
        4.030624866485596,
        3.914029598236084
    ]
}