{
    "description": "Pipeline parallel OPT-1.3B benchmark",
    "model_name": "opt-1.3b-pipeline",
    "model_size": 2.6503753662109375,
    "max_prompt_len": 16,
    "max_new_tokens": 96,
    "dtype": "float32",
    "model_config_dir": null,
    "data_size": 40,
    "batch_size": 40,
    "inference_time": 9.486496092999971,
    "throughput": 404.78591487888906,
    "max_memory_allocated_per_device": [
        3.582056999206543,
        3.4999475479125977
    ]
}