{
    "description": "Pipeline parallel OPT-1.3B benchmark",
    "model_name": "opt-1.3b-pipeline",
    "model_size": 2.6347503662109375,
    "max_prompt_len": 64,
    "max_new_tokens": 64,
    "dtype": "float32",
    "model_config_dir": null,
    "data_size": 16,
    "batch_size": 16,
    "inference_time": 4.664208222000525,
    "throughput": 219.54422942996234,
    "max_memory_allocated_per_device": [
        3.0805134773254395,
        3.0414137840270996
    ]
}