{
    "description": "Pipeline parallel OPT-1.3B benchmark",
    "model_name": "opt-1.3b-pipeline",
    "model_size": 2.6347503662109375,
    "max_prompt_len": 64,
    "max_new_tokens": 80,
    "dtype": "float32",
    "model_config_dir": null,
    "data_size": 24,
    "batch_size": 24,
    "inference_time": 8.13413245099946,
    "throughput": 236.04238209375177,
    "max_memory_allocated_per_device": [
        3.3707103729248047,
        3.3031797409057617
    ]
}}