{
    "description": "Pipeline parallel OPT-1.3B benchmark",
    "model_name": "opt-1.3b-pipeline",
    "model_size": 2.6347503662109375,
    "max_prompt_len": 48,
    "max_new_tokens": 16,
    "dtype": "float32",
    "model_config_dir": null,
    "data_size": 48,
    "batch_size": 48,
    "inference_time": 3.90228300900003,
    "throughput": 196.80786817068966,
    "max_memory_allocated_per_device": [
        3.5758776664733887,
        3.542656421661377
    ]
}