{
    "description": "Pipeline parallel OPT-6.7B benchmark",
    "model_name": "opt-6.7b",
    "model_size": 3.3843536376953125,
    "max_prompt_len": 384,
    "max_new_tokens": 512,
    "dtype": "float16",
    "model_config_dir": null,
    "data_size": 16,
    "batch_size": 16,
    "inference_time": 57.33393394700033,
    "throughput": 142.88222412180386,
    "max_memory_allocated_per_device": [
        5.489046573638916,
        5.08942174911499,
        5.08942174911499,
        5.254309177398682
    ]
}