{
    "description": "Pipeline parallel OPT-6.7B benchmark",
    "model_name": "opt-6.7b",
    "model_size": 3.00079345703125,
    "max_prompt_len": 384,
    "max_new_tokens": 384,
    "dtype": "float16",
    "model_config_dir": null,
    "data_size": 48,
    "batch_size": 48,
    "inference_time": 88.60739415400167,
    "throughput": 208.01875707985232,
    "max_memory_allocated_per_device": [
        8.757640838623047,
        8.358455657958984,
        8.358455657958984,
        8.180843353271484
    ]
}