{
    "description": "Pipeline parallel OPT-1.3B benchmark",
    "model_name": "opt-1.3b-pipeline",
    "model_size": 2.6503753662109375,
    "max_prompt_len": 32,
    "max_new_tokens": 32,
    "dtype": "float32",
    "model_config_dir": null,
    "data_size": 8,
    "batch_size": 8,
    "inference_time": 1.2388789479991829,
    "throughput": 206.63842937475508,
    "max_memory_allocated_per_device": [
        2.7662558555603027,
        2.744202136993408
    ]
}