{
    "description": "Pipeline parallel OPT-1.3B benchmark",
    "model_name": "opt-1.3b-pipeline",
    "model_size": 2.6503753662109375,
    "max_prompt_len": 128,
    "max_new_tokens": 48,
    "dtype": "float32",
    "model_config_dir": null,
    "data_size": 40,
    "batch_size": 40,
    "inference_time": 10.470766415000071,
    "throughput": 183.36766611940382,
    "max_memory_allocated_per_device": [
        4.68169641494751,
        4.626969814300537
    ]
}