{
    "description": "Pipeline parallel OPT-6.7B benchmark",
    "model_name": "opt-6.7b",
    "model_size": 3.00079345703125,
    "max_prompt_len": 128,
    "max_new_tokens": 256,
    "dtype": "float16",
    "model_config_dir": null,
    "data_size": 16,
    "batch_size": 16,
    "inference_time": 19.426639252000314,
    "throughput": 210.8444979528945,
    "max_memory_allocated_per_device": [
        4.301149845123291,
        3.9015250205993652,
        3.9016470909118652,
        4.191687107086182
    ]
}