{
    "description": "Pipeline parallel OPT-6.7B benchmark",
    "model_name": "opt-6.7b",
    "model_size": 3.3999786376953125,
    "max_prompt_len": 128,
    "max_new_tokens": 512,
    "dtype": "float16",
    "model_config_dir": null,
    "data_size": 32,
    "batch_size": 32,
    "inference_time": 65.68900097599908,
    "throughput": 249.41770702200594,
    "max_memory_allocated_per_device": [
        6.382164478302002,
        5.9829792976379395,
        5.9829792976379395,
        6.054742336273193
    ]
}