{
    "description": "Pipeline parallel OPT-1.3B benchmark",
    "model_name": "opt-1.3b-pipeline",
    "model_size": 2.6347503662109375,
    "max_prompt_len": 112,
    "max_new_tokens": 32,
    "dtype": "float32",
    "model_config_dir": null,
    "data_size": 16,
    "batch_size": 16,
    "inference_time": 3.624725394998677,
    "throughput": 141.25207959379412,
    "max_memory_allocated_per_device": [
        3.367265224456787,
        3.337954044342041
    ]
}}