{
    "description": "Pipeline parallel OPT-1.3B benchmark",
    "model_name": "opt-1.3b-pipeline",
    "model_size": 2.6503753662109375,
    "max_prompt_len": 16,
    "max_new_tokens": 80,
    "dtype": "float32",
    "model_config_dir": null,
    "data_size": 64,
    "batch_size": 64,
    "inference_time": 9.304536491999897,
    "throughput": 550.2692159251791,
    "max_memory_allocated_per_device": [
        3.9251718521118164,
        3.817934036254883
    ]
}