{
    "description": "Pipeline parallel OPT-1.3B benchmark",
    "model_name": "opt-1.3b-pipeline",
    "model_size": 2.6503753662109375,
    "max_prompt_len": 48,
    "max_new_tokens": 64,
    "dtype": "float32",
    "model_config_dir": null,
    "data_size": 64,
    "batch_size": 64,
    "inference_time": 10.56396984499952,
    "throughput": 387.7330265135934,
    "max_memory_allocated_per_device": [
        4.1359453201293945,
        4.018186569213867
    ]
}