{
    "description": "Pipeline parallel OPT-6.7B benchmark",
    "model_name": "opt-6.7b",
    "model_size": 3.3843536376953125,
    "max_prompt_len": 256,
    "max_new_tokens": 128,
    "dtype": "float16",
    "model_config_dir": null,
    "data_size": 16,
    "batch_size": 16,
    "inference_time": 11.979107054998167,
    "throughput": 170.96432902696964,
    "max_memory_allocated_per_device": [
        4.409534454345703,
        4.010349273681641,
        4.010349273681641,
        4.3422746658325195
    ]
}