{
    "description": "Pipeline parallel OPT-1.3B benchmark",
    "model_name": "opt-1.3b-pipeline",
    "model_size": 2.6503753662109375,
    "max_prompt_len": 48,
    "max_new_tokens": 96,
    "dtype": "float32",
    "model_config_dir": null,
    "data_size": 40,
    "batch_size": 40,
    "inference_time": 11.340167911000094,
    "throughput": 338.61932469934203,
    "max_memory_allocated_per_device": [
        3.845592498779297,
        3.743497848510742
    ]
}