{
    "description": "Pipeline parallel OPT-1.3B benchmark",
    "model_name": "opt-1.3b-pipeline",
    "model_size": 2.6347503662109375,
    "max_prompt_len": 112,
    "max_new_tokens": 128,
    "dtype": "float32",
    "model_config_dir": null,
    "data_size": 32,
    "batch_size": 32,
    "inference_time": 17.25160093699742,
    "throughput": 237.4272402288071,
    "max_memory_allocated_per_device": [
        4.241123676300049,
        4.109384059906006
    ]
}