{
    "description": "Pipeline parallel OPT-6.7B benchmark",
    "model_name": "opt-6.7b",
    "model_size": 3.3999786376953125,
    "max_prompt_len": 128,
    "max_new_tokens": 256,
    "dtype": "float16",
    "model_config_dir": null,
    "data_size": 48,
    "batch_size": 48,
    "inference_time": 34.802152303000184,
    "throughput": 353.08161095946616,
    "max_memory_allocated_per_device": [
        6.083491802215576,
        5.684306621551514,
        5.684306621551514,
        5.788158893585205
    ]
}