{
    "description": "Pipeline parallel OPT-1.3B benchmark",
    "model_name": "opt-1.3b-pipeline",
    "model_size": 2.6503753662109375,
    "max_prompt_len": 48,
    "max_new_tokens": 32,
    "dtype": "float32",
    "model_config_dir": null,
    "data_size": 64,
    "batch_size": 64,
    "inference_time": 6.7471937130003425,
    "throughput": 303.5336003550571,
    "max_memory_allocated_per_device": [
        3.8817315101623535,
        3.8426451683044434
    ]
}