{
    "description": "Pipeline parallel OPT-1.3B benchmark",
    "model_name": "opt-1.3b-pipeline",
    "model_size": 2.6503753662109375,
    "max_prompt_len": 64,
    "max_new_tokens": 64,
    "dtype": "float32",
    "model_config_dir": null,
    "data_size": 56,
    "batch_size": 56,
    "inference_time": 11.21127558499984,
    "throughput": 319.67816443609894,
    "max_memory_allocated_per_device": [
        4.135863780975342,
        4.038222789764404
    ]
}