{
    "description": "Pipeline parallel OPT-1.3B benchmark",
    "model_name": "opt-1.3b-pipeline",
    "model_size": 2.6503753662109375,
    "max_prompt_len": 48,
    "max_new_tokens": 32,
    "dtype": "float32",
    "model_config_dir": null,
    "data_size": 48,
    "batch_size": 48,
    "inference_time": 5.485492524999927,
    "throughput": 280.0113194940541,
    "max_memory_allocated_per_device": [
        3.5758776664733887,
        3.542656421661377
    ]
}