{
    "description": "Pipeline parallel OPT-1.3B benchmark",
    "model_name": "opt-1.3b-pipeline",
    "model_size": 2.6503753662109375,
    "max_prompt_len": 32,
    "max_new_tokens": 96,
    "dtype": "float32",
    "model_config_dir": null,
    "data_size": 8,
    "batch_size": 8,
    "inference_time": 3.4075962689985317,
    "throughput": 225.37881232793745,
    "max_memory_allocated_per_device": [
        2.8702282905578613,
        2.838430881500244
    ]
}