{
    "description": "Pipeline parallel OPT-1.3B benchmark",
    "model_name": "opt-1.3b-pipeline",
    "model_size": 2.6503753662109375,
    "max_prompt_len": 96,
    "max_new_tokens": 64,
    "dtype": "float32",
    "model_config_dir": null,
    "data_size": 40,
    "batch_size": 40,
    "inference_time": 10.586308702999986,
    "throughput": 241.82177865968882,
    "max_memory_allocated_per_device": [
        4.178124904632568,
        4.13317346572876
    ]
}