{
    "description": "Pipeline parallel OPT-1.3B benchmark",
    "model_name": "opt-1.3b-pipeline",
    "model_size": 2.6503753662109375,
    "max_prompt_len": 48,
    "max_new_tokens": 80,
    "dtype": "float32",
    "model_config_dir": null,
    "data_size": 40,
    "batch_size": 40,
    "inference_time": 9.576019963000022,
    "throughput": 334.1680585842773,
    "max_memory_allocated_per_device": [
        3.714656352996826,
        3.622631549835205
    ]
}