{
    "description": "Pipeline parallel OPT-1.3B benchmark",
    "model_name": "opt-1.3b-pipeline",
    "model_size": 2.6347503662109375,
    "max_prompt_len": 96,
    "max_new_tokens": 16,
    "dtype": "float32",
    "model_config_dir": null,
    "data_size": 56,
    "batch_size": 56,
    "inference_time": 7.423630763000801,
    "throughput": 120.69565804183617,
    "max_memory_allocated_per_device": [
        4.786048412322998,
        4.729366779327393
    ]
}