{
    "description": "Pipeline parallel OPT-1.3B benchmark",
    "model_name": "opt-1.3b-pipeline",
    "model_size": 2.6503753662109375,
    "max_prompt_len": 32,
    "max_new_tokens": 32,
    "dtype": "float32",
    "model_config_dir": null,
    "data_size": 24,
    "batch_size": 24,
    "inference_time": 3.1353569399998378,
    "throughput": 244.94818762167466,
    "max_memory_allocated_per_device": [
        2.976637363433838,
        2.945272922515869
    ]
}