{
    "description": "Pipeline parallel OPT-1.3B benchmark",
    "model_name": "opt-1.3b-pipeline",
    "model_size": 2.6347503662109375,
    "max_prompt_len": 16,
    "max_new_tokens": 16,
    "dtype": "float32",
    "model_config_dir": null,
    "data_size": 32,
    "batch_size": 32,
    "inference_time": 1.6724780530003045,
    "throughput": 306.1325672295126,
    "max_memory_allocated_per_device": [
        2.8697915077209473,
        2.8483428955078125
    ]
}