{
    "description": "Pipeline parallel OPT-1.3B benchmark",
    "model_name": "opt-1.3b-pipeline",
    "model_size": 2.6503753662109375,
    "max_prompt_len": 48,
    "max_new_tokens": 80,
    "dtype": "float32",
    "model_config_dir": null,
    "data_size": 56,
    "batch_size": 56,
    "inference_time": 11.395243297999968,
    "throughput": 393.14649831007165,
    "max_memory_allocated_per_device": [
        4.13585901260376,
        4.012899875640869
    ]
}