{
    "description": "Pipeline parallel OPT-1.3B benchmark",
    "model_name": "opt-1.3b",
    "model_size": 2.6347503662109375,
    "dtype": "float32",
    "max_prompt_len": 192,
    "max_new_tokens": 1,
    "model_config_dir": null,
    "data_size": 8,
    "batch_size": 8,
    "inference_time": 1.4825631949997842,
    "throughput": 5.396060031020239,
    "max_memory_allocated_per_device": [
        3.238962173461914,
        3.223337173461914
    ]
}