{
    "description": "Pipeline parallel OPT-1.3B benchmark",
    "model_name": "opt-1.3b-pipeline",
    "model_size": 2.6347503662109375,
    "max_prompt_len": 64,
    "max_new_tokens": 80,
    "dtype": "float32",
    "model_config_dir": null,
    "data_size": 16,
    "batch_size": 4,
    "inference_time": 6.822441910000634,
    "throughput": 187.61610826231,
    "max_memory_allocated_per_device": [
        3.621318817138672,
        3.57248592376709
    ]
}