{
    "description": "Pipeline parallel OPT-6.7B benchmark",
    "model_name": "opt-6.7b",
    "model_size": 3.0092544555664062,
    "max_prompt_len": 384,
    "max_new_tokens": 384,
    "dtype": "float16",
    "model_config_dir": null,
    "data_size": 48,
    "batch_size": 48,
    "inference_time": 89.44028020800033,
    "throughput": 206.08164416675518,
    "max_memory_allocated_per_device": [
        8.096881866455078,
        9.571796417236328,
        9.571796417236328,
        7.518986225128174
    ]
}