{
    "description": "Pipeline parallel OPT-1.3B benchmark",
    "model_name": "opt-1.3b-pipeline",
    "model_size": 2.6347503662109375,
    "max_prompt_len": 16,
    "max_new_tokens": 64,
    "dtype": "float32",
    "model_config_dir": null,
    "data_size": 64,
    "batch_size": 64,
    "inference_time": 7.46690278800088,
    "throughput": 548.5540814301435,
    "max_memory_allocated_per_device": [
        4.225560188293457,
        4.133694648742676
    ]
}