{
    "description": "Pipeline parallel OPT-1.3B benchmark",
    "model_name": "opt-1.3b",
    "model_size": 2.6503753662109375,
    "dtype": "float32",
    "max_prompt_len": 320,
    "max_new_tokens": 1,
    "model_config_dir": null,
    "data_size": 8,
    "batch_size": 1,
    "inference_time": 1.7132087109998793,
    "throughput": 4.6696003520382305,
    "max_memory_allocated_per_device": [
        3.9465842247009277,
        3.844266414642334
    ]
}