{
    "description": "Pipeline parallel OPT-1.3B benchmark",
    "model_name": "opt-1.3b-pipeline",
    "model_size": 2.6347503662109375,
    "max_prompt_len": 16,
    "max_new_tokens": 64,
    "dtype": "float32",
    "model_config_dir": null,
    "data_size": 56,
    "batch_size": 56,
    "inference_time": 7.004316345999541,
    "throughput": 511.68448467450685,
    "max_memory_allocated_per_device": [
        4.082381248474121,
        3.999551773071289
    ]
}