{
    "description": "Pipeline parallel OPT-1.3B benchmark",
    "model_name": "opt-1.3b-pipeline",
    "model_size": 2.6503753662109375,
    "max_prompt_len": 32,
    "max_new_tokens": 96,
    "dtype": "float32",
    "model_config_dir": null,
    "data_size": 24,
    "batch_size": 3,
    "inference_time": 13.26361527699919,
    "throughput": 173.70829535409035,
    "max_memory_allocated_per_device": [
        3.777129650115967,
        3.7135539054870605
    ]
}