{
    "description": "Pipeline parallel OPT-1.3B benchmark",
    "model_name": "opt-1.3b-pipeline",
    "model_size": 2.6347503662109375,
    "max_prompt_len": 64,
    "max_new_tokens": 112,
    "dtype": "float32",
    "model_config_dir": null,
    "data_size": 64,
    "batch_size": 16,
    "inference_time": 20.285367791999306,
    "throughput": 353.3581482721309,
    "max_memory_allocated_per_device": [
        5.421914100646973,
        5.23530387878418
    ]
}