{
    "description": "Pipeline parallel OPT-1.3B benchmark",
    "model_name": "opt-1.3b-pipeline",
    "model_size": 2.6347503662109375,
    "max_prompt_len": 64,
    "max_new_tokens": 128,
    "dtype": "float32",
    "model_config_dir": null,
    "data_size": 56,
    "batch_size": 56,
    "inference_time": 19.470557631000702,
    "throughput": 368.1455937649792,
    "max_memory_allocated_per_device": [
        5.380985736846924,
        5.200724124908447
    ]
}