{
    "description": "Pipeline parallel OPT-1.3B benchmark",
    "model_name": "opt-1.3b-pipeline",
    "model_size": 2.6347503662109375,
    "max_prompt_len": 16,
    "max_new_tokens": 112,
    "dtype": "float32",
    "model_config_dir": null,
    "data_size": 48,
    "batch_size": 6,
    "inference_time": 17.364989429996058,
    "throughput": 309.5884406767082,
    "max_memory_allocated_per_device": [
        4.392913818359375,
        4.281785011291504
    ]
}