{
    "description": "Pipeline parallel OPT-1.3B benchmark",
    "model_name": "opt-1.3b-pipeline",
    "model_size": 2.6347503662109375,
    "max_prompt_len": 16,
    "max_new_tokens": 112,
    "dtype": "float32",
    "model_config_dir": null,
    "data_size": 56,
    "batch_size": 56,
    "inference_time": 12.993313809005485,
    "throughput": 482.70980692030724,
    "max_memory_allocated_per_device": [
        4.645974636077881,
        4.522571086883545
    ]
}