{
    "description": "Pipeline parallel OPT-1.3B benchmark",
    "model_name": "opt-1.3b-pipeline",
    "model_size": 2.6347503662109375,
    "max_prompt_len": 64,
    "max_new_tokens": 32,
    "dtype": "float32",
    "model_config_dir": null,
    "data_size": 16,
    "batch_size": 2,
    "inference_time": 4.71417364700028,
    "throughput": 108.60864243424625,
    "max_memory_allocated_per_device": [
        3.5540900230407715,
        3.5228323936462402
    ]
}