{
    "description": "Pipeline parallel OPT-6.7B benchmark",
    "model_name": "opt-6.7b",
    "model_size": 3.0248794555664062,
    "max_prompt_len": 512,
    "max_new_tokens": 128,
    "dtype": "float16",
    "model_config_dir": null,
    "data_size": 16,
    "batch_size": 16,
    "inference_time": 17.29692639699988,
    "throughput": 118.40253886697592,
    "max_memory_allocated_per_device": [
        5.186323165893555,
        5.787336349487305,
        5.787336349487305,
        5.002301216125488
    ]
}