{
    "description": "Pipeline parallel OPT-1.3B benchmark",
    "model_name": "opt-1.3b-pipeline",
    "model_size": 2.6503753662109375,
    "max_prompt_len": 32,
    "max_new_tokens": 64,
    "dtype": "float32",
    "model_config_dir": null,
    "data_size": 56,
    "batch_size": 28,
    "inference_time": 9.062813513999572,
    "throughput": 395.4621811939194,
    "max_memory_allocated_per_device": [
        4.246607303619385,
        4.148868083953857
    ]
}