{
    "description": "Pipeline parallel OPT-1.3B benchmark",
    "model_name": "opt-1.3b-pipeline",
    "model_size": 2.6503753662109375,
    "max_prompt_len": 80,
    "max_new_tokens": 112,
    "dtype": "float32",
    "model_config_dir": null,
    "data_size": 64,
    "batch_size": 16,
    "inference_time": 21.423065411996504,
    "throughput": 334.59263938885505,
    "max_memory_allocated_per_device": [
        5.625200271606445,
        5.422224044799805
    ]
}