{
    "description": "Pipeline parallel OPT-1.3B benchmark",
    "model_name": "opt-1.3b-pipeline",
    "model_size": 2.6347503662109375,
    "max_prompt_len": 48,
    "max_new_tokens": 128,
    "dtype": "float32",
    "model_config_dir": null,
    "data_size": 40,
    "batch_size": 40,
    "inference_time": 14.838508279000962,
    "throughput": 345.04816142776826,
    "max_memory_allocated_per_device": [
        4.60919189453125,
        4.48723030090332
    ]
}