{
    "description": "Pipeline parallel OPT-1.3B benchmark",
    "model_name": "opt-1.3b-pipeline",
    "model_size": 2.6347503662109375,
    "max_prompt_len": 32,
    "max_new_tokens": 16,
    "dtype": "float32",
    "model_config_dir": null,
    "data_size": 8,
    "batch_size": 2,
    "inference_time": 1.2634544299999106,
    "throughput": 101.30955019882201,
    "max_memory_allocated_per_device": [
        3.2580771446228027,
        3.238542079925537
    ]
}