{
    "description": "Pipeline parallel OPT-6.7B benchmark",
    "model_name": "opt-6.7b",
    "model_size": 3.3758926391601562,
    "max_prompt_len": 384,
    "max_new_tokens": 256,
    "dtype": "float16",
    "model_config_dir": null,
    "data_size": 48,
    "batch_size": 12,
    "inference_time": 46.665024936999544,
    "throughput": 263.32354941606707,
    "max_memory_allocated_per_device": [
        7.348181247711182,
        8.406344413757324,
        8.4064359664917,
        7.025157451629639
    ]
}