{
    "description": "Pipeline parallel OPT-1.3B benchmark",
    "model_name": "opt-1.3b-pipeline",
    "model_size": 2.6347503662109375,
    "max_prompt_len": 112,
    "max_new_tokens": 32,
    "dtype": "float32",
    "model_config_dir": null,
    "data_size": 8,
    "batch_size": 1,
    "inference_time": 4.839747938000073,
    "throughput": 52.895316714735095,
    "max_memory_allocated_per_device": [
        3.509345531463623,
        3.480041027069092
    ]
}