{
    "description": "Pipeline parallel OPT-1.3B benchmark",
    "model_name": "opt-1.3b-pipeline",
    "model_size": 2.6503753662109375,
    "max_prompt_len": 64,
    "max_new_tokens": 96,
    "dtype": "float32",
    "model_config_dir": null,
    "data_size": 24,
    "batch_size": 3,
    "inference_time": 13.542080302999238,
    "throughput": 170.1363415700408,
    "max_memory_allocated_per_device": [
        3.9337029457092285,
        3.8550972938537598
    ]
}