{
    "description": "Pipeline parallel OPT-1.3B benchmark",
    "model_name": "opt-1.3b-pipeline",
    "model_size": 2.6503753662109375,
    "max_prompt_len": 32,
    "max_new_tokens": 96,
    "dtype": "float32",
    "model_config_dir": null,
    "data_size": 32,
    "batch_size": 4,
    "inference_time": 13.691064725000615,
    "throughput": 224.3799194368254,
    "max_memory_allocated_per_device": [
        3.9810256958007812,
        3.9022607803344727
    ]
}