{
    "description": "Pipeline parallel OPT-1.3B benchmark",
    "model_name": "opt-1.3b-pipeline",
    "model_size": 2.6347503662109375,
    "max_prompt_len": 48,
    "max_new_tokens": 64,
    "dtype": "float32",
    "model_config_dir": null,
    "data_size": 64,
    "batch_size": 32,
    "inference_time": 10.691785998998967,
    "throughput": 383.0978285932298,
    "max_memory_allocated_per_device": [
        4.613594055175781,
        4.48893928527832
    ]
}