{
    "description": "Pipeline parallel OPT-1.3B benchmark",
    "model_name": "opt-1.3b-pipeline",
    "model_size": 2.6347503662109375,
    "max_prompt_len": 96,
    "max_new_tokens": 80,
    "dtype": "float32",
    "model_config_dir": null,
    "data_size": 16,
    "batch_size": 8,
    "inference_time": 5.404467915999703,
    "throughput": 236.84107666003771,
    "max_memory_allocated_per_device": [
        3.757833957672119,
        3.7187600135803223
    ]
}