{
    "description": "Pipeline parallel OPT-1.3B benchmark",
    "model_name": "opt-1.3b-pipeline",
    "model_size": 2.6503753662109375,
    "max_prompt_len": 112,
    "max_new_tokens": 112,
    "dtype": "float32",
    "model_config_dir": null,
    "data_size": 24,
    "batch_size": 3,
    "inference_time": 17.04720313400321,
    "throughput": 157.679824594709,
    "max_memory_allocated_per_device": [
        4.2310004234313965,
        4.140767574310303
    ]
}