{
    "description": "Pipeline parallel OPT-1.3B benchmark",
    "model_name": "opt-1.3b-pipeline",
    "model_size": 2.6503753662109375,
    "max_prompt_len": 48,
    "max_new_tokens": 64,
    "dtype": "float32",
    "model_config_dir": null,
    "data_size": 16,
    "batch_size": 8,
    "inference_time": 3.7732400610002514,
    "throughput": 271.3848001837834,
    "max_memory_allocated_per_device": [
        3.521576404571533,
        3.478604793548584
    ]
}