{
    "description": "Pipeline parallel OPT-1.3B benchmark",
    "model_name": "opt-1.3b-pipeline",
    "model_size": 2.6503753662109375,
    "max_prompt_len": 48,
    "max_new_tokens": 64,
    "dtype": "float32",
    "model_config_dir": null,
    "data_size": 48,
    "batch_size": 6,
    "inference_time": 11.19869302099687,
    "throughput": 274.31772567032476,
    "max_memory_allocated_per_device": [
        4.230645179748535,
        4.132907390594482
    ]
}