{
    "description": "Pipeline parallel OPT-1.3B benchmark",
    "model_name": "opt-1.3b-pipeline",
    "model_size": 2.6503753662109375,
    "max_prompt_len": 128,
    "max_new_tokens": 48,
    "dtype": "float32",
    "model_config_dir": null,
    "data_size": 48,
    "batch_size": 6,
    "inference_time": 11.726964071000111,
    "throughput": 196.47028728412468,
    "max_memory_allocated_per_device": [
        5.54016637802124,
        5.429769039154053
    ]
}