{
    "description": "Pipeline parallel OPT-1.3B benchmark",
    "model_name": "opt-1.3b-pipeline",
    "model_size": 2.6347503662109375,
    "max_prompt_len": 96,
    "max_new_tokens": 16,
    "dtype": "float32",
    "model_config_dir": null,
    "data_size": 24,
    "batch_size": 12,
    "inference_time": 3.297065107999515,
    "throughput": 116.46721778963926,
    "max_memory_allocated_per_device": [
        4.0555500984191895,
        4.004751682281494
    ]
}