{
    "description": "Pipeline parallel OPT-1.3B benchmark",
    "model_name": "opt-1.3b-pipeline",
    "model_size": 2.6347503662109375,
    "max_prompt_len": 32,
    "max_new_tokens": 48,
    "dtype": "float32",
    "model_config_dir": null,
    "data_size": 56,
    "batch_size": 28,
    "inference_time": 7.276428985998791,
    "throughput": 369.41197463374056,
    "max_memory_allocated_per_device": [
        4.074831008911133,
        3.9890904426574707
    ]
}