{
    "description": "Pipeline parallel OPT-1.3B benchmark",
    "model_name": "opt-1.3b-pipeline",
    "model_size": 2.6347503662109375,
    "max_prompt_len": 48,
    "max_new_tokens": 128,
    "dtype": "float32",
    "model_config_dir": null,
    "data_size": 16,
    "batch_size": 16,
    "inference_time": 7.960991253999964,
    "throughput": 257.25439642594654,
    "max_memory_allocated_per_device": [
        3.7412829399108887,
        3.6829276084899902
    ]
}