{
    "description": "Pipeline parallel OPT-1.3B benchmark",
    "model_name": "opt-1.3b-pipeline",
    "model_size": 2.6503753662109375,
    "max_prompt_len": 48,
    "max_new_tokens": 96,
    "dtype": "float32",
    "model_config_dir": null,
    "data_size": 16,
    "batch_size": 2,
    "inference_time": 12.76280302500163,
    "throughput": 120.34973798397266,
    "max_memory_allocated_per_device": [
        3.6207685470581055,
        3.567943572998047
    ]
}