{
    "description": "Pipeline parallel OPT-1.3B benchmark",
    "model_name": "opt-1.3b-pipeline",
    "model_size": 2.6347503662109375,
    "max_prompt_len": 32,
    "max_new_tokens": 16,
    "dtype": "float32",
    "model_config_dir": null,
    "data_size": 16,
    "batch_size": 16,
    "inference_time": 1.2776770509990456,
    "throughput": 200.36362068163282,
    "max_memory_allocated_per_device": [
        3.6160225868225098,
        3.5645089149475098
    ]
}