{
    "description": "Pipeline parallel OPT-1.3B benchmark",
    "model_name": "opt-1.3b-pipeline",
    "model_size": 2.6503753662109375,
    "max_prompt_len": 32,
    "max_new_tokens": 96,
    "dtype": "float32",
    "model_config_dir": null,
    "data_size": 48,
    "batch_size": 6,
    "inference_time": 15.40668607000407,
    "throughput": 299.09092578783117,
    "max_memory_allocated_per_device": [
        4.3940510749816895,
        4.281784534454346
    ]
}