{
    "description": "Pipeline parallel OPT-1.3B benchmark",
    "model_name": "opt-1.3b-pipeline",
    "model_size": 2.6347503662109375,
    "max_prompt_len": 16,
    "max_new_tokens": 48,
    "dtype": "float32",
    "model_config_dir": null,
    "data_size": 48,
    "batch_size": 24,
    "inference_time": 5.972481742996024,
    "throughput": 385.7692830458492,
    "max_memory_allocated_per_device": [
        3.784590721130371,
        3.7231550216674805
    ]
}