{
    "description": "Pipeline parallel OPT-1.3B benchmark",
    "model_name": "opt-1.3b-pipeline",
    "model_size": 2.6347503662109375,
    "max_prompt_len": 48,
    "max_new_tokens": 48,
    "dtype": "float32",
    "model_config_dir": null,
    "data_size": 48,
    "batch_size": 24,
    "inference_time": 7.511964792000072,
    "throughput": 306.7107026984024,
    "max_memory_allocated_per_device": [
        4.095351219177246,
        4.01133918762207
    ]
}