{
    "description": "Pipeline parallel OPT-1.3B benchmark",
    "model_name": "opt-1.3b-pipeline",
    "model_size": 2.6347503662109375,
    "max_prompt_len": 80,
    "max_new_tokens": 80,
    "dtype": "float32",
    "model_config_dir": null,
    "data_size": 48,
    "batch_size": 12,
    "inference_time": 14.531967568000255,
    "throughput": 264.2450158267469,
    "max_memory_allocated_per_device": [
        4.7023162841796875,
        4.572219371795654
    ]
}