{
    "description": "Pipeline parallel OPT-1.3B benchmark",
    "model_name": "opt-1.3b-pipeline",
    "model_size": 2.6347503662109375,
    "max_prompt_len": 128,
    "max_new_tokens": 128,
    "dtype": "float32",
    "model_config_dir": null,
    "data_size": 48,
    "batch_size": 48,
    "inference_time": 23.019807841999864,
    "throughput": 266.90057719726974,
    "max_memory_allocated_per_device": [
        5.696766376495361,
        5.49493932723999
    ]
}