{
    "description": "Pipeline parallel OPT-1.3B benchmark",
    "model_name": "opt-1.3b-pipeline",
    "model_size": 2.6503753662109375,
    "max_prompt_len": 96,
    "max_new_tokens": 128,
    "dtype": "float32",
    "model_config_dir": null,
    "data_size": 40,
    "batch_size": 20,
    "inference_time": 19.276932125998428,
    "throughput": 265.60242919021096,
    "max_memory_allocated_per_device": [
        4.970198154449463,
        4.8184990882873535
    ]
}