{
    "description": "Pipeline parallel OPT-1.3B benchmark",
    "model_name": "opt-1.3b-pipeline",
    "model_size": 2.6503753662109375,
    "max_prompt_len": 16,
    "max_new_tokens": 48,
    "dtype": "float32",
    "model_config_dir": null,
    "data_size": 16,
    "batch_size": 2,
    "inference_time": 6.056089563997375,
    "throughput": 126.81450495145499,
    "max_memory_allocated_per_device": [
        3.365837574005127,
        3.310844898223877
    ]
}