{
    "description": "Pipeline parallel OPT-1.3B benchmark",
    "model_name": "opt-1.3b-pipeline",
    "model_size": 2.6347503662109375,
    "max_prompt_len": 96,
    "max_new_tokens": 112,
    "dtype": "float32",
    "model_config_dir": null,
    "data_size": 64,
    "batch_size": 64,
    "inference_time": 22.184227984995232,
    "throughput": 323.1124384787349,
    "max_memory_allocated_per_device": [
        5.906558990478516,
        5.688634872436523
    ]
}