{
    "description": "Pipeline parallel OPT-1.3B benchmark",
    "model_name": "opt-1.3b-pipeline",
    "model_size": 2.6347503662109375,
    "max_prompt_len": 112,
    "max_new_tokens": 112,
    "dtype": "float32",
    "model_config_dir": null,
    "data_size": 48,
    "batch_size": 12,
    "inference_time": 21.364200226998946,
    "throughput": 251.63591161283424,
    "max_memory_allocated_per_device": [
        5.316224098205566,
        5.145087718963623
    ]
}