{
    "description": "Pipeline parallel OPT-1.3B benchmark",
    "model_name": "opt-1.3b-pipeline",
    "model_size": 2.6347503662109375,
    "max_prompt_len": 48,
    "max_new_tokens": 16,
    "dtype": "float32",
    "model_config_dir": null,
    "data_size": 16,
    "batch_size": 2,
    "inference_time": 2.5554328310026904,
    "throughput": 100.17872389138546,
    "max_memory_allocated_per_device": [
        3.4551215171813965,
        3.4277701377868652
    ]
}