{
    "description": "Pipeline parallel OPT-1.3B benchmark",
    "model_name": "opt-1.3b-pipeline",
    "model_size": 2.6347503662109375,
    "max_prompt_len": 32,
    "max_new_tokens": 128,
    "dtype": "float32",
    "model_config_dir": null,
    "data_size": 48,
    "batch_size": 24,
    "inference_time": 17.05713910999475,
    "throughput": 360.20108415483816,
    "max_memory_allocated_per_device": [
        4.719803810119629,
        4.587510108947754
    ]
}