{
    "description": "Pipeline parallel OPT-1.3B benchmark",
    "model_name": "opt-1.3b-pipeline",
    "model_size": 2.6503753662109375,
    "max_prompt_len": 16,
    "max_new_tokens": 80,
    "dtype": "float32",
    "model_config_dir": null,
    "data_size": 48,
    "batch_size": 48,
    "inference_time": 8.307008597003005,
    "throughput": 462.2602655527998,
    "max_memory_allocated_per_device": [
        4.11697244644165,
        4.032418727874756
    ]
}