{
    "description": "Pipeline parallel OPT-1.3B benchmark",
    "model_name": "opt-1.3b-pipeline",
    "model_size": 2.6347503662109375,
    "max_prompt_len": 16,
    "max_new_tokens": 64,
    "dtype": "float32",
    "model_config_dir": null,
    "data_size": 48,
    "batch_size": 48,
    "inference_time": 6.551106205995893,
    "throughput": 468.9284379466105,
    "max_memory_allocated_per_device": [
        3.9583678245544434,
        3.886523723602295
    ]
}