{
    "description": "Pipeline parallel OPT-1.3B benchmark",
    "model_name": "opt-1.3b-pipeline",
    "model_size": 2.6347503662109375,
    "max_prompt_len": 80,
    "max_new_tokens": 16,
    "dtype": "float32",
    "model_config_dir": null,
    "data_size": 24,
    "batch_size": 6,
    "inference_time": 2.733799467998324,
    "throughput": 140.46385058417,
    "max_memory_allocated_per_device": [
        3.921863079071045,
        3.8750338554382324
    ]
}