{
    "description": "Pipeline parallel OPT-1.3B benchmark",
    "model_name": "opt-1.3b-pipeline",
    "model_size": 2.6503753662109375,
    "max_prompt_len": 80,
    "max_new_tokens": 112,
    "dtype": "float32",
    "model_config_dir": null,
    "data_size": 48,
    "batch_size": 6,
    "inference_time": 20.204463510002824,
    "throughput": 266.0798193101465,
    "max_memory_allocated_per_device": [
        5.010004997253418,
        4.845889091491699
    ]
}