{
    "description": "Pipeline parallel OPT-1.3B benchmark",
    "model_name": "opt-1.3b-pipeline",
    "model_size": 2.6347503662109375,
    "max_prompt_len": 48,
    "max_new_tokens": 64,
    "dtype": "float32",
    "model_config_dir": null,
    "data_size": 40,
    "batch_size": 40,
    "inference_time": 7.8104465839969635,
    "throughput": 327.76614915275826,
    "max_memory_allocated_per_device": [
        4.081720352172852,
        3.998882293701172
    ]
}