{
    "description": "Pipeline parallel OPT-1.3B benchmark",
    "model_name": "opt-1.3b-pipeline",
    "model_size": 2.6347503662109375,
    "max_prompt_len": 128,
    "max_new_tokens": 128,
    "dtype": "float32",
    "model_config_dir": null,
    "data_size": 16,
    "batch_size": 2,
    "inference_time": 17.952747275998263,
    "throughput": 114.07724781699858,
    "max_memory_allocated_per_device": [
        3.9778432846069336,
        3.9101767539978027
    ]
}