{
    "description": "Pipeline parallel OPT-1.3B benchmark",
    "model_name": "opt-1.3b-pipeline",
    "model_size": 2.6503753662109375,
    "max_prompt_len": 112,
    "max_new_tokens": 112,
    "dtype": "float32",
    "model_config_dir": null,
    "data_size": 40,
    "batch_size": 20,
    "inference_time": 18.251062771996658,
    "throughput": 245.4651576166756,
    "max_memory_allocated_per_device": [
        4.973531723022461,
        4.825737476348877
    ]
}