{
    "description": "Pipeline parallel OPT-1.3B benchmark",
    "model_name": "opt-1.3b-pipeline",
    "model_size": 2.6347503662109375,
    "max_prompt_len": 64,
    "max_new_tokens": 128,
    "dtype": "float32",
    "model_config_dir": null,
    "data_size": 8,
    "batch_size": 2,
    "inference_time": 9.314212510000289,
    "throughput": 109.939514360508,
    "max_memory_allocated_per_device": [
        3.4691929817199707,
        3.430542469024658
    ]
}