{
    "description": "Pipeline parallel OPT-1.3B benchmark",
    "model_name": "opt-1.3b-pipeline",
    "model_size": 2.6347503662109375,
    "max_prompt_len": 48,
    "max_new_tokens": 112,
    "dtype": "float32",
    "model_config_dir": null,
    "data_size": 8,
    "batch_size": 1,
    "inference_time": 14.622166446000847,
    "throughput": 61.276829484118984,
    "max_memory_allocated_per_device": [
        3.4960875511169434,
        3.4648361206054688
    ]
}