{
    "description": "Pipeline parallel OPT-1.3B benchmark",
    "model_name": "opt-1.3b-pipeline",
    "model_size": 2.6503753662109375,
    "max_prompt_len": 128,
    "max_new_tokens": 64,
    "dtype": "float32",
    "model_config_dir": null,
    "data_size": 32,
    "batch_size": 8,
    "inference_time": 8.913910795999982,
    "throughput": 229.75325273829498,
    "max_memory_allocated_per_device": [
        4.74568510055542,
        4.667529582977295
    ]
}