{
    "description": "Pipeline parallel OPT-1.3B benchmark",
    "model_name": "opt-1.3b-pipeline",
    "model_size": 2.6503753662109375,
    "max_prompt_len": 80,
    "max_new_tokens": 32,
    "dtype": "float32",
    "model_config_dir": null,
    "data_size": 64,
    "batch_size": 8,
    "inference_time": 8.735864228001446,
    "throughput": 234.43587795646553,
    "max_memory_allocated_per_device": [
        5.1376776695251465,
        5.04388952255249
    ]
}