{
    "description": "Pipeline parallel OPT-1.3B benchmark",
    "model_name": "opt-1.3b-pipeline",
    "model_size": 2.6347503662109375,
    "max_prompt_len": 32,
    "max_new_tokens": 16,
    "dtype": "float32",
    "model_config_dir": null,
    "data_size": 16,
    "batch_size": 4,
    "inference_time": 1.5102470359997824,
    "throughput": 169.508692219037,
    "max_memory_allocated_per_device": [
        3.356627941131592,
        3.333186626434326
    ]
}