{
    "description": "Pipeline parallel OPT-1.3B benchmark",
    "model_name": "opt-1.3b-pipeline",
    "model_size": 2.6503753662109375,
    "max_prompt_len": 96,
    "max_new_tokens": 64,
    "dtype": "float32",
    "model_config_dir": null,
    "data_size": 32,
    "batch_size": 4,
    "inference_time": 10.84104495000065,
    "throughput": 188.91167866616743,
    "max_memory_allocated_per_device": [
        4.350522518157959,
        4.286168575286865
    ]
}