{
    "description": "Pipeline parallel OPT-1.3B benchmark",
    "model_name": "opt-1.3b-pipeline",
    "model_size": 2.6347503662109375,
    "max_prompt_len": 96,
    "max_new_tokens": 32,
    "dtype": "float32",
    "model_config_dir": null,
    "data_size": 32,
    "batch_size": 32,
    "inference_time": 6.354540186999657,
    "throughput": 161.14462571106804,
    "max_memory_allocated_per_device": [
        4.37487268447876,
        4.31234884262085
    ]
}