{
    "description": "Pipeline parallel OPT-1.3B benchmark",
    "model_name": "opt-1.3b-pipeline",
    "model_size": 2.6503753662109375,
    "max_prompt_len": 16,
    "max_new_tokens": 128,
    "dtype": "float32",
    "model_config_dir": null,
    "data_size": 40,
    "batch_size": 20,
    "inference_time": 15.14558926799873,
    "throughput": 338.05221503121703,
    "max_memory_allocated_per_device": [
        4.32312536239624,
        4.220277309417725
    ]
}