{
    "description": "Pipeline parallel OPT-6.7B benchmark",
    "model_name": "opt-6.7b",
    "model_size": 3.0092544555664062,
    "max_prompt_len": 128,
    "max_new_tokens": 128,
    "dtype": "float16",
    "model_config_dir": null,
    "data_size": 16,
    "batch_size": 16,
    "inference_time": 9.620621780999954,
    "throughput": 212.87605381646483,
    "max_memory_allocated_per_device": [
        3.5759406089782715,
        4.051985263824463,
        4.051985263824463,
        3.4982008934020996
    ]
}