{
    "description": "Pipeline parallel OPT-1.3B benchmark",
    "model_name": "opt-1.3b-pipeline",
    "model_size": 2.6347503662109375,
    "max_prompt_len": 64,
    "max_new_tokens": 32,
    "dtype": "float32",
    "model_config_dir": null,
    "data_size": 24,
    "batch_size": 6,
    "inference_time": 3.5532606540000415,
    "throughput": 216.13950531195425,
    "max_memory_allocated_per_device": [
        3.7549052238464355,
        3.7158312797546387
    ]
}