{
    "description": "Pipeline parallel OPT-1.3B benchmark",
    "model_name": "opt-1.3b-pipeline",
    "model_size": 2.6503753662109375,
    "max_prompt_len": 128,
    "max_new_tokens": 112,
    "dtype": "float32",
    "model_config_dir": null,
    "data_size": 16,
    "batch_size": 16,
    "inference_time": 9.171472401998471,
    "throughput": 195.38847433150664,
    "max_memory_allocated_per_device": [
        3.967482089996338,
        3.920590877532959
    ]
}