{
    "description": "Pipeline parallel OPT-1.3B benchmark",
    "model_name": "opt-1.3b-pipeline",
    "model_size": 2.6503753662109375,
    "max_prompt_len": 32,
    "max_new_tokens": 64,
    "dtype": "float32",
    "model_config_dir": null,
    "data_size": 40,
    "batch_size": 10,
    "inference_time": 7.428250170996762,
    "throughput": 344.6302885698969,
    "max_memory_allocated_per_device": [
        3.930227279663086,
        3.8562917709350586
    ]
}