{
    "description": "Pipeline parallel OPT-1.3B benchmark",
    "model_name": "opt-1.3b-pipeline",
    "model_size": 2.6347503662109375,
    "max_prompt_len": 112,
    "max_new_tokens": 128,
    "dtype": "float32",
    "model_config_dir": null,
    "data_size": 24,
    "batch_size": 24,
    "inference_time": 14.063840298000287,
    "throughput": 218.43251451289606,
    "max_memory_allocated_per_device": [
        4.345309257507324,
        4.242384910583496
    ]
}