{
    "description": "Pipeline parallel OPT-1.3B benchmark",
    "model_name": "opt-1.3b-pipeline",
    "model_size": 2.6503753662109375,
    "max_prompt_len": 48,
    "max_new_tokens": 64,
    "dtype": "float32",
    "model_config_dir": null,
    "data_size": 24,
    "batch_size": 24,
    "inference_time": 5.998930082998413,
    "throughput": 256.04565793376764,
    "max_memory_allocated_per_device": [
        3.7123327255249023,
        3.656355857849121
    ]
}