{
    "description": "Pipeline parallel OPT-1.3B benchmark",
    "model_name": "opt-1.3b-pipeline",
    "model_size": 2.6347503662109375,
    "max_prompt_len": 48,
    "max_new_tokens": 128,
    "dtype": "float32",
    "model_config_dir": null,
    "data_size": 56,
    "batch_size": 56,
    "inference_time": 17.680526536001707,
    "throughput": 405.41779032452837,
    "max_memory_allocated_per_device": [
        5.1900529861450195,
        5.0250959396362305
    ]
}