{
    "description": "Pipeline parallel OPT-1.3B benchmark",
    "model_name": "opt-1.3b-pipeline",
    "model_size": 2.6503753662109375,
    "max_prompt_len": 32,
    "max_new_tokens": 112,
    "dtype": "float32",
    "model_config_dir": null,
    "data_size": 40,
    "batch_size": 10,
    "inference_time": 12.455791007996595,
    "throughput": 359.6720591348914,
    "max_memory_allocated_per_device": [
        4.359723091125488,
        4.2526445388793945
    ]
}