{
    "description": "Pipeline parallel OPT-6.7B benchmark",
    "model_name": "opt-6.7b",
    "model_size": 3.0248794555664062,
    "max_prompt_len": 256,
    "max_new_tokens": 512,
    "dtype": "float16",
    "model_config_dir": null,
    "data_size": 16,
    "batch_size": 4,
    "inference_time": 63.10930320499983,
    "throughput": 129.80653539129852,
    "max_memory_allocated_per_device": [
        4.836163520812988,
        5.562024116516113,
        5.562085151672363,
        4.631241798400879
    ]
}