{
    "description": "Pipeline parallel OPT-1.3B benchmark",
    "model_name": "opt-1.3b-pipeline",
    "model_size": 2.6503753662109375,
    "max_prompt_len": 48,
    "max_new_tokens": 112,
    "dtype": "float32",
    "model_config_dir": null,
    "data_size": 40,
    "batch_size": 5,
    "inference_time": 17.926511696998205,
    "throughput": 249.909189011389,
    "max_memory_allocated_per_device": [
        4.439966201782227,
        4.321017265319824
    ]
}