{
    "description": "Pipeline parallel OPT-1.3B benchmark",
    "model_name": "opt-1.3b",
    "model_size": 2.6347503662109375,
    "dtype": "float32",
    "max_prompt_len": 384,
    "max_new_tokens": 1,
    "model_config_dir": null,
    "data_size": 16,
    "batch_size": 16,
    "inference_time": 7.341717530000096,
    "throughput": 2.1793265587541324,
    "max_memory_allocated_per_device": [
        5.574586868286133,
        5.211259841918945
    ]
}