{
    "description": "Pipeline parallel OPT-1.3B benchmark",
    "model_name": "opt-1.3b-pipeline",
    "model_size": 2.6347503662109375,
    "max_prompt_len": 48,
    "max_new_tokens": 128,
    "dtype": "float32",
    "model_config_dir": null,
    "data_size": 56,
    "batch_size": 28,
    "inference_time": 19.360610753996298,
    "throughput": 370.23625396323956,
    "max_memory_allocated_per_device": [
        5.151362895965576,
        4.986365795135498
    ]
}