{
    "description": "Pipeline parallel OPT-1.3B benchmark",
    "model_name": "opt-1.3b-pipeline",
    "model_size": 2.6347503662109375,
    "max_prompt_len": 64,
    "max_new_tokens": 64,
    "dtype": "float32",
    "model_config_dir": null,
    "data_size": 48,
    "batch_size": 6,
    "inference_time": 11.682725641003344,
    "throughput": 262.95233615844535,
    "max_memory_allocated_per_device": [
        4.3944220542907715,
        4.286168575286865
    ]
}