{
    "description": "Pipeline parallel OPT-6.7B benchmark",
    "model_name": "opt-6.7b",
    "model_size": 3.3758926391601562,
    "max_prompt_len": 512,
    "max_new_tokens": 384,
    "dtype": "float16",
    "model_config_dir": null,
    "data_size": 48,
    "batch_size": 12,
    "inference_time": 78.02018955400126,
    "throughput": 236.24654214973918,
    "max_memory_allocated_per_device": [
        8.535781860351562,
        10.145950317382812,
        10.145925521850586,
        8.110942840576172
    ]
}