{
    "description": "Pipeline parallel OPT-1.3B benchmark",
    "model_name": "opt-1.3b-pipeline",
    "model_size": 2.6503753662109375,
    "max_prompt_len": 80,
    "max_new_tokens": 80,
    "dtype": "float32",
    "model_config_dir": null,
    "data_size": 32,
    "batch_size": 32,
    "inference_time": 10.02935579699988,
    "throughput": 255.2506912523517,
    "max_memory_allocated_per_device": [
        4.217164516448975,
        4.12502908706665
    ]
}