{
    "description": "Pipeline parallel OPT-1.3B benchmark",
    "model_name": "opt-1.3b-pipeline",
    "model_size": 2.6347503662109375,
    "max_prompt_len": 48,
    "max_new_tokens": 16,
    "dtype": "float32",
    "model_config_dir": null,
    "data_size": 64,
    "batch_size": 32,
    "inference_time": 4.48624830100016,
    "throughput": 228.2530817056449,
    "max_memory_allocated_per_device": [
        4.35467004776001,
        4.292147159576416
    ]
}