{
    "description": "Pipeline parallel OPT-1.3B benchmark",
    "model_name": "opt-1.3b-pipeline",
    "model_size": 2.6503753662109375,
    "max_prompt_len": 16,
    "max_new_tokens": 96,
    "dtype": "float32",
    "model_config_dir": null,
    "data_size": 16,
    "batch_size": 16,
    "inference_time": 5.277738495999074,
    "throughput": 291.0337450717584,
    "max_memory_allocated_per_device": [
        3.5301575660705566,
        3.48667573928833
    ]
}