{
    "description": "Pipeline parallel OPT-1.3B benchmark",
    "model_name": "opt-1.3b-pipeline",
    "model_size": 2.6503753662109375,
    "max_prompt_len": 80,
    "max_new_tokens": 32,
    "dtype": "float32",
    "model_config_dir": null,
    "data_size": 24,
    "batch_size": 6,
    "inference_time": 3.9335292180003307,
    "throughput": 195.24451387968193,
    "max_memory_allocated_per_device": [
        3.9241204261779785,
        3.8739962577819824
    ]
}