{
    "description": "Pipeline parallel OPT-6.7B benchmark",
    "model_name": "opt-6.7b",
    "model_size": 3.0092544555664062,
    "max_prompt_len": 512,
    "max_new_tokens": 128,
    "dtype": "float16",
    "model_config_dir": null,
    "data_size": 32,
    "batch_size": 16,
    "inference_time": 22.64284583100016,
    "throughput": 180.89598942515414,
    "max_memory_allocated_per_device": [
        6.954084873199463,
        7.805098056793213,
        7.805098056793213,
        6.642313480377197
    ]
}