{
    "description": "Pipeline parallel OPT-1.3B benchmark",
    "model_name": "opt-1.3b-pipeline",
    "model_size": 2.6347503662109375,
    "max_prompt_len": 16,
    "max_new_tokens": 64,
    "dtype": "float32",
    "model_config_dir": null,
    "data_size": 8,
    "batch_size": 4,
    "inference_time": 2.6535934830008046,
    "throughput": 192.94590647735802,
    "max_memory_allocated_per_device": [
        3.2901597023010254,
        3.249145030975342
    ]
}