{
    "description": "Pipeline parallel OPT-1.3B benchmark",
    "model_name": "opt-1.3b-pipeline",
    "model_size": 2.6503753662109375,
    "max_prompt_len": 64,
    "max_new_tokens": 128,
    "dtype": "float32",
    "model_config_dir": null,
    "data_size": 24,
    "batch_size": 12,
    "inference_time": 12.225492401001247,
    "throughput": 251.27822252365135,
    "max_memory_allocated_per_device": [
        4.092443466186523,
        4.005926132202148
    ]
}