{
    "description": "Pipeline parallel OPT-1.3B benchmark",
    "model_name": "opt-1.3b-pipeline",
    "model_size": 2.6503753662109375,
    "max_prompt_len": 64,
    "max_new_tokens": 48,
    "dtype": "float32",
    "model_config_dir": null,
    "data_size": 48,
    "batch_size": 6,
    "inference_time": 9.201613320001343,
    "throughput": 250.39087384729004,
    "max_memory_allocated_per_device": [
        4.350522518157959,
        4.286168575286865
    ]
}