{
    "description": "Pipeline parallel OPT-1.3B benchmark",
    "model_name": "opt-1.3b-pipeline",
    "model_size": 2.6347503662109375,
    "max_prompt_len": 64,
    "max_new_tokens": 96,
    "dtype": "float32",
    "model_config_dir": null,
    "data_size": 48,
    "batch_size": 12,
    "inference_time": 16.14974758199969,
    "throughput": 285.32953698521084,
    "max_memory_allocated_per_device": [
        4.697320938110352,
        4.564265727996826
    ]
}