{
    "description": "Pipeline parallel OPT-6.7B benchmark",
    "model_name": "opt-6.7b",
    "model_size": 3.0092544555664062,
    "max_prompt_len": 256,
    "max_new_tokens": 512,
    "dtype": "float16",
    "model_config_dir": null,
    "data_size": 32,
    "batch_size": 8,
    "inference_time": 76.30731923900021,
    "throughput": 214.71072714118145,
    "max_memory_allocated_per_device": [
        6.359969139099121,
        7.460982322692871,
        7.461043357849121,
        5.967944145202637
    ]
}