{
    "description": "Pipeline parallel OPT-1.3B benchmark",
    "model_name": "opt-1.3b-pipeline",
    "model_size": 2.6347503662109375,
    "max_prompt_len": 96,
    "max_new_tokens": 32,
    "dtype": "float32",
    "model_config_dir": null,
    "data_size": 8,
    "batch_size": 2,
    "inference_time": 2.725738379000177,
    "throughput": 93.91950525123504,
    "max_memory_allocated_per_device": [
        3.461884021759033,
        3.437706470489502
    ]
}