{
    "description": "Pipeline parallel OPT-1.3B benchmark",
    "model_name": "opt-1.3b-pipeline",
    "model_size": 2.6503753662109375,
    "max_prompt_len": 96,
    "max_new_tokens": 32,
    "dtype": "float32",
    "model_config_dir": null,
    "data_size": 56,
    "batch_size": 7,
    "inference_time": 13.245132431002276,
    "throughput": 135.29498548504864,
    "max_memory_allocated_per_device": [
        5.262051105499268,
        5.1643500328063965
    ]
}