{
    "description": "Pipeline parallel OPT-1.3B benchmark",
    "model_name": "opt-1.3b-pipeline",
    "model_size": 2.6347503662109375,
    "max_prompt_len": 16,
    "max_new_tokens": 16,
    "dtype": "float32",
    "model_config_dir": null,
    "data_size": 8,
    "batch_size": 4,
    "inference_time": 0.7449506339999061,
    "throughput": 171.82346609025925,
    "max_memory_allocated_per_device": [
        2.7817816734313965,
        2.730541706085205
    ]
}