{
    "description": "Pipeline parallel OPT-6.7B benchmark",
    "model_name": "opt-6.7b",
    "model_size": 3.0248794555664062,
    "max_prompt_len": 512,
    "max_new_tokens": 384,
    "dtype": "float16",
    "model_config_dir": null,
    "data_size": 16,
    "batch_size": 8,
    "inference_time": 44.02046092299952,
    "throughput": 139.57145997964605,
    "max_memory_allocated_per_device": [
        5.131819248199463,
        5.903630256652832,
        5.903691291809082,
        4.967875003814697
    ]
}