{
    "description": "Pipeline parallel OPT-1.3B benchmark",
    "model_name": "opt-1.3b-pipeline",
    "model_size": 2.6503753662109375,
    "max_prompt_len": 16,
    "max_new_tokens": 64,
    "dtype": "float32",
    "model_config_dir": null,
    "data_size": 32,
    "batch_size": 16,
    "inference_time": 5.557091079997917,
    "throughput": 368.53813812257465,
    "max_memory_allocated_per_device": [
        3.6842479705810547,
        3.627617835998535
    ]
}