{
    "description": "Pipeline parallel OPT-1.3B benchmark",
    "model_name": "opt-1.3b-pipeline",
    "model_size": 2.6347503662109375,
    "max_prompt_len": 128,
    "max_new_tokens": 80,
    "dtype": "float32",
    "model_config_dir": null,
    "data_size": 64,
    "batch_size": 16,
    "inference_time": 19.144384035000257,
    "throughput": 267.4413546364032,
    "max_memory_allocated_per_device": [
        5.999927043914795,
        5.795764446258545
    ]
}