{
    "description": "Pipeline parallel OPT-1.3B benchmark",
    "model_name": "opt-1.3b-pipeline",
    "model_size": 2.6503753662109375,
    "max_prompt_len": 80,
    "max_new_tokens": 80,
    "dtype": "float32",
    "model_config_dir": null,
    "data_size": 24,
    "batch_size": 6,
    "inference_time": 7.957200895001733,
    "throughput": 241.29087920930036,
    "max_memory_allocated_per_device": [
        3.9346117973327637,
        3.875826358795166
    ]
}