{
    "description": "Pipeline parallel OPT-1.3B benchmark",
    "model_name": "opt-1.3b-pipeline",
    "model_size": 2.6503753662109375,
    "max_prompt_len": 16,
    "max_new_tokens": 48,
    "dtype": "float32",
    "model_config_dir": null,
    "data_size": 32,
    "batch_size": 16,
    "inference_time": 4.36958363499798,
    "throughput": 351.5209064079878,
    "max_memory_allocated_per_device": [
        3.573489189147949,
        3.5261669158935547
    ]
}