{
    "description": "Pipeline parallel OPT-1.3B benchmark",
    "model_name": "opt-1.3b-pipeline",
    "model_size": 2.6347503662109375,
    "max_prompt_len": 112,
    "max_new_tokens": 64,
    "dtype": "float32",
    "model_config_dir": null,
    "data_size": 32,
    "batch_size": 16,
    "inference_time": 9.026622200999554,
    "throughput": 226.88442635532223,
    "max_memory_allocated_per_device": [
        4.554754734039307,
        4.484415531158447
    ]
}