{
    "description": "Pipeline parallel OPT-1.3B benchmark",
    "model_name": "opt-1.3b-pipeline",
    "model_size": 2.6503753662109375,
    "max_prompt_len": 32,
    "max_new_tokens": 32,
    "dtype": "float32",
    "model_config_dir": null,
    "data_size": 24,
    "batch_size": 24,
    "inference_time": 2.99715103500057,
    "throughput": 256.2433427716311,
    "max_memory_allocated_per_device": [
        3.478257656097412,
        3.4407029151916504
    ]
}