{
    "description": "Pipeline parallel OPT-1.3B benchmark",
    "model_name": "opt-1.3b-pipeline",
    "model_size": 2.6503753662109375,
    "max_prompt_len": 32,
    "max_new_tokens": 16,
    "dtype": "float32",
    "model_config_dir": null,
    "data_size": 64,
    "batch_size": 8,
    "inference_time": 3.7284778879984515,
    "throughput": 274.64290543230527,
    "max_memory_allocated_per_device": [
        3.959202289581299,
        3.9108471870422363
    ]
}