{
    "description": "Pipeline parallel OPT-1.3B benchmark",
    "model_name": "opt-1.3b-pipeline",
    "model_size": 2.6347503662109375,
    "max_prompt_len": 80,
    "max_new_tokens": 128,
    "dtype": "float32",
    "model_config_dir": null,
    "data_size": 56,
    "batch_size": 7,
    "inference_time": 34.25555440599419,
    "throughput": 209.25073683074623,
    "max_memory_allocated_per_device": [
        5.512166976928711,
        5.3167924880981445
    ]
}