{
    "description": "Pipeline parallel OPT-1.3B benchmark",
    "model_name": "opt-1.3b-pipeline",
    "model_size": 2.6347503662109375,
    "max_prompt_len": 112,
    "max_new_tokens": 128,
    "dtype": "float32",
    "model_config_dir": null,
    "data_size": 16,
    "batch_size": 2,
    "inference_time": 17.619140345999767,
    "throughput": 116.23722609514124,
    "max_memory_allocated_per_device": [
        3.9273815155029297,
        3.8503170013427734
    ]
}