{
    "description": "Pipeline parallel OPT-1.3B benchmark",
    "model_name": "opt-1.3b-pipeline",
    "model_size": 2.6503753662109375,
    "max_prompt_len": 16,
    "max_new_tokens": 16,
    "dtype": "float32",
    "model_config_dir": null,
    "data_size": 24,
    "batch_size": 3,
    "inference_time": 2.419609592001507,
    "throughput": 158.70328885675903,
    "max_memory_allocated_per_device": [
        3.3215508460998535,
        3.2945122718811035
    ]
}