{
    "description": "Pipeline parallel OPT-1.3B benchmark",
    "model_name": "opt-1.3b-pipeline",
    "model_size": 2.6503753662109375,
    "max_prompt_len": 16,
    "max_new_tokens": 112,
    "dtype": "float32",
    "model_config_dir": null,
    "data_size": 16,
    "batch_size": 2,
    "inference_time": 14.6913387099994,
    "throughput": 121.97663095060949,
    "max_memory_allocated_per_device": [
        3.572251796722412,
        3.5231194496154785
    ]
}