{
    "description": "Pipeline parallel OPT-1.3B benchmark",
    "model_name": "opt-1.3b-pipeline",
    "model_size": 2.6503753662109375,
    "max_prompt_len": 16,
    "max_new_tokens": 128,
    "dtype": "float32",
    "model_config_dir": null,
    "data_size": 40,
    "batch_size": 10,
    "inference_time": 13.650132216000202,
    "throughput": 375.08794193205813,
    "max_memory_allocated_per_device": [
        4.350105285644531,
        4.247790336608887
    ]
}