{
    "description": "Pipeline parallel OPT-1.3B benchmark",
    "model_name": "opt-1.3b-pipeline",
    "model_size": 2.6347503662109375,
    "max_prompt_len": 48,
    "max_new_tokens": 48,
    "dtype": "float32",
    "model_config_dir": null,
    "data_size": 40,
    "batch_size": 10,
    "inference_time": 6.3167395330019644,
    "throughput": 303.9542773560492,
    "max_memory_allocated_per_device": [
        3.92891263961792,
        3.876924991607666
    ]
}