{
    "description": "Pipeline parallel OPT-1.3B benchmark",
    "model_name": "opt-1.3b-pipeline",
    "model_size": 2.6503753662109375,
    "max_prompt_len": 16,
    "max_new_tokens": 96,
    "dtype": "float32",
    "model_config_dir": null,
    "data_size": 32,
    "batch_size": 4,
    "inference_time": 13.094477882998035,
    "throughput": 234.60271019959544,
    "max_memory_allocated_per_device": [
        3.8752756118774414,
        3.8047800064086914
    ]
}