{
    "description": "Pipeline parallel OPT-1.3B benchmark",
    "model_name": "opt-1.3b-pipeline",
    "model_size": 2.6347503662109375,
    "max_prompt_len": 96,
    "max_new_tokens": 96,
    "dtype": "float32",
    "model_config_dir": null,
    "data_size": 32,
    "batch_size": 16,
    "inference_time": 11.364037660001486,
    "throughput": 270.32645366995365,
    "max_memory_allocated_per_device": [
        4.404815673828125,
        4.296701431274414
    ]
}