{
    "description": "Pipeline parallel OPT-1.3B benchmark",
    "model_name": "opt-1.3b",
    "model_size": 2.6503753662109375,
    "dtype": "float32",
    "max_prompt_len": 384,
    "max_new_tokens": 1,
    "model_config_dir": null,
    "data_size": 24,
    "batch_size": 12,
    "inference_time": 8.111573082000177,
    "throughput": 2.9587355938710234,
    "max_memory_allocated_per_device": [
        6.288034915924072,
        6.131716251373291
    ]
}