{
    "description": "Pipeline parallel OPT-1.3B benchmark",
    "model_name": "opt-1.3b-pipeline",
    "model_size": 2.6503753662109375,
    "max_prompt_len": 112,
    "max_new_tokens": 16,
    "dtype": "float32",
    "model_config_dir": null,
    "data_size": 8,
    "batch_size": 4,
    "inference_time": 1.347649580999132,
    "throughput": 94.98018016308235,
    "max_memory_allocated_per_device": [
        3.507997989654541,
        3.4795479774475098
    ]
}