{
    "description": "Pipeline parallel OPT-1.3B benchmark",
    "model_name": "opt-1.3b-pipeline",
    "model_size": 2.6503753662109375,
    "max_prompt_len": 16,
    "max_new_tokens": 32,
    "dtype": "float32",
    "model_config_dir": null,
    "data_size": 24,
    "batch_size": 3,
    "inference_time": 4.491523966000386,
    "throughput": 170.98873473982349,
    "max_memory_allocated_per_device": [
        3.498990058898926,
        3.4663286209106445
    ]
}