{
    "description": "Pipeline parallel OPT-1.3B benchmark",
    "model_name": "opt-1.3b-pipeline",
    "model_size": 2.6503753662109375,
    "max_prompt_len": 64,
    "max_new_tokens": 32,
    "dtype": "float32",
    "model_config_dir": null,
    "data_size": 56,
    "batch_size": 14,
    "inference_time": 6.904882039998483,
    "throughput": 259.52651900775896,
    "max_memory_allocated_per_device": [
        4.547919750213623,
        4.477580547332764
    ]
}