{
    "description": "Pipeline parallel OPT-1.3B benchmark",
    "model_name": "opt-1.3b-pipeline",
    "model_size": 2.6503753662109375,
    "max_prompt_len": 16,
    "max_new_tokens": 64,
    "dtype": "float32",
    "model_config_dir": null,
    "data_size": 24,
    "batch_size": 3,
    "inference_time": 8.937406746001216,
    "throughput": 171.8619330699298,
    "max_memory_allocated_per_device": [
        3.5416741371154785,
        3.498030185699463
    ]
}