{
    "description": "Pipeline parallel OPT-1.3B benchmark",
    "model_name": "opt-1.3b-pipeline",
    "model_size": 2.6503753662109375,
    "max_prompt_len": 48,
    "max_new_tokens": 96,
    "dtype": "float32",
    "model_config_dir": null,
    "data_size": 40,
    "batch_size": 20,
    "inference_time": 12.833434379997925,
    "throughput": 299.2184232449101,
    "max_memory_allocated_per_device": [
        4.323078632354736,
        4.2205729484558105
    ]
}