{
    "description": "Pipeline parallel OPT-1.3B benchmark",
    "model_name": "opt-1.3b-pipeline",
    "model_size": 2.6347503662109375,
    "max_prompt_len": 80,
    "max_new_tokens": 48,
    "dtype": "float32",
    "model_config_dir": null,
    "data_size": 64,
    "batch_size": 64,
    "inference_time": 10.857588524006133,
    "throughput": 282.9357543995894,
    "max_memory_allocated_per_device": [
        5.1872124671936035,
        5.093423366546631
    ]
}