{
    "description": "Pipeline parallel OPT-1.3B benchmark",
    "model_name": "opt-1.3b-pipeline",
    "model_size": 2.6503753662109375,
    "max_prompt_len": 16,
    "max_new_tokens": 32,
    "dtype": "float32",
    "model_config_dir": null,
    "data_size": 32,
    "batch_size": 32,
    "inference_time": 2.8419651459989836,
    "throughput": 360.3140599530654,
    "max_memory_allocated_per_device": [
        3.4777369499206543,
        3.4403510093688965
    ]
}