{
    "description": "Pipeline parallel OPT-1.3B benchmark",
    "model_name": "opt-1.3b-pipeline",
    "model_size": 2.6347503662109375,
    "max_prompt_len": 80,
    "max_new_tokens": 128,
    "dtype": "float32",
    "model_config_dir": null,
    "data_size": 32,
    "batch_size": 8,
    "inference_time": 13.994730180998886,
    "throughput": 292.68159850350503,
    "max_memory_allocated_per_device": [
        4.4926533699035645,
        4.375572681427002
    ]
}