{
    "description": "Pipeline parallel OPT-1.3B benchmark",
    "model_name": "opt-1.3b-pipeline",
    "model_size": 2.6347503662109375,
    "max_prompt_len": 32,
    "max_new_tokens": 80,
    "dtype": "float32",
    "model_config_dir": null,
    "data_size": 48,
    "batch_size": 48,
    "inference_time": 9.164468492999731,
    "throughput": 419.00956972389395,
    "max_memory_allocated_per_device": [
        4.272643566131592,
        4.174900531768799
    ]
}