{
    "description": "Pipeline parallel OPT-1.3B benchmark",
    "model_name": "opt-1.3b-pipeline",
    "model_size": 2.6347503662109375,
    "max_prompt_len": 64,
    "max_new_tokens": 64,
    "dtype": "float32",
    "model_config_dir": null,
    "data_size": 24,
    "batch_size": 12,
    "inference_time": 6.597463066998898,
    "throughput": 232.81676371683074,
    "max_memory_allocated_per_device": [
        3.782332420349121,
        3.719975471496582
    ]
}