{
    "description": "Pipeline parallel OPT-1.3B benchmark",
    "model_name": "opt-1.3b-pipeline",
    "model_size": 2.6347503662109375,
    "max_prompt_len": 128,
    "max_new_tokens": 16,
    "dtype": "float32",
    "model_config_dir": null,
    "data_size": 64,
    "batch_size": 16,
    "inference_time": 8.83307346699985,
    "throughput": 115.92793876623345,
    "max_memory_allocated_per_device": [
        6.0005927085876465,
        5.795764446258545
    ]
}}