{
    "description": "Pipeline parallel OPT-1.3B benchmark",
    "model_name": "opt-1.3b-pipeline",
    "model_size": 2.6503753662109375,
    "max_prompt_len": 48,
    "max_new_tokens": 32,
    "dtype": "float32",
    "model_config_dir": null,
    "data_size": 64,
    "batch_size": 16,
    "inference_time": 6.78891056899738,
    "throughput": 301.6684310664677,
    "max_memory_allocated_per_device": [
        4.35235071182251,
        4.289096355438232
    ]
}