{
    "description": "Pipeline parallel OPT-1.3B benchmark",
    "model_name": "opt-1.3b",
    "model_size": 2.6347503662109375,
    "dtype": "float32",
    "max_prompt_len": 192,
    "max_new_tokens": 1,
    "model_config_dir": null,
    "data_size": 16,
    "batch_size": 8,
    "inference_time": 2.4557146039999225,
    "throughput": 6.515415095035411,
    "max_memory_allocated_per_device": [
        4.25945520401001,
        4.038240909576416
    ]
}