{
    "description": "Pipeline parallel OPT-1.3B benchmark",
    "model_name": "opt-1.3b-pipeline",
    "model_size": 2.6503753662109375,
    "max_prompt_len": 32,
    "max_new_tokens": 128,
    "dtype": "float32",
    "model_config_dir": null,
    "data_size": 16,
    "batch_size": 4,
    "inference_time": 10.051498108998203,
    "throughput": 203.75072230940478,
    "max_memory_allocated_per_device": [
        3.6735329627990723,
        3.6186633110046387
    ]
}