{
    "description": "Pipeline parallel OPT-6.7B benchmark",
    "model_name": "opt-6.7b",
    "model_size": 3.0092544555664062,
    "max_prompt_len": 512,
    "max_new_tokens": 512,
    "dtype": "float16",
    "model_config_dir": null,
    "data_size": 48,
    "batch_size": 24,
    "inference_time": 110.83310222900036,
    "throughput": 221.7388082237537,
    "max_memory_allocated_per_device": [
        9.396166801452637,
        11.246630668640137,
        11.24644660949707,
        8.63084888458252
    ]
}