{
    "description": "Pipeline parallel OPT-1.3B benchmark",
    "model_name": "opt-1.3b-pipeline",
    "model_size": 2.6347503662109375,
    "max_prompt_len": 32,
    "max_new_tokens": 32,
    "dtype": "float32",
    "model_config_dir": null,
    "data_size": 40,
    "batch_size": 10,
    "inference_time": 4.148501937997935,
    "throughput": 308.5451131831283,
    "max_memory_allocated_per_device": [
        3.679685592651367,
        3.6222476959228516
    ]
}