{
    "description": "Pipeline parallel OPT-1.3B benchmark",
    "model_name": "opt-1.3b-pipeline",
    "model_size": 2.6503753662109375,
    "max_prompt_len": 48,
    "max_new_tokens": 48,
    "dtype": "float32",
    "model_config_dir": null,
    "data_size": 16,
    "batch_size": 16,
    "inference_time": 3.418361792999349,
    "throughput": 224.66902174393286,
    "max_memory_allocated_per_device": [
        3.476834774017334,
        3.438210964202881
    ]
}