{
    "description": "Pipeline parallel OPT-1.3B benchmark",
    "model_name": "opt-1.3b-pipeline",
    "model_size": 2.6347503662109375,
    "max_prompt_len": 96,
    "max_new_tokens": 96,
    "dtype": "float32",
    "model_config_dir": null,
    "data_size": 32,
    "batch_size": 4,
    "inference_time": 15.242599556997448,
    "throughput": 201.54042547091197,
    "max_memory_allocated_per_device": [
        4.386747360229492,
        4.286168575286865
    ]
}