{
    "description": "Pipeline parallel OPT-1.3B benchmark",
    "model_name": "opt-1.3b-pipeline",
    "model_size": 2.6347503662109375,
    "max_prompt_len": 128,
    "max_new_tokens": 96,
    "dtype": "float32",
    "model_config_dir": null,
    "data_size": 40,
    "batch_size": 10,
    "inference_time": 14.552660982000816,
    "throughput": 263.869267946902,
    "max_memory_allocated_per_device": [
        5.144633769989014,
        5.050845623016357
    ]
}