{
    "description": "Pipeline parallel OPT-1.3B benchmark",
    "model_name": "opt-1.3b-pipeline",
    "model_size": 2.6503753662109375,
    "max_prompt_len": 16,
    "max_new_tokens": 80,
    "dtype": "float32",
    "model_config_dir": null,
    "data_size": 24,
    "batch_size": 6,
    "inference_time": 6.666565744999389,
    "throughput": 288.0043598820274,
    "max_memory_allocated_per_device": [
        3.6232452392578125,
        3.5713653564453125
    ]
}