{
    "description": "Pipeline parallel OPT-1.3B benchmark",
    "model_name": "opt-1.3b-pipeline",
    "model_size": 2.6503753662109375,
    "max_prompt_len": 128,
    "max_new_tokens": 96,
    "dtype": "float32",
    "model_config_dir": null,
    "data_size": 64,
    "batch_size": 64,
    "inference_time": 22.04549696900176,
    "throughput": 278.6963709023705,
    "max_memory_allocated_per_device": [
        6.111343860626221,
        5.874776363372803
    ]
}