{
    "description": "Pipeline parallel OPT-1.3B benchmark",
    "model_name": "opt-1.3b-pipeline",
    "model_size": 2.6503753662109375,
    "max_prompt_len": 96,
    "max_new_tokens": 32,
    "dtype": "float32",
    "model_config_dir": null,
    "data_size": 8,
    "batch_size": 8,
    "inference_time": 1.766314329001034,
    "throughput": 144.93456560746168,
    "max_memory_allocated_per_device": [
        3.463517665863037,
        3.4361672401428223
    ]
}}