{
    "description": "Pipeline parallel OPT-1.3B benchmark",
    "model_name": "opt-1.3b-pipeline",
    "model_size": 2.6503753662109375,
    "max_prompt_len": 48,
    "max_new_tokens": 96,
    "dtype": "float32",
    "model_config_dir": null,
    "data_size": 56,
    "batch_size": 14,
    "inference_time": 15.029246516998683,
    "throughput": 357.7025630605984,
    "max_memory_allocated_per_device": [
        4.790099143981934,
        4.6480631828308105
    ]
}