{
    "description": "Pipeline parallel OPT-1.3B benchmark",
    "model_name": "opt-1.3b-pipeline",
    "model_size": 2.6503753662109375,
    "max_prompt_len": 48,
    "max_new_tokens": 80,
    "dtype": "float32",
    "model_config_dir": null,
    "data_size": 24,
    "batch_size": 3,
    "inference_time": 11.21043847600231,
    "throughput": 171.26894760718406,
    "max_memory_allocated_per_device": [
        3.7770166397094727,
        3.7143096923828125
    ]
}