{
    "description": "Pipeline parallel OPT-1.3B benchmark",
    "model_name": "opt-1.3b-pipeline",
    "model_size": 2.6347503662109375,
    "max_prompt_len": 48,
    "max_new_tokens": 128,
    "dtype": "float32",
    "model_config_dir": null,
    "data_size": 32,
    "batch_size": 32,
    "inference_time": 12.975958142997115,
    "throughput": 315.6606976426273,
    "max_memory_allocated_per_device": [
        4.322189807891846,
        4.221471309661865
    ]
}