{
    "description": "Pipeline parallel OPT-1.3B benchmark",
    "model_name": "opt-1.3b-pipeline",
    "model_size": 2.6503753662109375,
    "max_prompt_len": 112,
    "max_new_tokens": 128,
    "dtype": "float32",
    "model_config_dir": null,
    "data_size": 32,
    "batch_size": 4,
    "inference_time": 20.379332044001785,
    "throughput": 200.9879416634545,
    "max_memory_allocated_per_device": [
        4.690644264221191,
        4.556558609008789
    ]
}