{
    "description": "Pipeline parallel OPT-1.3B benchmark",
    "model_name": "opt-1.3b-pipeline",
    "model_size": 2.6503753662109375,
    "max_prompt_len": 80,
    "max_new_tokens": 112,
    "dtype": "float32",
    "model_config_dir": null,
    "data_size": 16,
    "batch_size": 4,
    "inference_time": 9.168406362001406,
    "throughput": 195.45381489927956,
    "max_memory_allocated_per_device": [
        3.7762131690979004,
        3.711203098297119
    ]
}