{
    "description": "Pipeline parallel OPT-1.3B benchmark",
    "model_name": "opt-1.3b-pipeline",
    "model_size": 2.6347503662109375,
    "max_prompt_len": 96,
    "max_new_tokens": 96,
    "dtype": "float32",
    "model_config_dir": null,
    "data_size": 16,
    "batch_size": 16,
    "inference_time": 7.156784324997716,
    "throughput": 214.62152976092236,
    "max_memory_allocated_per_device": [
        3.794248104095459,
        3.7315917015075684
    ]
}