{
    "description": "Pipeline parallel OPT-1.3B benchmark",
    "model_name": "opt-1.3b-pipeline",
    "model_size": 2.6347503662109375,
    "max_prompt_len": 80,
    "max_new_tokens": 32,
    "dtype": "float32",
    "model_config_dir": null,
    "data_size": 48,
    "batch_size": 24,
    "inference_time": 6.8275508919978165,
    "throughput": 224.9708606054124,
    "max_memory_allocated_per_device": [
        4.66746187210083,
        4.591261386871338
    ]
}