{
    "description": "Pipeline parallel OPT-1.3B benchmark",
    "model_name": "opt-1.3b-pipeline",
    "model_size": 2.6503753662109375,
    "max_prompt_len": 80,
    "max_new_tokens": 32,
    "dtype": "float32",
    "model_config_dir": null,
    "data_size": 24,
    "batch_size": 3,
    "inference_time": 5.483171323001443,
    "throughput": 140.06492862594035,
    "max_memory_allocated_per_device": [
        3.9252219200134277,
        3.8757071495056152
    ]
}