{
    "description": "Pipeline parallel OPT-1.3B benchmark",
    "model_name": "opt-1.3b-pipeline",
    "model_size": 2.6347503662109375,
    "max_prompt_len": 96,
    "max_new_tokens": 128,
    "dtype": "float32",
    "model_config_dir": null,
    "data_size": 64,
    "batch_size": 32,
    "inference_time": 24.728935510996962,
    "throughput": 331.27184129527194,
    "max_memory_allocated_per_device": [
        6.061150550842285,
        5.828696250915527
    ]
}