{
    "description": "Pipeline parallel OPT-1.3B benchmark",
    "model_name": "opt-1.3b-pipeline",
    "model_size": 2.6347503662109375,
    "max_prompt_len": 16,
    "max_new_tokens": 80,
    "dtype": "float32",
    "model_config_dir": null,
    "data_size": 16,
    "batch_size": 2,
    "inference_time": 10.7144266840005,
    "throughput": 119.46509484370095,
    "max_memory_allocated_per_device": [
        3.4982852935791016,
        3.4654626846313477
    ]
}