{
    "description": "Pipeline parallel OPT-1.3B benchmark",
    "model_name": "opt-1.3b-pipeline",
    "model_size": 2.6347503662109375,
    "max_prompt_len": 32,
    "max_new_tokens": 112,
    "dtype": "float32",
    "model_config_dir": null,
    "data_size": 24,
    "batch_size": 6,
    "inference_time": 9.773170708998805,
    "throughput": 275.0386829450324,
    "max_memory_allocated_per_device": [
        3.859923839569092,
        3.792293071746826
    ]
}