{
    "description": "Pipeline parallel OPT-1.3B benchmark",
    "model_name": "opt-1.3b-pipeline",
    "model_size": 2.6503753662109375,
    "max_prompt_len": 128,
    "max_new_tokens": 128,
    "dtype": "float32",
    "model_config_dir": null,
    "data_size": 32,
    "batch_size": 4,
    "inference_time": 20.81531953299782,
    "throughput": 196.77814666773432,
    "max_memory_allocated_per_device": [
        4.7952375411987305,
        4.663625240325928
    ]
}