{
    "description": "Pipeline parallel OPT-1.3B benchmark",
    "model_name": "opt-1.3b-pipeline",
    "model_size": 2.6503753662109375,
    "max_prompt_len": 48,
    "max_new_tokens": 80,
    "dtype": "float32",
    "model_config_dir": null,
    "data_size": 48,
    "batch_size": 24,
    "inference_time": 11.640091257999302,
    "throughput": 329.8943208337027,
    "max_memory_allocated_per_device": [
        4.404910087585449,
        4.296648979187012
    ]
}