{
    "description": "Pipeline parallel OPT-1.3B benchmark",
    "model_name": "opt-1.3b-pipeline",
    "model_size": 2.6347503662109375,
    "max_prompt_len": 80,
    "max_new_tokens": 80,
    "dtype": "float32",
    "model_config_dir": null,
    "data_size": 48,
    "batch_size": 6,
    "inference_time": 15.010556403998635,
    "throughput": 255.81996407388797,
    "max_memory_allocated_per_device": [
        4.697540283203125,
        4.602925777435303
    ]
}