{
    "description": "Pipeline parallel OPT-1.3B benchmark",
    "model_name": "opt-1.3b-pipeline",
    "model_size": 2.6347503662109375,
    "max_prompt_len": 80,
    "max_new_tokens": 48,
    "dtype": "float32",
    "model_config_dir": null,
    "data_size": 8,
    "batch_size": 4,
    "inference_time": 2.5888610649999464,
    "throughput": 148.32777439912866,
    "max_memory_allocated_per_device": [
        3.4178881645202637,
        3.3924918174743652
    ]
}