{
    "description": "Pipeline parallel OPT-1.3B benchmark",
    "model_name": "opt-1.3b-pipeline",
    "model_size": 2.6503753662109375,
    "max_prompt_len": 48,
    "max_new_tokens": 64,
    "dtype": "float32",
    "model_config_dir": null,
    "data_size": 40,
    "batch_size": 10,
    "inference_time": 7.97038942600193,
    "throughput": 321.18882317700445,
    "max_memory_allocated_per_device": [
        4.059258937835693,
        3.9750962257385254
    ]
}