{
    "description": "Pipeline parallel OPT-1.3B benchmark",
    "model_name": "opt-1.3b-pipeline",
    "model_size": 2.6503753662109375,
    "max_prompt_len": 32,
    "max_new_tokens": 32,
    "dtype": "float32",
    "model_config_dir": null,
    "data_size": 8,
    "batch_size": 8,
    "inference_time": 1.1927942100010114,
    "throughput": 214.62210149375468,
    "max_memory_allocated_per_device": [
        3.266507625579834,
        3.244476795196533
    ]
}