{
    "description": "Pipeline parallel OPT-1.3B benchmark",
    "model_name": "opt-1.3b-pipeline",
    "model_size": 2.6503753662109375,
    "max_prompt_len": 16,
    "max_new_tokens": 16,
    "dtype": "float32",
    "model_config_dir": null,
    "data_size": 40,
    "batch_size": 5,
    "inference_time": 2.743244629000401,
    "throughput": 233.30037475848695,
    "max_memory_allocated_per_device": [
        3.509709358215332,
        3.4760780334472656
    ]
}