{
    "description": "Pipeline parallel OPT-1.3B benchmark",
    "model_name": "opt-1.3b-pipeline",
    "model_size": 2.6503753662109375,
    "max_prompt_len": 16,
    "max_new_tokens": 80,
    "dtype": "float32",
    "model_config_dir": null,
    "data_size": 48,
    "batch_size": 6,
    "inference_time": 12.351260711002396,
    "throughput": 310.8994368954872,
    "max_memory_allocated_per_device": [
        4.078232288360596,
        3.9925084114074707
    ]
}