{
    "description": "Pipeline parallel OPT-1.3B benchmark",
    "model_name": "opt-1.3b-pipeline",
    "model_size": 2.6347503662109375,
    "max_prompt_len": 16,
    "max_new_tokens": 48,
    "dtype": "float32",
    "model_config_dir": null,
    "data_size": 32,
    "batch_size": 4,
    "inference_time": 6.561625363996427,
    "throughput": 234.08834165205724,
    "max_memory_allocated_per_device": [
        3.5733695030212402,
        3.5266776084899902
    ]
}