{
    "description": "Pipeline parallel OPT-1.3B benchmark",
    "model_name": "opt-1.3b-pipeline",
    "model_size": 2.6503753662109375,
    "max_prompt_len": 32,
    "max_new_tokens": 128,
    "dtype": "float32",
    "model_config_dir": null,
    "data_size": 32,
    "batch_size": 4,
    "inference_time": 18.148832382001274,
    "throughput": 225.68945008617317,
    "max_memory_allocated_per_device": [
        4.184657573699951,
        4.089351177215576
    ]
}