{
    "description": "Pipeline parallel OPT-1.3B benchmark",
    "model_name": "opt-1.3b-pipeline",
    "model_size": 2.6503753662109375,
    "max_prompt_len": 32,
    "max_new_tokens": 112,
    "dtype": "float32",
    "model_config_dir": null,
    "data_size": 48,
    "batch_size": 6,
    "inference_time": 18.04714693900314,
    "throughput": 297.8864203948766,
    "max_memory_allocated_per_device": [
        4.559338092803955,
        4.441441059112549
    ]
}