{
    "description": "Pipeline parallel OPT-6.7B benchmark",
    "model_name": "opt-6.7b",
    "model_size": 3.0092544555664062,
    "max_prompt_len": 384,
    "max_new_tokens": 128,
    "dtype": "float16",
    "model_config_dir": null,
    "data_size": 48,
    "batch_size": 24,
    "inference_time": 24.963936002999617,
    "throughput": 246.11503567633522,
    "max_memory_allocated_per_device": [
        7.4093451499938965,
        8.322858810424805,
        8.322858810424805,
        7.060312747955322
    ]
}