{
    "description": "Pipeline parallel OPT-1.3B benchmark",
    "model_name": "opt-1.3b-pipeline",
    "model_size": 2.6503753662109375,
    "max_prompt_len": 48,
    "max_new_tokens": 48,
    "dtype": "float32",
    "model_config_dir": null,
    "data_size": 32,
    "batch_size": 8,
    "inference_time": 5.174682077999023,
    "throughput": 296.82982970693917,
    "max_memory_allocated_per_device": [
        3.7790842056274414,
        3.7174816131591797
    ]
}