{
    "description": "Pipeline parallel OPT-1.3B benchmark",
    "model_name": "opt-1.3b-pipeline",
    "model_size": 2.6503753662109375,
    "max_prompt_len": 16,
    "max_new_tokens": 16,
    "dtype": "float32",
    "model_config_dir": null,
    "data_size": 40,
    "batch_size": 20,
    "inference_time": 2.1018601589967147,
    "throughput": 304.4921886266175,
    "max_memory_allocated_per_device": [
        3.422924518585205,
        3.3891072273254395
    ]
}