{
    "description": "Pipeline parallel OPT-6.7B benchmark",
    "model_name": "opt-6.7b",
    "model_size": 3.3758926391601562,
    "max_prompt_len": 512,
    "max_new_tokens": 256,
    "dtype": "float16",
    "model_config_dir": null,
    "data_size": 48,
    "batch_size": 48,
    "inference_time": 72.36912845900042,
    "throughput": 169.79615841251385,
    "max_memory_allocated_per_device": [
        8.938886642456055,
        10.039899826049805,
        10.039899826049805,
        8.416607856750488
    ]
}