{
    "description": "Pipeline parallel OPT-1.3B benchmark",
    "model_name": "opt-1.3b-pipeline",
    "model_size": 2.6503753662109375,
    "max_prompt_len": 112,
    "max_new_tokens": 64,
    "dtype": "float32",
    "model_config_dir": null,
    "data_size": 16,
    "batch_size": 4,
    "inference_time": 6.195636561998981,
    "throughput": 165.27760945190323,
    "max_memory_allocated_per_device": [
        3.853911876678467,
        3.8117823600769043
    ]
}