{
    "description": "Pipeline parallel OPT-1.3B benchmark",
    "model_name": "opt-1.3b-pipeline",
    "model_size": 2.6347503662109375,
    "max_prompt_len": 32,
    "max_new_tokens": 112,
    "dtype": "float32",
    "model_config_dir": null,
    "data_size": 40,
    "batch_size": 40,
    "inference_time": 12.011771542001952,
    "throughput": 372.96746648357725,
    "max_memory_allocated_per_device": [
        4.345461845397949,
        4.243051528930664
    ]
}