{
    "description": "Pipeline parallel OPT-1.3B benchmark",
    "model_name": "opt-1.3b-pipeline",
    "model_size": 2.6347503662109375,
    "max_prompt_len": 32,
    "max_new_tokens": 64,
    "dtype": "float32",
    "model_config_dir": null,
    "data_size": 64,
    "batch_size": 32,
    "inference_time": 9.656463731997064,
    "throughput": 424.17184112935115,
    "max_memory_allocated_per_device": [
        4.406773567199707,
        4.298728942871094
    ]
}