{
    "description": "Pipeline parallel OPT-6.7B benchmark",
    "model_name": "opt-6.7b",
    "model_size": 3.0092544555664062,
    "max_prompt_len": 384,
    "max_new_tokens": 128,
    "dtype": "float16",
    "model_config_dir": null,
    "data_size": 16,
    "batch_size": 8,
    "inference_time": 13.986530363999918,
    "throughput": 146.42659377992481,
    "max_memory_allocated_per_device": [
        4.6763739585876465,
        5.2148871421813965,
        5.2148871421813965,
        4.549509525299072
    ]
}