{
    "description": "Pipeline parallel OPT-1.3B benchmark",
    "model_name": "opt-1.3b-pipeline",
    "model_size": 2.6347503662109375,
    "max_prompt_len": 96,
    "max_new_tokens": 96,
    "dtype": "float32",
    "model_config_dir": null,
    "data_size": 40,
    "batch_size": 5,
    "inference_time": 17.028474519000156,
    "throughput": 225.5046390512184,
    "max_memory_allocated_per_device": [
        4.697629451751709,
        4.605915546417236
    ]
}