{
    "description": "Pipeline parallel OPT-6.7B benchmark",
    "model_name": "opt-6.7b",
    "model_size": 3.3758926391601562,
    "max_prompt_len": 256,
    "max_new_tokens": 384,
    "dtype": "float16",
    "model_config_dir": null,
    "data_size": 48,
    "batch_size": 48,
    "inference_time": 73.54138000300009,
    "throughput": 250.6344047289849,
    "max_memory_allocated_per_device": [
        7.297580242156982,
        8.58609390258789,
        8.58609390258789,
        6.814213275909424
    ]
}