{
    "description": "Pipeline parallel OPT-1.3B benchmark",
    "model_name": "opt-1.3b-pipeline",
    "model_size": 2.6503753662109375,
    "max_prompt_len": 96,
    "max_new_tokens": 128,
    "dtype": "float32",
    "model_config_dir": null,
    "data_size": 8,
    "batch_size": 8,
    "inference_time": 5.127970703000756,
    "throughput": 199.68912837212227,
    "max_memory_allocated_per_device": [
        3.528759479522705,
        3.4857850074768066
    ]
}