{
    "description": "Pipeline parallel OPT-1.3B benchmark",
    "model_name": "opt-1.3b-pipeline",
    "model_size": 2.6503753662109375,
    "max_prompt_len": 32,
    "max_new_tokens": 32,
    "dtype": "float32",
    "model_config_dir": null,
    "data_size": 48,
    "batch_size": 48,
    "inference_time": 4.235962235994521,
    "throughput": 362.6094649636029,
    "max_memory_allocated_per_device": [
        3.7979283332824707,
        3.7346549034118652
    ]
}