{
    "description": "Pipeline parallel OPT-1.3B benchmark",
    "model_name": "opt-1.3b-pipeline",
    "model_size": 2.6347503662109375,
    "max_prompt_len": 64,
    "max_new_tokens": 128,
    "dtype": "float32",
    "model_config_dir": null,
    "data_size": 40,
    "batch_size": 40,
    "inference_time": 16.314133709998714,
    "throughput": 313.8383006424681,
    "max_memory_allocated_per_device": [
        4.745936870574951,
        4.6135945320129395
    ]
}