{
    "description": "Pipeline parallel OPT-1.3B benchmark",
    "model_name": "opt-1.3b-pipeline",
    "model_size": 2.6347503662109375,
    "max_prompt_len": 96,
    "max_new_tokens": 96,
    "dtype": "float32",
    "model_config_dir": null,
    "data_size": 40,
    "batch_size": 40,
    "inference_time": 13.946382130001439,
    "throughput": 275.3402254581421,
    "max_memory_allocated_per_device": [
        4.745009899139404,
        4.6139092445373535
    ]
}