{
    "description": "Pipeline parallel OPT-1.3B benchmark",
    "model_name": "opt-1.3b-pipeline",
    "model_size": 2.6347503662109375,
    "max_prompt_len": 80,
    "max_new_tokens": 16,
    "dtype": "float32",
    "model_config_dir": null,
    "data_size": 24,
    "batch_size": 3,
    "inference_time": 3.3906852539985266,
    "throughput": 113.25144365645885,
    "max_memory_allocated_per_device": [
        3.9236960411071777,
        3.8755545616149902
    ]
}