{
    "description": "Pipeline parallel OPT-6.7B benchmark",
    "model_name": "opt-6.7b",
    "model_size": 3.3758926391601562,
    "max_prompt_len": 256,
    "max_new_tokens": 512,
    "dtype": "float16",
    "model_config_dir": null,
    "data_size": 16,
    "batch_size": 8,
    "inference_time": 50.76822158799996,
    "throughput": 161.3607832569092,
    "max_memory_allocated_per_device": [
        4.858624458312988,
        5.584576606750488,
        5.584759712219238,
        4.654860496520996
    ]
}