{
    "description": "Pipeline parallel OPT-6.7B benchmark",
    "model_name": "opt-6.7b",
    "model_size": 3.0248794555664062,
    "max_prompt_len": 384,
    "max_new_tokens": 256,
    "dtype": "float16",
    "model_config_dir": null,
    "data_size": 16,
    "batch_size": 4,
    "inference_time": 32.50012143999993,
    "throughput": 126.03029830401793,
    "max_memory_allocated_per_device": [
        4.658041477203369,
        5.243435859680176,
        5.243496894836426,
        4.540599346160889
    ]
}