{
    "description": "Pipeline parallel OPT-1.3B benchmark",
    "model_name": "opt-1.3b-pipeline",
    "model_size": 2.6503753662109375,
    "max_prompt_len": 64,
    "max_new_tokens": 64,
    "dtype": "float32",
    "model_config_dir": null,
    "data_size": 8,
    "batch_size": 8,
    "inference_time": 2.5424746769986086,
    "throughput": 201.37860354401485,
    "max_memory_allocated_per_device": [
        3.37168550491333,
        3.3406777381896973
    ]
}