{
    "description": "Pipeline parallel OPT-1.3B benchmark",
    "model_name": "opt-1.3b-pipeline",
    "model_size": 2.6347503662109375,
    "max_prompt_len": 32,
    "max_new_tokens": 112,
    "dtype": "float32",
    "model_config_dir": null,
    "data_size": 48,
    "batch_size": 48,
    "inference_time": 12.92787388000579,
    "throughput": 415.84564096920104,
    "max_memory_allocated_per_device": [
        4.590951442718506,
        4.4715704917907715
    ]
}