{
    "description": "Pipeline parallel OPT-6.7B benchmark",
    "model_name": "opt-6.7b",
    "model_size": 3.0092544555664062,
    "max_prompt_len": 384,
    "max_new_tokens": 512,
    "dtype": "float16",
    "model_config_dir": null,
    "data_size": 48,
    "batch_size": 12,
    "inference_time": 97.95332477899865,
    "throughput": 250.89500591682963,
    "max_memory_allocated_per_device": [
        8.646021842956543,
        10.309260368347168,
        10.309351921081543,
        7.973158836364746
    ]
}