{
    "description": "Pipeline parallel OPT-1.3B benchmark",
    "model_name": "opt-1.3b-pipeline",
    "model_size": 2.6503753662109375,
    "max_prompt_len": 128,
    "max_new_tokens": 48,
    "dtype": "float32",
    "model_config_dir": null,
    "data_size": 56,
    "batch_size": 28,
    "inference_time": 13.498221369998646,
    "throughput": 199.1373475304228,
    "max_memory_allocated_per_device": [
        5.951319217681885,
        5.826265811920166
    ]
}