{
    "description": "Pipeline parallel OPT-1.3B benchmark",
    "model_name": "opt-1.3b-pipeline",
    "model_size": 2.6347503662109375,
    "max_prompt_len": 96,
    "max_new_tokens": 80,
    "dtype": "float32",
    "model_config_dir": null,
    "data_size": 8,
    "batch_size": 2,
    "inference_time": 6.149662450998221,
    "throughput": 104.07075267946038,
    "max_memory_allocated_per_device": [
        3.4613966941833496,
        3.4342894554138184
    ]
}