{
    "description": "Pipeline parallel OPT-1.3B benchmark",
    "model_name": "opt-1.3b-pipeline",
    "model_size": 2.6347503662109375,
    "max_prompt_len": 32,
    "max_new_tokens": 64,
    "dtype": "float32",
    "model_config_dir": null,
    "data_size": 16,
    "batch_size": 4,
    "inference_time": 5.092829031000292,
    "throughput": 201.06702851536215,
    "max_memory_allocated_per_device": [
        3.469048023223877,
        3.4300456047058105
    ]
}