{
    "description": "Pipeline parallel OPT-1.3B benchmark",
    "model_name": "opt-1.3b-pipeline",
    "model_size": 2.6503753662109375,
    "max_prompt_len": 128,
    "max_new_tokens": 96,
    "dtype": "float32",
    "model_config_dir": null,
    "data_size": 40,
    "batch_size": 20,
    "inference_time": 16.914662460003456,
    "throughput": 227.02197038102855,
    "max_memory_allocated_per_device": [
        5.152323246002197,
        5.058535099029541
    ]
}