{
    "description": "Pipeline parallel OPT-1.3B benchmark",
    "model_name": "opt-1.3b-pipeline",
    "model_size": 2.6503753662109375,
    "max_prompt_len": 96,
    "max_new_tokens": 48,
    "dtype": "float32",
    "model_config_dir": null,
    "data_size": 56,
    "batch_size": 14,
    "inference_time": 12.568102951998299,
    "throughput": 213.87475979997558,
    "max_memory_allocated_per_device": [
        5.242785930633545,
        5.145087718963623
    ]
}