{
    "description": "Pipeline parallel OPT-1.3B benchmark",
    "model_name": "opt-1.3b-pipeline",
    "model_size": 2.6503753662109375,
    "max_prompt_len": 48,
    "max_new_tokens": 32,
    "dtype": "float32",
    "model_config_dir": null,
    "data_size": 56,
    "batch_size": 28,
    "inference_time": 6.03994501499983,
    "throughput": 296.6914426455338,
    "max_memory_allocated_per_device": [
        4.2056145668029785,
        4.148952960968018
    ]
}