{
    "description": "Pipeline parallel OPT-1.3B benchmark",
    "model_name": "opt-1.3b-pipeline",
    "model_size": 2.6503753662109375,
    "max_prompt_len": 80,
    "max_new_tokens": 112,
    "dtype": "float32",
    "model_config_dir": null,
    "data_size": 48,
    "batch_size": 24,
    "inference_time": 17.654504953003197,
    "throughput": 304.5115121783968,
    "max_memory_allocated_per_device": [
        5.025228500366211,
        4.870019912719727
    ]
}