{
    "description": "Pipeline parallel OPT-1.3B benchmark",
    "model_name": "opt-1.3b-pipeline",
    "model_size": 2.6347503662109375,
    "max_prompt_len": 112,
    "max_new_tokens": 16,
    "dtype": "float32",
    "model_config_dir": null,
    "data_size": 56,
    "batch_size": 56,
    "inference_time": 8.544463811995229,
    "throughput": 104.8632213459833,
    "max_memory_allocated_per_device": [
        5.657740116119385,
        5.531861305236816
    ]
}