{
    "description": "Pipeline parallel OPT-1.3B benchmark",
    "model_name": "opt-1.3b-pipeline",
    "model_size": 2.6347503662109375,
    "max_prompt_len": 64,
    "max_new_tokens": 64,
    "dtype": "float32",
    "model_config_dir": null,
    "data_size": 56,
    "batch_size": 28,
    "inference_time": 11.03048143700289,
    "throughput": 324.9178216262711,
    "max_memory_allocated_per_device": [
        4.614999771118164,
        4.490921974182129
    ]
}