{
    "description": "Pipeline parallel OPT-1.3B benchmark",
    "model_name": "opt-1.3b-pipeline",
    "model_size": 2.6503753662109375,
    "max_prompt_len": 80,
    "max_new_tokens": 16,
    "dtype": "float32",
    "model_config_dir": null,
    "data_size": 56,
    "batch_size": 7,
    "inference_time": 5.577287996995437,
    "throughput": 160.65155690053797,
    "max_memory_allocated_per_device": [
        4.913548946380615,
        4.826596736907959
    ]
}