{
    "description": "Pipeline parallel OPT-1.3B benchmark",
    "model_name": "opt-1.3b-pipeline",
    "model_size": 2.6347503662109375,
    "max_prompt_len": 128,
    "max_new_tokens": 48,
    "dtype": "float32",
    "model_config_dir": null,
    "data_size": 32,
    "batch_size": 8,
    "inference_time": 7.495705276000081,
    "throughput": 204.91734179010476,
    "max_memory_allocated_per_device": [
        4.74568510055542,
        4.667529582977295
    ]
}