{
    "description": "Pipeline parallel OPT-1.3B benchmark",
    "model_name": "opt-1.3b-pipeline",
    "model_size": 2.6503753662109375,
    "max_prompt_len": 112,
    "max_new_tokens": 80,
    "dtype": "float32",
    "model_config_dir": null,
    "data_size": 40,
    "batch_size": 5,
    "inference_time": 15.19591796399618,
    "throughput": 210.58286887187649,
    "max_memory_allocated_per_device": [
        4.910130977630615,
        4.824643611907959
    ]
}