{
    "description": "Pipeline parallel OPT-1.3B benchmark",
    "model_name": "opt-1.3b-pipeline",
    "model_size": 2.6503753662109375,
    "max_prompt_len": 16,
    "max_new_tokens": 112,
    "dtype": "float32",
    "model_config_dir": null,
    "data_size": 48,
    "batch_size": 48,
    "inference_time": 11.796901246001653,
    "throughput": 455.71289340258727,
    "max_memory_allocated_per_device": [
        4.4338154792785645,
        4.325793743133545
    ]
}