{
    "description": "Pipeline parallel OPT-1.3B benchmark",
    "model_name": "opt-1.3b-pipeline",
    "model_size": 2.6503753662109375,
    "max_prompt_len": 96,
    "max_new_tokens": 112,
    "dtype": "float32",
    "model_config_dir": null,
    "data_size": 16,
    "batch_size": 4,
    "inference_time": 9.681275629998709,
    "throughput": 185.09957452789092,
    "max_memory_allocated_per_device": [
        3.8326454162597656,
        3.765070915222168
    ]
}