{
    "description": "Pipeline parallel OPT-1.3B benchmark",
    "model_name": "opt-1.3b-pipeline",
    "model_size": 2.6503753662109375,
    "max_prompt_len": 96,
    "max_new_tokens": 112,
    "dtype": "float32",
    "model_config_dir": null,
    "data_size": 40,
    "batch_size": 5,
    "inference_time": 19.769881317995896,
    "throughput": 226.60732899402882,
    "max_memory_allocated_per_device": [
        4.825026512145996,
        4.674446105957031
    ]
}