{
    "description": "Pipeline parallel OPT-6.7B benchmark",
    "model_name": "opt-6.7b",
    "model_size": 3.0248794555664062,
    "max_prompt_len": 512,
    "max_new_tokens": 512,
    "dtype": "float16",
    "model_config_dir": null,
    "data_size": 32,
    "batch_size": 8,
    "inference_time": 88.6456152589999,
    "throughput": 184.8258365868422,
    "max_memory_allocated_per_device": [
        7.377394676208496,
        8.727736473083496,
        8.727736473083496,
        6.859881401062012
    ]
}