{
    "description": "Pipeline parallel OPT-1.3B benchmark",
    "model_name": "opt-1.3b-pipeline",
    "model_size": 2.6503753662109375,
    "max_prompt_len": 80,
    "max_new_tokens": 128,
    "dtype": "float32",
    "model_config_dir": null,
    "data_size": 32,
    "batch_size": 16,
    "inference_time": 14.017978972002311,
    "throughput": 292.1961866386601,
    "max_memory_allocated_per_device": [
        4.508695602416992,
        4.390948295593262
    ]
}