{
    "description": "Pipeline parallel OPT-1.3B benchmark",
    "model_name": "opt-1.3b-pipeline",
    "model_size": 2.6503753662109375,
    "max_prompt_len": 48,
    "max_new_tokens": 96,
    "dtype": "float32",
    "model_config_dir": null,
    "data_size": 32,
    "batch_size": 4,
    "inference_time": 13.978643806000036,
    "throughput": 219.76380846626975,
    "max_memory_allocated_per_device": [
        4.087459087371826,
        3.991076946258545
    ]
}