{
    "description": "Pipeline parallel OPT-1.3B benchmark",
    "model_name": "opt-1.3b-pipeline",
    "model_size": 2.6503753662109375,
    "max_prompt_len": 48,
    "max_new_tokens": 80,
    "dtype": "float32",
    "model_config_dir": null,
    "data_size": 64,
    "batch_size": 64,
    "inference_time": 12.548188232998655,
    "throughput": 408.0270318654973,
    "max_memory_allocated_per_device": [
        4.853127479553223,
        4.713869094848633
    ]
}