{
    "description": "Pipeline parallel OPT-1.3B benchmark",
    "model_name": "opt-1.3b-pipeline",
    "model_size": 2.6503753662109375,
    "max_prompt_len": 96,
    "max_new_tokens": 16,
    "dtype": "float32",
    "model_config_dir": null,
    "data_size": 48,
    "batch_size": 12,
    "inference_time": 5.693692531000124,
    "throughput": 134.88610349408825,
    "max_memory_allocated_per_device": [
        4.944121837615967,
        4.858150005340576
    ]
}