{
    "description": "Pipeline parallel OPT-1.3B benchmark",
    "model_name": "opt-1.3b-pipeline",
    "model_size": 2.6503753662109375,
    "max_prompt_len": 112,
    "max_new_tokens": 16,
    "dtype": "float32",
    "model_config_dir": null,
    "data_size": 32,
    "batch_size": 8,
    "inference_time": 4.261606027997914,
    "throughput": 120.14249947936544,
    "max_memory_allocated_per_device": [
        4.547919750213623,
        4.477580547332764
    ]
}