{
    "description": "Pipeline parallel OPT-1.3B benchmark",
    "model_name": "opt-1.3b-pipeline",
    "model_size": 2.6503753662109375,
    "max_prompt_len": 48,
    "max_new_tokens": 128,
    "dtype": "float32",
    "model_config_dir": null,
    "data_size": 8,
    "batch_size": 2,
    "inference_time": 9.357157888000074,
    "throughput": 109.43493871287681,
    "max_memory_allocated_per_device": [
        3.450819492340088,
        3.414307117462158
    ]
}