{
    "description": "Pipeline parallel OPT-1.3B benchmark",
    "model_name": "opt-1.3b",
    "model_size": 2.6503753662109375,
    "dtype": "float32",
    "max_prompt_len": 384,
    "max_new_tokens": 1,
    "model_config_dir": null,
    "data_size": 8,
    "batch_size": 4,
    "inference_time": 2.5427136289999908,
    "throughput": 3.146244983610787,
    "max_memory_allocated_per_device": [
        4.25945520401001,
        4.038240909576416
    ]
}