{
    "description": "Pipeline parallel OPT-1.3B benchmark",
    "model_name": "opt-1.3b-pipeline",
    "model_size": 2.6503753662109375,
    "max_prompt_len": 96,
    "max_new_tokens": 80,
    "dtype": "float32",
    "model_config_dir": null,
    "data_size": 48,
    "batch_size": 6,
    "inference_time": 15.607869769999525,
    "throughput": 246.02973093618508,
    "max_memory_allocated_per_device": [
        4.939733028411865,
        4.853757381439209
    ]
}