{
    "description": "Pipeline parallel OPT-1.3B benchmark",
    "model_name": "opt-1.3b-pipeline",
    "model_size": 2.6503753662109375,
    "max_prompt_len": 32,
    "max_new_tokens": 128,
    "dtype": "float32",
    "model_config_dir": null,
    "data_size": 32,
    "batch_size": 8,
    "inference_time": 12.111172160999558,
    "throughput": 338.2001300575971,
    "max_memory_allocated_per_device": [
        4.190704345703125,
        4.097194671630859
    ]
}