{
    "description": "Pipeline parallel OPT-1.3B benchmark",
    "model_name": "opt-1.3b-pipeline",
    "model_size": 2.6347503662109375,
    "max_prompt_len": 48,
    "max_new_tokens": 128,
    "dtype": "float32",
    "model_config_dir": null,
    "data_size": 40,
    "batch_size": 5,
    "inference_time": 20.248695613001473,
    "throughput": 252.855793669618,
    "max_memory_allocated_per_device": [
        4.566587924957275,
        4.443331241607666
    ]
}