{
    "description": "Pipeline parallel OPT-1.3B benchmark",
    "model_name": "opt-1.3b-pipeline",
    "model_size": 2.6503753662109375,
    "max_prompt_len": 64,
    "max_new_tokens": 16,
    "dtype": "float32",
    "model_config_dir": null,
    "data_size": 32,
    "batch_size": 32,
    "inference_time": 3.5356629559973953,
    "throughput": 144.81018308928913,
    "max_memory_allocated_per_device": [
        4.276007175445557,
        4.173948764801025
    ]
}