{
    "description": "Pipeline parallel OPT-6.7B benchmark",
    "model_name": "opt-6.7b",
    "model_size": 3.0092544555664062,
    "max_prompt_len": 256,
    "max_new_tokens": 512,
    "dtype": "float16",
    "model_config_dir": null,
    "data_size": 48,
    "batch_size": 24,
    "inference_time": 86.51762090500051,
    "throughput": 284.057741566719,
    "max_memory_allocated_per_device": [
        7.954394340515137,
        9.430956840515137,
        9.430956840515137,
        7.3759355545043945
    ]
}