{
    "description": "Pipeline parallel OPT-1.3B benchmark",
    "model_name": "opt-1.3b-pipeline",
    "model_size": 2.6347503662109375,
    "max_prompt_len": 32,
    "max_new_tokens": 96,
    "dtype": "float32",
    "model_config_dir": null,
    "data_size": 24,
    "batch_size": 6,
    "inference_time": 8.268409058000543,
    "throughput": 278.650945283197,
    "max_memory_allocated_per_device": [
        3.7796359062194824,
        3.715270519256592
    ]
}