{
    "description": "Pipeline parallel OPT-1.3B benchmark",
    "model_name": "opt-1.3b-pipeline",
    "model_size": 2.6503753662109375,
    "max_prompt_len": 128,
    "max_new_tokens": 16,
    "dtype": "float32",
    "model_config_dir": null,
    "data_size": 32,
    "batch_size": 32,
    "inference_time": 5.567218452997622,
    "throughput": 91.96693183906191,
    "max_memory_allocated_per_device": [
        4.777258396148682,
        4.69910192489624
    ]
}