{
    "description": "Pipeline parallel OPT-1.3B benchmark",
    "model_name": "opt-1.3b-pipeline",
    "model_size": 2.6347503662109375,
    "max_prompt_len": 48,
    "max_new_tokens": 64,
    "dtype": "float32",
    "model_config_dir": null,
    "data_size": 16,
    "batch_size": 2,
    "inference_time": 8.644790709000517,
    "throughput": 118.452838763796,
    "max_memory_allocated_per_device": [
        3.5304737091064453,
        3.4872913360595703
    ]
}