{
    "description": "Pipeline parallel OPT-1.3B benchmark",
    "model_name": "opt-1.3b",
    "model_size": 2.6347503662109375,
    "dtype": "float32",
    "max_prompt_len": 320,
    "max_new_tokens": 1,
    "model_config_dir": null,
    "data_size": 8,
    "batch_size": 4,
    "inference_time": 1.9798335180000777,
    "throughput": 4.040743793488845,
    "max_memory_allocated_per_device": [
        3.973799228668213,
        3.8476815223693848
    ]
}