{
    "description": "Pipeline parallel OPT-1.3B benchmark",
    "model_name": "opt-1.3b-pipeline",
    "model_size": 2.6503753662109375,
    "max_prompt_len": 112,
    "max_new_tokens": 48,
    "dtype": "float32",
    "model_config_dir": null,
    "data_size": 40,
    "batch_size": 5,
    "inference_time": 10.294187485000293,
    "throughput": 186.5130203619898,
    "max_memory_allocated_per_device": [
        4.909642696380615,
        4.825130939483643
    ]
}