{
    "description": "Pipeline parallel OPT-1.3B benchmark",
    "model_name": "opt-1.3b-pipeline",
    "model_size": 2.6347503662109375,
    "max_prompt_len": 16,
    "max_new_tokens": 16,
    "dtype": "float32",
    "model_config_dir": null,
    "data_size": 64,
    "batch_size": 16,
    "inference_time": 2.7567414400036796,
    "throughput": 371.4530442139083,
    "max_memory_allocated_per_device": [
        3.5806589126586914,
        3.5355491638183594
    ]
}