{
    "description": "Pipeline parallel OPT-1.3B benchmark",
    "model_name": "opt-1.3b-pipeline",
    "model_size": 2.6503753662109375,
    "max_prompt_len": 16,
    "max_new_tokens": 16,
    "dtype": "float32",
    "model_config_dir": null,
    "data_size": 16,
    "batch_size": 16,
    "inference_time": 0.9657205090006755,
    "throughput": 265.0870491141458,
    "max_memory_allocated_per_device": [
        2.7734570503234863,
        2.7532901763916016
    ]
}