{
    "description": "Pipeline parallel OPT-1.3B benchmark",
    "model_name": "opt-1.3b-pipeline",
    "model_size": 2.6347503662109375,
    "max_prompt_len": 80,
    "max_new_tokens": 16,
    "dtype": "float32",
    "model_config_dir": null,
    "data_size": 8,
    "batch_size": 4,
    "inference_time": 1.1662735819991212,
    "throughput": 109.75126417644985,
    "max_memory_allocated_per_device": [
        3.4142422676086426,
        3.3876242637634277
    ]
}