{
    "description": "Pipeline parallel OPT-1.3B benchmark",
    "model_name": "opt-1.3b-pipeline",
    "model_size": 2.6347503662109375,
    "max_prompt_len": 48,
    "max_new_tokens": 48,
    "dtype": "float32",
    "model_config_dir": null,
    "data_size": 64,
    "batch_size": 64,
    "inference_time": 8.568803090995061,
    "throughput": 358.50981372513496,
    "max_memory_allocated_per_device": [
        4.431656837463379,
        4.324167251586914
    ]
}