{
    "description": "Pipeline parallel OPT-1.3B benchmark",
    "model_name": "opt-1.3b-pipeline",
    "model_size": 2.6503753662109375,
    "max_prompt_len": 96,
    "max_new_tokens": 48,
    "dtype": "float32",
    "model_config_dir": null,
    "data_size": 40,
    "batch_size": 5,
    "inference_time": 9.695226952004305,
    "throughput": 198.0355910702097,
    "max_memory_allocated_per_device": [
        4.689198970794678,
        4.605672359466553
    ]
}