{
    "description": "Pipeline parallel OPT-1.3B benchmark",
    "model_name": "opt-1.3b-pipeline",
    "model_size": 2.6347503662109375,
    "max_prompt_len": 16,
    "max_new_tokens": 16,
    "dtype": "float32",
    "model_config_dir": null,
    "data_size": 56,
    "batch_size": 56,
    "inference_time": 2.1992919640033506,
    "throughput": 407.40384390302575,
    "max_memory_allocated_per_device": [
        5.603514671325684,
        5.400198936462402
    ]
}