{
    "description": "Pipeline parallel OPT-1.3B benchmark",
    "model_name": "opt-1.3b-pipeline",
    "model_size": 2.6503753662109375,
    "max_prompt_len": 80,
    "max_new_tokens": 112,
    "dtype": "float32",
    "model_config_dir": null,
    "data_size": 24,
    "batch_size": 6,
    "inference_time": 10.940729337999073,
    "throughput": 245.68745985371416,
    "max_memory_allocated_per_device": [
        4.087833404541016,
        3.9980697631835938
    ]
}