{
    "description": "Pipeline parallel OPT-1.3B benchmark",
    "model_name": "opt-1.3b-pipeline",
    "model_size": 2.6347503662109375,
    "max_prompt_len": 32,
    "max_new_tokens": 96,
    "dtype": "float32",
    "model_config_dir": null,
    "data_size": 56,
    "batch_size": 56,
    "inference_time": 11.958542066000518,
    "throughput": 449.5531286614422,
    "max_memory_allocated_per_device": [
        4.644690990447998,
        4.522149562835693
    ]
}