{
    "description": "Pipeline parallel OPT-1.3B benchmark",
    "model_name": "opt-1.3b-pipeline",
    "model_size": 2.6347503662109375,
    "max_prompt_len": 112,
    "max_new_tokens": 128,
    "dtype": "float32",
    "model_config_dir": null,
    "data_size": 32,
    "batch_size": 16,
    "inference_time": 15.31097303199931,
    "throughput": 267.52055479684583,
    "max_memory_allocated_per_device": [
        4.71466064453125,
        4.581891059875488
    ]
}