{
    "description": "Pipeline parallel OPT-1.3B benchmark",
    "model_name": "opt-1.3b-pipeline",
    "model_size": 2.6347503662109375,
    "max_prompt_len": 80,
    "max_new_tokens": 80,
    "dtype": "float32",
    "model_config_dir": null,
    "data_size": 24,
    "batch_size": 24,
    "inference_time": 8.26322868599891,
    "throughput": 232.35469729322858,
    "max_memory_allocated_per_device": [
        3.952439785003662,
        3.8812341690063477
    ]
}