{
    "description": "Pipeline parallel OPT-1.3B benchmark",
    "model_name": "opt-1.3b-pipeline",
    "model_size": 2.6347503662109375,
    "max_prompt_len": 48,
    "max_new_tokens": 32,
    "dtype": "float32",
    "model_config_dir": null,
    "data_size": 40,
    "batch_size": 40,
    "inference_time": 4.742035090999707,
    "throughput": 269.92630282922534,
    "max_memory_allocated_per_device": [
        3.93019962310791,
        3.8839187622070312
    ]
}