{
    "description": "Pipeline parallel OPT-1.3B benchmark",
    "model_name": "opt-1.3b-pipeline",
    "model_size": 2.6503753662109375,
    "max_prompt_len": 80,
    "max_new_tokens": 64,
    "dtype": "float32",
    "model_config_dir": null,
    "data_size": 8,
    "batch_size": 4,
    "inference_time": 3.2922571359995345,
    "throughput": 155.51640678411226,
    "max_memory_allocated_per_device": [
        3.414241313934326,
        3.387625217437744
    ]
}