{
    "description": "Pipeline parallel OPT-1.3B benchmark",
    "model_name": "opt-1.3b-pipeline",
    "model_size": 2.6503753662109375,
    "max_prompt_len": 128,
    "max_new_tokens": 48,
    "dtype": "float32",
    "model_config_dir": null,
    "data_size": 40,
    "batch_size": 5,
    "inference_time": 10.744182750997425,
    "throughput": 178.70135351353352,
    "max_memory_allocated_per_device": [
        5.1376776695251465,
        5.04388952255249
    ]
}