{
    "description": "Pipeline parallel OPT-1.3B benchmark",
    "model_name": "opt-1.3b-pipeline",
    "model_size": 2.6503753662109375,
    "max_prompt_len": 96,
    "max_new_tokens": 96,
    "dtype": "float32",
    "model_config_dir": null,
    "data_size": 56,
    "batch_size": 7,
    "inference_time": 19.583804456000507,
    "throughput": 274.5125448979238,
    "max_memory_allocated_per_device": [
        5.304233074188232,
        5.16532564163208
    ]
}