{
    "description": "Pipeline parallel OPT-1.3B benchmark",
    "model_name": "opt-1.3b-pipeline",
    "model_size": 2.6347503662109375,
    "max_prompt_len": 16,
    "max_new_tokens": 112,
    "dtype": "float32",
    "model_config_dir": null,
    "data_size": 56,
    "batch_size": 14,
    "inference_time": 15.687361336997128,
    "throughput": 399.812298911487,
    "max_memory_allocated_per_device": [
        4.600168228149414,
        4.474870681762695
    ]
}