{
    "description": "Pipeline parallel OPT-1.3B benchmark",
    "model_name": "opt-1.3b-pipeline",
    "model_size": 2.6503753662109375,
    "max_prompt_len": 96,
    "max_new_tokens": 112,
    "dtype": "float32",
    "model_config_dir": null,
    "data_size": 24,
    "batch_size": 24,
    "inference_time": 12.036023142998602,
    "throughput": 223.3295805486731,
    "max_memory_allocated_per_device": [
        4.187065124511719,
        4.095877647399902
    ]
}