{
    "description": "Pipeline parallel OPT-1.3B benchmark",
    "model_name": "opt-1.3b-pipeline",
    "model_size": 2.6503753662109375,
    "max_prompt_len": 64,
    "max_new_tokens": 96,
    "dtype": "float32",
    "model_config_dir": null,
    "data_size": 64,
    "batch_size": 16,
    "inference_time": 17.593780519004213,
    "throughput": 349.214314306323,
    "max_memory_allocated_per_device": [
        5.217612266540527,
        5.045655250549316
    ]
}