{
    "description": "Pipeline parallel OPT-1.3B benchmark",
    "model_name": "opt-1.3b-pipeline",
    "model_size": 2.6347503662109375,
    "max_prompt_len": 80,
    "max_new_tokens": 32,
    "dtype": "float32",
    "model_config_dir": null,
    "data_size": 48,
    "batch_size": 12,
    "inference_time": 7.296553999003663,
    "throughput": 210.51033134404804,
    "max_memory_allocated_per_device": [
        4.646468639373779,
        4.572219371795654
    ]
}