{
    "description": "Pipeline parallel OPT-1.3B benchmark",
    "model_name": "opt-1.3b-pipeline",
    "model_size": 2.6503753662109375,
    "max_prompt_len": 16,
    "max_new_tokens": 112,
    "dtype": "float32",
    "model_config_dir": null,
    "data_size": 40,
    "batch_size": 5,
    "inference_time": 16.796301729002153,
    "throughput": 266.725382306296,
    "max_memory_allocated_per_device": [
        4.187857151031494,
        4.09451150894165
    ]
}