{
    "description": "Pipeline parallel OPT-1.3B benchmark",
    "model_name": "opt-1.3b-pipeline",
    "model_size": 2.6503753662109375,
    "max_prompt_len": 112,
    "max_new_tokens": 112,
    "dtype": "float32",
    "model_config_dir": null,
    "data_size": 40,
    "batch_size": 10,
    "inference_time": 16.05789498500235,
    "throughput": 278.9904906081527,
    "max_memory_allocated_per_device": [
        4.958515644073486,
        4.823191165924072
    ]
}