{
    "description": "Pipeline parallel OPT-1.3B benchmark",
    "model_name": "opt-1.3b-pipeline",
    "model_size": 2.6503753662109375,
    "max_prompt_len": 80,
    "max_new_tokens": 48,
    "dtype": "float32",
    "model_config_dir": null,
    "data_size": 24,
    "batch_size": 6,
    "inference_time": 5.241721130998485,
    "throughput": 219.775140876401,
    "max_memory_allocated_per_device": [
        3.9244256019592285,
        3.874056339263916
    ]
}