{
    "description": "Pipeline parallel OPT-1.3B benchmark",
    "model_name": "opt-1.3b-pipeline",
    "model_size": 2.6347503662109375,
    "max_prompt_len": 128,
    "max_new_tokens": 48,
    "dtype": "float32",
    "model_config_dir": null,
    "data_size": 48,
    "batch_size": 24,
    "inference_time": 11.971806911002204,
    "throughput": 192.45215172010518,
    "max_memory_allocated_per_device": [
        5.552858829498291,
        5.4434380531311035
    ]
}