{
    "description": "Pipeline parallel OPT-6.7B benchmark",
    "model_name": "opt-6.7b",
    "model_size": 3.0092544555664062,
    "max_prompt_len": 512,
    "max_new_tokens": 128,
    "dtype": "float16",
    "model_config_dir": null,
    "data_size": 16,
    "batch_size": 8,
    "inference_time": 15.557611961000475,
    "throughput": 131.63974041349582,
    "max_memory_allocated_per_device": [
        5.131819248199463,
        5.732832431793213,
        5.732832431793213,
        4.967875003814697
    ]
}