{
    "description": "Pipeline parallel OPT-1.3B benchmark",
    "model_name": "opt-1.3b-pipeline",
    "model_size": 2.6347503662109375,
    "max_prompt_len": 112,
    "max_new_tokens": 32,
    "dtype": "float32",
    "model_config_dir": null,
    "data_size": 64,
    "batch_size": 32,
    "inference_time": 11.305340330000035,
    "throughput": 181.15332579289046,
    "max_memory_allocated_per_device": [
        5.951319217681885,
        5.826265811920166
    ]
}