{
    "description": "Pipeline parallel OPT-1.3B benchmark",
    "model_name": "opt-1.3b-pipeline",
    "model_size": 2.6503753662109375,
    "max_prompt_len": 64,
    "max_new_tokens": 16,
    "dtype": "float32",
    "model_config_dir": null,
    "data_size": 16,
    "batch_size": 2,
    "inference_time": 2.653195226997923,
    "throughput": 96.48743424345095,
    "max_memory_allocated_per_device": [
        3.5540900230407715,
        3.5228323936462402
    ]
}