{
    "description": "Pipeline parallel OPT-1.3B benchmark",
    "model_name": "opt-1.3b-pipeline",
    "model_size": 2.6503753662109375,
    "max_prompt_len": 112,
    "max_new_tokens": 32,
    "dtype": "float32",
    "model_config_dir": null,
    "data_size": 40,
    "batch_size": 5,
    "inference_time": 7.80194655899686,
    "throughput": 164.06162107377685,
    "max_memory_allocated_per_device": [
        4.909153461456299,
        4.825130939483643
    ]
}