{
    "description": "Pipeline parallel OPT-1.3B benchmark",
    "model_name": "opt-1.3b-pipeline",
    "model_size": 2.6503753662109375,
    "max_prompt_len": 64,
    "max_new_tokens": 128,
    "dtype": "float32",
    "model_config_dir": null,
    "data_size": 56,
    "batch_size": 28,
    "inference_time": 20.345327584000188,
    "throughput": 352.31676513466425,
    "max_memory_allocated_per_device": [
        5.338737487792969,
        5.159421920776367
    ]
}