{
    "description": "Pipeline parallel OPT-1.3B benchmark",
    "model_name": "opt-1.3b-pipeline",
    "model_size": 2.6347503662109375,
    "max_prompt_len": 96,
    "max_new_tokens": 32,
    "dtype": "float32",
    "model_config_dir": null,
    "data_size": 48,
    "batch_size": 12,
    "inference_time": 7.996112055996491,
    "throughput": 192.09335602645962,
    "max_memory_allocated_per_device": [
        4.944121837615967,
        4.858150005340576
    ]
}