{
    "description": "Pipeline parallel OPT-1.3B benchmark",
    "model_name": "opt-1.3b-pipeline",
    "model_size": 2.6503753662109375,
    "max_prompt_len": 128,
    "max_new_tokens": 96,
    "dtype": "float32",
    "model_config_dir": null,
    "data_size": 56,
    "batch_size": 14,
    "inference_time": 19.821772842005885,
    "throughput": 271.21691096203534,
    "max_memory_allocated_per_device": [
        5.937648296356201,
        5.812594890594482
    ]
}