{
    "description": "Pipeline parallel OPT-1.3B benchmark",
    "model_name": "opt-1.3b-pipeline",
    "model_size": 2.6503753662109375,
    "max_prompt_len": 96,
    "max_new_tokens": 96,
    "dtype": "float32",
    "model_config_dir": null,
    "data_size": 64,
    "batch_size": 8,
    "inference_time": 20.440722004001145,
    "throughput": 300.5764668585263,
    "max_memory_allocated_per_device": [
        5.615664482116699,
        5.429769039154053
    ]
}