{
    "description": "Pipeline parallel OPT-1.3B benchmark",
    "model_name": "opt-1.3b-pipeline",
    "model_size": 2.6347503662109375,
    "max_prompt_len": 128,
    "max_new_tokens": 80,
    "dtype": "float32",
    "model_config_dir": null,
    "data_size": 8,
    "batch_size": 1,
    "inference_time": 10.993768782000188,
    "throughput": 58.21479537097918,
    "max_memory_allocated_per_device": [
        3.554755687713623,
        3.523498058319092
    ]
}}