{
    "description": "Pipeline parallel OPT-1.3B benchmark",
    "model_name": "opt-1.3b-pipeline",
    "model_size": 2.6347503662109375,
    "max_prompt_len": 112,
    "max_new_tokens": 112,
    "dtype": "float32",
    "model_config_dir": null,
    "data_size": 8,
    "batch_size": 1,
    "inference_time": 15.024821114999213,
    "throughput": 59.634653427289535,
    "max_memory_allocated_per_device": [
        3.5244064331054688,
        3.481797218322754
    ]
}