{
    "description": "Pipeline parallel OPT-1.3B benchmark",
    "model_name": "opt-1.3b-pipeline",
    "model_size": 2.6347503662109375,
    "max_prompt_len": 112,
    "max_new_tokens": 128,
    "dtype": "float32",
    "model_config_dir": null,
    "data_size": 48,
    "batch_size": 24,
    "inference_time": 22.009578543002135,
    "throughput": 279.15118810639206,
    "max_memory_allocated_per_device": [
        5.48784875869751,
        5.2972588539123535
    ]
}