{
    "description": "Pipeline parallel OPT-1.3B benchmark",
    "model_name": "opt-1.3b-pipeline",
    "model_size": 2.6347503662109375,
    "max_prompt_len": 96,
    "max_new_tokens": 128,
    "dtype": "float32",
    "model_config_dir": null,
    "data_size": 24,
    "batch_size": 3,
    "inference_time": 18.95221288099856,
    "throughput": 162.0918897064511,
    "max_memory_allocated_per_device": [
        4.230619430541992,
        4.132383346557617
    ]
}