{
    "description": "Pipeline parallel OPT-1.3B benchmark",
    "model_name": "opt-1.3b-pipeline",
    "model_size": 2.6347503662109375,
    "max_prompt_len": 64,
    "max_new_tokens": 64,
    "dtype": "float32",
    "model_config_dir": null,
    "data_size": 48,
    "batch_size": 12,
    "inference_time": 11.29497206799715,
    "throughput": 271.9794242523287,
    "max_memory_allocated_per_device": [
        4.394365310668945,
        4.289096355438232
    ]
}