{
    "description": "Pipeline parallel OPT-1.3B benchmark",
    "model_name": "opt-1.3b-pipeline",
    "model_size": 2.6503753662109375,
    "max_prompt_len": 32,
    "max_new_tokens": 48,
    "dtype": "float32",
    "model_config_dir": null,
    "data_size": 48,
    "batch_size": 6,
    "inference_time": 8.180372977003572,
    "throughput": 281.649749525717,
    "max_memory_allocated_per_device": [
        3.9326834678649902,
        3.854367733001709
    ]
}