{
    "description": "Pipeline parallel OPT-1.3B benchmark",
    "model_name": "opt-1.3b-pipeline",
    "model_size": 2.6503753662109375,
    "max_prompt_len": 32,
    "max_new_tokens": 32,
    "dtype": "float32",
    "model_config_dir": null,
    "data_size": 8,
    "batch_size": 2,
    "inference_time": 2.383480550999593,
    "throughput": 107.40595298444443,
    "max_memory_allocated_per_device": [
        3.2618250846862793,
        3.238542079925537
    ]
}