{
    "description": "Pipeline parallel OPT-1.3B benchmark",
    "model_name": "opt-1.3b-pipeline",
    "model_size": 2.6347503662109375,
    "max_prompt_len": 16,
    "max_new_tokens": 128,
    "dtype": "float32",
    "model_config_dir": null,
    "data_size": 48,
    "batch_size": 48,
    "inference_time": 13.80457807500352,
    "throughput": 445.0697418362374,
    "max_memory_allocated_per_device": [
        4.5920538902282715,
        4.4722981452941895
    ]
}