{
    "description": "Pipeline parallel OPT-1.3B benchmark",
    "model_name": "opt-1.3b-pipeline",
    "model_size": 2.6503753662109375,
    "max_prompt_len": 64,
    "max_new_tokens": 16,
    "dtype": "float32",
    "model_config_dir": null,
    "data_size": 56,
    "batch_size": 7,
    "inference_time": 4.80929425299837,
    "throughput": 186.3059220053724,
    "max_memory_allocated_per_device": [
        4.5445075035095215,
        4.47434663772583
    ]
}