{
    "description": "Pipeline parallel OPT-1.3B benchmark",
    "model_name": "opt-1.3b-pipeline",
    "model_size": 2.6503753662109375,
    "max_prompt_len": 80,
    "max_new_tokens": 112,
    "dtype": "float32",
    "model_config_dir": null,
    "data_size": 56,
    "batch_size": 28,
    "inference_time": 19.451407001004554,
    "throughput": 322.4445408846819,
    "max_memory_allocated_per_device": [
        5.3369879722595215,
        5.15792989730835
    ]
}