{
    "description": "Pipeline parallel OPT-1.3B benchmark",
    "model_name": "opt-1.3b-pipeline",
    "model_size": 2.6347503662109375,
    "max_prompt_len": 48,
    "max_new_tokens": 32,
    "dtype": "float32",
    "model_config_dir": null,
    "data_size": 16,
    "batch_size": 16,
    "inference_time": 2.3923535219983023,
    "throughput": 214.01519269289807,
    "max_memory_allocated_per_device": [
        3.4647440910339355,
        3.4373936653137207
    ]
}