{
    "description": "Pipeline parallel OPT-1.3B benchmark",
    "model_name": "opt-1.3b-pipeline",
    "model_size": 2.6503753662109375,
    "max_prompt_len": 16,
    "max_new_tokens": 16,
    "dtype": "float32",
    "model_config_dir": null,
    "data_size": 56,
    "batch_size": 14,
    "inference_time": 2.5607635979977204,
    "throughput": 349.89563296689664,
    "max_memory_allocated_per_device": [
        3.5189695358276367,
        3.48201322555542
    ]
}