{
    "description": "Pipeline parallel OPT-1.3B benchmark",
    "model_name": "opt-1.3b-pipeline",
    "model_size": 2.6347503662109375,
    "max_prompt_len": 80,
    "max_new_tokens": 48,
    "dtype": "float32",
    "model_config_dir": null,
    "data_size": 16,
    "batch_size": 4,
    "inference_time": 4.400295442002971,
    "throughput": 174.53373531901167,
    "max_memory_allocated_per_device": [
        3.66652250289917,
        3.629523754119873
    ]
}