{
    "description": "Pipeline parallel OPT-1.3B benchmark",
    "model_name": "opt-1.3b-pipeline",
    "model_size": 2.6503753662109375,
    "max_prompt_len": 16,
    "max_new_tokens": 32,
    "dtype": "float32",
    "model_config_dir": null,
    "data_size": 8,
    "batch_size": 1,
    "inference_time": 3.9500467760008178,
    "throughput": 64.80935910819376,
    "max_memory_allocated_per_device": [
        3.220395565032959,
        3.16703462600708
    ]
}