{
    "description": "Pipeline parallel OPT-1.3B benchmark",
    "model_name": "opt-1.3b-pipeline",
    "model_size": 2.6347503662109375,
    "max_prompt_len": 112,
    "max_new_tokens": 128,
    "dtype": "float32",
    "model_config_dir": null,
    "data_size": 40,
    "batch_size": 5,
    "inference_time": 22.996079608994478,
    "throughput": 222.6466461699589,
    "max_memory_allocated_per_device": [
        5.072976112365723,
        4.910058975219727
    ]
}