{
    "description": "Pipeline parallel OPT-1.3B benchmark",
    "model_name": "opt-1.3b-pipeline",
    "model_size": 2.6503753662109375,
    "max_prompt_len": 48,
    "max_new_tokens": 64,
    "dtype": "float32",
    "model_config_dir": null,
    "data_size": 56,
    "batch_size": 56,
    "inference_time": 9.351461576996371,
    "throughput": 383.2555981212894,
    "max_memory_allocated_per_device": [
        4.451107978820801,
        4.341408729553223
    ]
}