{
    "description": "Pipeline parallel OPT-1.3B benchmark",
    "model_name": "opt-1.3b-pipeline",
    "model_size": 2.6347503662109375,
    "max_prompt_len": 32,
    "max_new_tokens": 48,
    "dtype": "float32",
    "model_config_dir": null,
    "data_size": 40,
    "batch_size": 5,
    "inference_time": 7.7566460160014685,
    "throughput": 247.52966630669516,
    "max_memory_allocated_per_device": [
        3.801786422729492,
        3.7371654510498047
    ]
}