{
    "description": "Pipeline parallel OPT-1.3B benchmark",
    "model_name": "opt-1.3b-pipeline",
    "model_size": 2.6347503662109375,
    "max_prompt_len": 96,
    "max_new_tokens": 128,
    "dtype": "float32",
    "model_config_dir": null,
    "data_size": 48,
    "batch_size": 24,
    "inference_time": 21.229419390001567,
    "throughput": 289.4097048595518,
    "max_memory_allocated_per_device": [
        5.335846900939941,
        5.157164573669434
    ]
}