{
    "description": "Pipeline parallel OPT-1.3B benchmark",
    "model_name": "opt-1.3b-pipeline",
    "model_size": 2.6503753662109375,
    "max_prompt_len": 80,
    "max_new_tokens": 48,
    "dtype": "float32",
    "model_config_dir": null,
    "data_size": 32,
    "batch_size": 4,
    "inference_time": 8.140199845998723,
    "throughput": 188.69315607220793,
    "max_memory_allocated_per_device": [
        4.172414302825928,
        4.116482257843018
    ]
}