{
    "description": "Pipeline parallel OPT-1.3B benchmark",
    "model_name": "opt-1.3b-pipeline",
    "model_size": 2.6347503662109375,
    "max_prompt_len": 80,
    "max_new_tokens": 64,
    "dtype": "float32",
    "model_config_dir": null,
    "data_size": 64,
    "batch_size": 32,
    "inference_time": 13.358707182997023,
    "throughput": 306.61649693268174,
    "max_memory_allocated_per_device": [
        5.152323246002197,
        5.058535099029541
    ]
}