{
    "description": "Pipeline parallel OPT-1.3B benchmark",
    "model_name": "opt-1.3b-pipeline",
    "model_size": 2.6503753662109375,
    "max_prompt_len": 48,
    "max_new_tokens": 96,
    "dtype": "float32",
    "model_config_dir": null,
    "data_size": 40,
    "batch_size": 10,
    "inference_time": 11.579753821999475,
    "throughput": 331.6132673481091,
    "max_memory_allocated_per_device": [
        4.332457065582275,
        4.227377414703369
    ]
}