{
    "description": "Pipeline parallel OPT-1.3B benchmark",
    "model_name": "opt-1.3b-pipeline",
    "model_size": 2.6347503662109375,
    "max_prompt_len": 32,
    "max_new_tokens": 16,
    "dtype": "float32",
    "model_config_dir": null,
    "data_size": 48,
    "batch_size": 48,
    "inference_time": 2.7943959240001277,
    "throughput": 274.8357859399615,
    "max_memory_allocated_per_device": [
        4.529730319976807,
        4.408392429351807
    ]
}