{
    "description": "Pipeline parallel OPT-1.3B benchmark",
    "model_name": "opt-1.3b-pipeline",
    "model_size": 2.6347503662109375,
    "max_prompt_len": 48,
    "max_new_tokens": 64,
    "dtype": "float32",
    "model_config_dir": null,
    "data_size": 8,
    "batch_size": 2,
    "inference_time": 4.7786135240003205,
    "throughput": 107.1440486719649,
    "max_memory_allocated_per_device": [
        3.3432226181030273,
        3.3138341903686523
    ]
}