{
    "description": "Pipeline parallel OPT-1.3B benchmark",
    "model_name": "opt-1.3b-pipeline",
    "model_size": 2.6347503662109375,
    "max_prompt_len": 48,
    "max_new_tokens": 64,
    "dtype": "float32",
    "model_config_dir": null,
    "data_size": 8,
    "batch_size": 4,
    "inference_time": 3.0230774100000417,
    "throughput": 169.36384040526204,
    "max_memory_allocated_per_device": [
        3.3408889770507812,
        3.3114681243896484
    ]
}