{
    "description": "Pipeline parallel OPT-1.3B benchmark",
    "model_name": "opt-1.3b-pipeline",
    "model_size": 2.6503753662109375,
    "max_prompt_len": 64,
    "max_new_tokens": 48,
    "dtype": "float32",
    "model_config_dir": null,
    "data_size": 56,
    "batch_size": 14,
    "inference_time": 9.14995381799963,
    "throughput": 293.77197453305314,
    "max_memory_allocated_per_device": [
        4.547919750213623,
        4.477580547332764
    ]
}