{
    "description": "Pipeline parallel OPT-1.3B benchmark",
    "model_name": "opt-1.3b-pipeline",
    "model_size": 2.6503753662109375,
    "max_prompt_len": 96,
    "max_new_tokens": 96,
    "dtype": "float32",
    "model_config_dir": null,
    "data_size": 56,
    "batch_size": 56,
    "inference_time": 17.233306931004336,
    "throughput": 311.954056265781,
    "max_memory_allocated_per_device": [
        5.378846645355225,
        5.2037272453308105
    ]
}