{
    "description": "Pipeline parallel OPT-1.3B benchmark",
    "model_name": "opt-1.3b-pipeline",
    "model_size": 2.6503753662109375,
    "max_prompt_len": 64,
    "max_new_tokens": 64,
    "dtype": "float32",
    "model_config_dir": null,
    "data_size": 16,
    "batch_size": 2,
    "inference_time": 8.857637730998249,
    "throughput": 115.6064439637673,
    "max_memory_allocated_per_device": [
        3.5717029571533203,
        3.5236997604370117
    ]
}