{
    "description": "Pipeline parallel OPT-1.3B benchmark",
    "model_name": "opt-1.3b-pipeline",
    "model_size": 2.6347503662109375,
    "max_prompt_len": 64,
    "max_new_tokens": 80,
    "dtype": "float32",
    "model_config_dir": null,
    "data_size": 48,
    "batch_size": 48,
    "inference_time": 11.58034192299965,
    "throughput": 331.5964265591673,
    "max_memory_allocated_per_device": [
        4.586182117462158,
        4.467187404632568
    ]
}