{
    "description": "Pipeline parallel OPT-1.3B benchmark",
    "model_name": "opt-1.3b-pipeline",
    "model_size": 2.6347503662109375,
    "max_prompt_len": 16,
    "max_new_tokens": 80,
    "dtype": "float32",
    "model_config_dir": null,
    "data_size": 40,
    "batch_size": 40,
    "inference_time": 7.763267736998387,
    "throughput": 412.19755757609073,
    "max_memory_allocated_per_device": [
        3.957188129425049,
        3.8841099739074707
    ]
}