{
    "description": "Pipeline parallel OPT-1.3B benchmark",
    "model_name": "opt-1.3b",
    "model_size": 2.6503753662109375,
    "dtype": "float32",
    "max_prompt_len": 192,
    "max_new_tokens": 1,
    "model_config_dir": null,
    "data_size": 16,
    "batch_size": 4,
    "inference_time": 2.152250514000116,
    "throughput": 7.4340788379057345,
    "max_memory_allocated_per_device": [
        4.311946392059326,
        4.035190105438232
    ]
}