{
    "description": "Pipeline parallel OPT-1.3B benchmark",
    "model_name": "opt-1.3b-pipeline",
    "model_size": 2.6503753662109375,
    "max_prompt_len": 80,
    "max_new_tokens": 64,
    "dtype": "float32",
    "model_config_dir": null,
    "data_size": 40,
    "batch_size": 10,
    "inference_time": 9.18101978199411,
    "throughput": 278.8361272263777,
    "max_memory_allocated_per_device": [
        4.415591716766357,
        4.349891185760498
    ]
}