{
    "description": "Pipeline parallel OPT-1.3B benchmark",
    "model_name": "opt-1.3b-pipeline",
    "model_size": 2.6503753662109375,
    "max_prompt_len": 96,
    "max_new_tokens": 16,
    "dtype": "float32",
    "model_config_dir": null,
    "data_size": 32,
    "batch_size": 32,
    "inference_time": 4.93244100299853,
    "throughput": 103.80255935929996,
    "max_memory_allocated_per_device": [
        4.494795322418213,
        4.376646518707275
    ]
}