{
    "description": "Pipeline parallel OPT-1.3B benchmark",
    "model_name": "opt-1.3b-pipeline",
    "model_size": 2.6503753662109375,
    "max_prompt_len": 16,
    "max_new_tokens": 64,
    "dtype": "float32",
    "model_config_dir": null,
    "data_size": 40,
    "batch_size": 10,
    "inference_time": 6.778417741999874,
    "throughput": 377.66925814234475,
    "max_memory_allocated_per_device": [
        3.802250385284424,
        3.7352185249328613
    ]
}