{
    "description": "Pipeline parallel OPT-6.7B benchmark",
    "model_name": "opt-6.7b",
    "model_size": 3.0092544555664062,
    "max_prompt_len": 512,
    "max_new_tokens": 128,
    "dtype": "float16",
    "model_config_dir": null,
    "data_size": 32,
    "batch_size": 8,
    "inference_time": 23.124144460000025,
    "throughput": 177.13087751571655,
    "max_memory_allocated_per_device": [
        6.899093151092529,
        7.750106334686279,
        7.750106334686279,
        6.610087871551514
    ]
}