{
    "description": "Pipeline parallel OPT-1.3B benchmark",
    "model_name": "opt-1.3b-pipeline",
    "model_size": 2.6503753662109375,
    "max_prompt_len": 80,
    "max_new_tokens": 32,
    "dtype": "float32",
    "model_config_dir": null,
    "data_size": 40,
    "batch_size": 10,
    "inference_time": 5.713971552999283,
    "throughput": 224.01231579952892,
    "max_memory_allocated_per_device": [
        4.416324138641357,
        4.349891185760498
    ]
}