{
    "description": "Pipeline parallel OPT-1.3B benchmark",
    "model_name": "opt-1.3b-pipeline",
    "model_size": 2.6347503662109375,
    "max_prompt_len": 96,
    "max_new_tokens": 96,
    "dtype": "float32",
    "model_config_dir": null,
    "data_size": 48,
    "batch_size": 12,
    "inference_time": 17.81811768800253,
    "throughput": 258.6131756836865,
    "max_memory_allocated_per_device": [
        5.008234024047852,
        4.858150005340576
    ]
}