{
    "description": "Pipeline parallel OPT-1.3B benchmark",
    "model_name": "opt-1.3b-pipeline",
    "model_size": 2.6347503662109375,
    "max_prompt_len": 16,
    "max_new_tokens": 112,
    "dtype": "float32",
    "model_config_dir": null,
    "data_size": 64,
    "batch_size": 32,
    "inference_time": 15.533747292000044,
    "throughput": 461.4469300457563,
    "max_memory_allocated_per_device": [
        4.826330184936523,
        4.68695068359375
    ]
}