{
    "description": "Pipeline parallel OPT-1.3B benchmark",
    "model_name": "opt-1.3b-pipeline",
    "model_size": 2.6347503662109375,
    "max_prompt_len": 48,
    "max_new_tokens": 48,
    "dtype": "float32",
    "model_config_dir": null,
    "data_size": 8,
    "batch_size": 8,
    "inference_time": 1.8320247669998935,
    "throughput": 209.60415323906062,
    "max_memory_allocated_per_device": [
        3.3188395500183105,
        3.291841983795166
    ]
}