{
    "description": "Pipeline parallel OPT-1.3B benchmark",
    "model_name": "opt-1.3b-pipeline",
    "model_size": 2.6347503662109375,
    "max_prompt_len": 16,
    "max_new_tokens": 96,
    "dtype": "float32",
    "model_config_dir": null,
    "data_size": 48,
    "batch_size": 24,
    "inference_time": 11.738248446999933,
    "throughput": 392.5628274785507,
    "max_memory_allocated_per_device": [
        4.245422840118408,
        4.148678302764893
    ]
}