{
    "description": "Pipeline parallel OPT-1.3B benchmark",
    "model_name": "opt-1.3b-pipeline",
    "model_size": 2.6347503662109375,
    "max_prompt_len": 80,
    "max_new_tokens": 112,
    "dtype": "float32",
    "model_config_dir": null,
    "data_size": 64,
    "batch_size": 64,
    "inference_time": 19.81800297999871,
    "throughput": 361.6913372772369,
    "max_memory_allocated_per_device": [
        5.69558048248291,
        5.493776321411133
    ]
}