{
    "description": "Pipeline parallel OPT-1.3B benchmark",
    "model_name": "opt-1.3b-pipeline",
    "model_size": 2.6503753662109375,
    "max_prompt_len": 64,
    "max_new_tokens": 96,
    "dtype": "float32",
    "model_config_dir": null,
    "data_size": 40,
    "batch_size": 20,
    "inference_time": 13.385419502999866,
    "throughput": 286.87931664296366,
    "max_memory_allocated_per_device": [
        4.4524922370910645,
        4.340355396270752
    ]
}