{
    "description": "Pipeline parallel OPT-1.3B benchmark",
    "model_name": "opt-1.3b-pipeline",
    "model_size": 2.6503753662109375,
    "max_prompt_len": 64,
    "max_new_tokens": 80,
    "dtype": "float32",
    "model_config_dir": null,
    "data_size": 56,
    "batch_size": 7,
    "inference_time": 15.041610265994677,
    "throughput": 297.84045197129996,
    "max_memory_allocated_per_device": [
        4.769572734832764,
        4.630563259124756
    ]
}