{
    "description": "Pipeline parallel OPT-1.3B benchmark",
    "model_name": "opt-1.3b-pipeline",
    "model_size": 2.6503753662109375,
    "max_prompt_len": 96,
    "max_new_tokens": 128,
    "dtype": "float32",
    "model_config_dir": null,
    "data_size": 48,
    "batch_size": 48,
    "inference_time": 19.951896681006474,
    "throughput": 307.94064836196145,
    "max_memory_allocated_per_device": [
        5.378098964691162,
        5.200820446014404
    ]
}