{
    "description": "Pipeline parallel OPT-6.7B benchmark",
    "model_name": "opt-6.7b",
    "model_size": 3.3758926391601562,
    "max_prompt_len": 256,
    "max_new_tokens": 256,
    "dtype": "float16",
    "model_config_dir": null,
    "data_size": 16,
    "batch_size": 8,
    "inference_time": 24.299176343,
    "throughput": 168.56538436455924,
    "max_memory_allocated_per_device": [
        4.343167304992676,
        4.943875312805176,
        4.943631172180176,
        4.202513694763184
    ]
}