{
    "description": "Pipeline parallel OPT-1.3B benchmark",
    "model_name": "opt-1.3b-pipeline",
    "model_size": 2.6503753662109375,
    "max_prompt_len": 32,
    "max_new_tokens": 112,
    "dtype": "float32",
    "model_config_dir": null,
    "data_size": 16,
    "batch_size": 2,
    "inference_time": 14.67724014399937,
    "throughput": 122.09379845383532,
    "max_memory_allocated_per_device": [
        3.6194567680358887,
        3.5701098442077637
    ]
}