{
    "description": "Pipeline parallel OPT-1.3B benchmark",
    "model_name": "opt-1.3b-pipeline",
    "model_size": 2.6503753662109375,
    "max_prompt_len": 112,
    "max_new_tokens": 128,
    "dtype": "float32",
    "model_config_dir": null,
    "data_size": 64,
    "batch_size": 16,
    "inference_time": 26.572979078999197,
    "throughput": 308.2830861999283,
    "max_memory_allocated_per_device": [
        6.240801811218262,
        5.992094993591309
    ]
}