{
    "description": "Pipeline parallel OPT-1.3B benchmark",
    "model_name": "opt-1.3b-pipeline",
    "model_size": 2.6347503662109375,
    "max_prompt_len": 48,
    "max_new_tokens": 128,
    "dtype": "float32",
    "model_config_dir": null,
    "data_size": 24,
    "batch_size": 12,
    "inference_time": 11.888075628001388,
    "throughput": 258.4101999455787,
    "max_memory_allocated_per_device": [
        4.012547016143799,
        3.9327664375305176
    ]
}