{
    "description": "Pipeline parallel OPT-1.3B benchmark",
    "model_name": "opt-1.3b-pipeline",
    "model_size": 2.6347503662109375,
    "max_prompt_len": 112,
    "max_new_tokens": 96,
    "dtype": "float32",
    "model_config_dir": null,
    "data_size": 48,
    "batch_size": 48,
    "inference_time": 16.844830488000298,
    "throughput": 273.5557358848216,
    "max_memory_allocated_per_device": [
        5.283994197845459,
        5.1862969398498535
    ]
}