{
    "description": "Pipeline parallel OPT-1.3B benchmark",
    "model_name": "opt-1.3b-pipeline",
    "model_size": 2.6503753662109375,
    "max_prompt_len": 32,
    "max_new_tokens": 64,
    "dtype": "float32",
    "model_config_dir": null,
    "data_size": 32,
    "batch_size": 4,
    "inference_time": 9.286658148997958,
    "throughput": 220.53142983635956,
    "max_memory_allocated_per_device": [
        3.775841236114502,
        3.712913990020752
    ]
}