{
    "description": "Pipeline parallel OPT-6.7B benchmark",
    "model_name": "opt-6.7b",
    "model_size": 3.3758926391601562,
    "max_prompt_len": 512,
    "max_new_tokens": 384,
    "dtype": "float16",
    "model_config_dir": null,
    "data_size": 32,
    "batch_size": 16,
    "inference_time": 62.614975171998594,
    "throughput": 196.24698350906942,
    "max_memory_allocated_per_device": [
        6.954084873199463,
        8.14637565612793,
        8.14637565612793,
        6.642313480377197
    ]
}