{
    "description": "Pipeline parallel OPT-6.7B benchmark",
    "model_name": "opt-6.7b",
    "model_size": 3.3758926391601562,
    "max_prompt_len": 256,
    "max_new_tokens": 256,
    "dtype": "float16",
    "model_config_dir": null,
    "data_size": 32,
    "batch_size": 8,
    "inference_time": 36.19649776300048,
    "throughput": 226.3202383180215,
    "max_memory_allocated_per_device": [
        5.344817161560059,
        6.195158958435059,
        6.195097923278809,
        5.079012870788574
    ]
}