{
    "description": "Pipeline parallel OPT-1.3B benchmark",
    "model_name": "opt-1.3b-pipeline",
    "model_size": 2.6347503662109375,
    "max_prompt_len": 48,
    "max_new_tokens": 64,
    "dtype": "float32",
    "model_config_dir": null,
    "data_size": 8,
    "batch_size": 1,
    "inference_time": 8.514368010999533,
    "throughput": 60.133646952839946,
    "max_memory_allocated_per_device": [
        3.3414463996887207,
        3.3120274543762207
    ]
}