{
    "description": "Pipeline parallel OPT-1.3B benchmark",
    "model_name": "opt-1.3b-pipeline",
    "model_size": 2.6347503662109375,
    "max_prompt_len": 32,
    "max_new_tokens": 64,
    "dtype": "float32",
    "model_config_dir": null,
    "data_size": 32,
    "batch_size": 8,
    "inference_time": 6.194792038000742,
    "throughput": 330.6002828564614,
    "max_memory_allocated_per_device": [
        3.7765989303588867,
        3.714156150817871
    ]
}