{
    "description": "Pipeline parallel OPT-1.3B benchmark",
    "model_name": "opt-1.3b-pipeline",
    "model_size": 2.6503753662109375,
    "max_prompt_len": 64,
    "max_new_tokens": 96,
    "dtype": "float32",
    "model_config_dir": null,
    "data_size": 8,
    "batch_size": 8,
    "inference_time": 3.6225689519997104,
    "throughput": 212.0042462065637,
    "max_memory_allocated_per_device": [
        3.423941135406494,
        3.389207363128662
    ]
}