{
    "description": "Pipeline parallel OPT-1.3B benchmark",
    "model_name": "opt-1.3b-pipeline",
    "model_size": 2.6347503662109375,
    "max_prompt_len": 112,
    "max_new_tokens": 96,
    "dtype": "float32",
    "model_config_dir": null,
    "data_size": 32,
    "batch_size": 32,
    "inference_time": 13.451330635998602,
    "throughput": 228.37889299804132,
    "max_memory_allocated_per_device": [
        4.576065540313721,
        4.505725383758545
    ]
}