{
    "description": "Pipeline parallel OPT-1.3B benchmark",
    "model_name": "opt-1.3b-pipeline",
    "model_size": 2.6503753662109375,
    "max_prompt_len": 32,
    "max_new_tokens": 32,
    "dtype": "float32",
    "model_config_dir": null,
    "data_size": 48,
    "batch_size": 24,
    "inference_time": 4.81681007300358,
    "throughput": 318.88323947184585,
    "max_memory_allocated_per_device": [
        3.7856664657592773,
        3.7238292694091797
    ]
}