{
    "description": "Pipeline parallel OPT-1.3B benchmark",
    "model_name": "opt-1.3b-pipeline",
    "model_size": 2.6347503662109375,
    "max_prompt_len": 32,
    "max_new_tokens": 80,
    "dtype": "float32",
    "model_config_dir": null,
    "data_size": 24,
    "batch_size": 12,
    "inference_time": 7.018851613000152,
    "throughput": 273.5490228121964,
    "max_memory_allocated_per_device": [
        3.701871871948242,
        3.6456241607666016
    ]
}