{
    "description": "Pipeline parallel OPT-1.3B benchmark",
    "model_name": "opt-1.3b-pipeline",
    "model_size": 2.6503753662109375,
    "max_prompt_len": 96,
    "max_new_tokens": 128,
    "dtype": "float32",
    "model_config_dir": null,
    "data_size": 32,
    "batch_size": 4,
    "inference_time": 19.991710710000916,
    "throughput": 204.8849175248901,
    "max_memory_allocated_per_device": [
        4.587753772735596,
        4.462311267852783
    ]
}