{
    "description": "Pipeline parallel OPT-1.3B benchmark",
    "model_name": "opt-1.3b-pipeline",
    "model_size": 2.6503753662109375,
    "max_prompt_len": 48,
    "max_new_tokens": 80,
    "dtype": "float32",
    "model_config_dir": null,
    "data_size": 24,
    "batch_size": 6,
    "inference_time": 7.250674162998621,
    "throughput": 264.8029627090505,
    "max_memory_allocated_per_device": [
        3.7801899909973145,
        3.715271472930908
    ]
}