{
    "description": "Pipeline parallel OPT-1.3B benchmark",
    "model_name": "opt-1.3b-pipeline",
    "model_size": 2.6347503662109375,
    "max_prompt_len": 64,
    "max_new_tokens": 64,
    "dtype": "float32",
    "model_config_dir": null,
    "data_size": 56,
    "batch_size": 7,
    "inference_time": 12.444790383997315,
    "throughput": 287.99199419289897,
    "max_memory_allocated_per_device": [
        4.594245910644531,
        4.4743475914001465
    ]
}