{
    "description": "Pipeline parallel OPT-1.3B benchmark",
    "model_name": "opt-1.3b-pipeline",
    "model_size": 2.6347503662109375,
    "max_prompt_len": 80,
    "max_new_tokens": 80,
    "dtype": "float32",
    "model_config_dir": null,
    "data_size": 16,
    "batch_size": 2,
    "inference_time": 11.019259226999566,
    "throughput": 116.16025847397468,
    "max_memory_allocated_per_device": [
        3.671207904815674,
        3.62034273147583
    ]
}