{
    "description": "Pipeline parallel OPT-1.3B benchmark",
    "model_name": "opt-1.3b-pipeline",
    "model_size": 2.6503753662109375,
    "max_prompt_len": 32,
    "max_new_tokens": 32,
    "dtype": "float32",
    "model_config_dir": null,
    "data_size": 24,
    "batch_size": 3,
    "inference_time": 4.627951001999463,
    "throughput": 165.9481700796298,
    "max_memory_allocated_per_device": [
        3.488342761993408,
        3.467031955718994
    ]
}