{
    "description": "Pipeline parallel OPT-1.3B benchmark",
    "model_name": "opt-1.3b-pipeline",
    "model_size": 2.6347503662109375,
    "max_prompt_len": 64,
    "max_new_tokens": 64,
    "dtype": "float32",
    "model_config_dir": null,
    "data_size": 64,
    "batch_size": 32,
    "inference_time": 12.049916087999009,
    "throughput": 339.9193795282417,
    "max_memory_allocated_per_device": [
        4.822122573852539,
        4.683300018310547
    ]
}