{
    "description": "Pipeline parallel OPT-1.3B benchmark",
    "model_name": "opt-1.3b-pipeline",
    "model_size": 2.6503753662109375,
    "max_prompt_len": 16,
    "max_new_tokens": 64,
    "dtype": "float32",
    "model_config_dir": null,
    "data_size": 16,
    "batch_size": 4,
    "inference_time": 4.633342261000507,
    "throughput": 221.00676840110688,
    "max_memory_allocated_per_device": [
        3.418717861175537,
        3.3676018714904785
    ]
}