{
    "description": "Pipeline parallel OPT-1.3B benchmark",
    "model_name": "opt-1.3b-pipeline",
    "model_size": 2.6503753662109375,
    "max_prompt_len": 80,
    "max_new_tokens": 64,
    "dtype": "float32",
    "model_config_dir": null,
    "data_size": 16,
    "batch_size": 16,
    "inference_time": 4.79228275299829,
    "throughput": 213.67687442051178,
    "max_memory_allocated_per_device": [
        3.6659369468688965,
        3.630770206451416
    ]
}