{
    "description": "Pipeline parallel OPT-1.3B benchmark",
    "model_name": "opt-1.3b-pipeline",
    "model_size": 2.6347503662109375,
    "max_prompt_len": 16,
    "max_new_tokens": 32,
    "dtype": "float32",
    "model_config_dir": null,
    "data_size": 24,
    "batch_size": 24,
    "inference_time": 2.5648558270004287,
    "throughput": 299.4320350934375,
    "max_memory_allocated_per_device": [
        3.3964147567749023,
        3.3633413314819336
    ]
}