{
    "description": "Pipeline parallel OPT-1.3B benchmark",
    "model_name": "opt-1.3b",
    "model_size": 2.6347503662109375,
    "dtype": "float32",
    "max_prompt_len": 384,
    "max_new_tokens": 1,
    "model_config_dir": null,
    "data_size": 24,
    "batch_size": 6,
    "inference_time": 7.357668793999892,
    "throughput": 3.2619027401140657,
    "max_memory_allocated_per_device": [
        6.333934307098389,
        6.177615642547607
    ]
}