{
    "description": "Pipeline parallel OPT-1.3B benchmark",
    "model_name": "opt-1.3b-pipeline",
    "model_size": 2.6503753662109375,
    "max_prompt_len": 48,
    "max_new_tokens": 64,
    "dtype": "float32",
    "model_config_dir": null,
    "data_size": 24,
    "batch_size": 3,
    "inference_time": 9.23328077699989,
    "throughput": 166.35473750848962,
    "max_memory_allocated_per_device": [
        3.70259952545166,
        3.637589454650879
    ]
}