{
    "description": "Pipeline parallel OPT-1.3B benchmark",
    "model_name": "opt-1.3b-pipeline",
    "model_size": 2.6503753662109375,
    "max_prompt_len": 32,
    "max_new_tokens": 96,
    "dtype": "float32",
    "model_config_dir": null,
    "data_size": 56,
    "batch_size": 28,
    "inference_time": 13.439649784995709,
    "throughput": 400.0104233372117,
    "max_memory_allocated_per_device": [
        4.616939067840576,
        4.492623329162598
    ]
}