{
    "description": "Pipeline parallel OPT-1.3B benchmark",
    "model_name": "opt-1.3b-pipeline",
    "model_size": 2.6347503662109375,
    "max_prompt_len": 64,
    "max_new_tokens": 32,
    "dtype": "float32",
    "model_config_dir": null,
    "data_size": 32,
    "batch_size": 4,
    "inference_time": 5.474582694998389,
    "throughput": 187.04622015035636,
    "max_memory_allocated_per_device": [
        3.9586539268493652,
        3.9108471870422363
    ]
}