{
    "description": "Pipeline parallel OPT-1.3B benchmark",
    "model_name": "opt-1.3b-pipeline",
    "model_size": 2.6503753662109375,
    "max_prompt_len": 128,
    "max_new_tokens": 128,
    "dtype": "float32",
    "model_config_dir": null,
    "data_size": 48,
    "batch_size": 24,
    "inference_time": 23.428543601003184,
    "throughput": 262.24421392275195,
    "max_memory_allocated_per_device": [
        5.6495361328125,
        5.446874618530273
    ]
}