{
    "description": "Pipeline parallel OPT-1.3B benchmark",
    "model_name": "opt-1.3b-pipeline",
    "model_size": 2.6347503662109375,
    "max_prompt_len": 16,
    "max_new_tokens": 32,
    "dtype": "float32",
    "model_config_dir": null,
    "data_size": 48,
    "batch_size": 24,
    "inference_time": 4.146381377999205,
    "throughput": 370.44349276457086,
    "max_memory_allocated_per_device": [
        3.6249594688415527,
        3.5743966102600098
    ]
}