{
    "description": "Pipeline parallel OPT-1.3B benchmark",
    "model_name": "opt-1.3b-pipeline",
    "model_size": 2.6347503662109375,
    "max_prompt_len": 64,
    "max_new_tokens": 112,
    "dtype": "float32",
    "model_config_dir": null,
    "data_size": 64,
    "batch_size": 64,
    "inference_time": 18.266508829001395,
    "throughput": 392.4121498586254,
    "max_memory_allocated_per_device": [
        5.487529754638672,
        5.301846504211426
    ]
}