{
    "description": "Pipeline parallel OPT-1.3B benchmark",
    "model_name": "opt-1.3b-pipeline",
    "model_size": 2.6503753662109375,
    "max_prompt_len": 112,
    "max_new_tokens": 48,
    "dtype": "float32",
    "model_config_dir": null,
    "data_size": 56,
    "batch_size": 56,
    "inference_time": 12.376634578002268,
    "throughput": 217.18343407969263,
    "max_memory_allocated_per_device": [
        5.642139434814453,
        5.530214309692383
    ]
}