{
    "description": "Pipeline parallel OPT-1.3B benchmark",
    "model_name": "opt-1.3b-pipeline",
    "model_size": 2.6347503662109375,
    "max_prompt_len": 96,
    "max_new_tokens": 112,
    "dtype": "float32",
    "model_config_dir": null,
    "data_size": 40,
    "batch_size": 10,
    "inference_time": 15.380099407004309,
    "throughput": 291.2855035228021,
    "max_memory_allocated_per_device": [
        4.824849605560303,
        4.682580471038818
    ]
}