{
    "description": "Pipeline parallel OPT-1.3B benchmark",
    "model_name": "opt-1.3b-pipeline",
    "model_size": 2.6503753662109375,
    "max_prompt_len": 48,
    "max_new_tokens": 96,
    "dtype": "float32",
    "model_config_dir": null,
    "data_size": 16,
    "batch_size": 16,
    "inference_time": 6.056128952001018,
    "throughput": 253.62736034418276,
    "max_memory_allocated_per_device": [
        3.6344943046569824,
        3.583981990814209
    ]
}