{
    "description": "Pipeline parallel OPT-1.3B benchmark",
    "model_name": "opt-1.3b-pipeline",
    "model_size": 2.6503753662109375,
    "max_prompt_len": 32,
    "max_new_tokens": 96,
    "dtype": "float32",
    "model_config_dir": null,
    "data_size": 16,
    "batch_size": 2,
    "inference_time": 12.750869581999723,
    "throughput": 120.46237239916218,
    "max_memory_allocated_per_device": [
        3.5706353187561035,
        3.5254693031311035
    ]
}