{
    "description": "Pipeline parallel OPT-1.3B benchmark",
    "model_name": "opt-1.3b-pipeline",
    "model_size": 2.6503753662109375,
    "max_prompt_len": 64,
    "max_new_tokens": 112,
    "dtype": "float32",
    "model_config_dir": null,
    "data_size": 8,
    "batch_size": 8,
    "inference_time": 4.177136758000415,
    "throughput": 214.50099719237178,
    "max_memory_allocated_per_device": [
        3.4491405487060547,
        3.412165641784668
    ]
}