{
    "description": "Pipeline parallel OPT-1.3B benchmark",
    "model_name": "opt-1.3b-pipeline",
    "model_size": 2.6347503662109375,
    "max_prompt_len": 112,
    "max_new_tokens": 48,
    "dtype": "float32",
    "model_config_dir": null,
    "data_size": 40,
    "batch_size": 20,
    "inference_time": 9.862527310004225,
    "throughput": 194.6762670104259,
    "max_memory_allocated_per_device": [
        4.910732746124268,
        4.825737476348877
    ]
}