{
    "description": "Pipeline parallel OPT-1.3B benchmark",
    "model_name": "opt-1.3b-pipeline",
    "model_size": 2.6503753662109375,
    "max_prompt_len": 64,
    "max_new_tokens": 128,
    "dtype": "float32",
    "model_config_dir": null,
    "data_size": 24,
    "batch_size": 3,
    "inference_time": 18.173936801998934,
    "throughput": 169.03327184796382,
    "max_memory_allocated_per_device": [
        4.0786919593811035,
        3.9910082817077637
    ]
}