{
    "description": "Pipeline parallel OPT-6.7B benchmark",
    "model_name": "opt-6.7b",
    "model_size": 3.0092544555664062,
    "max_prompt_len": 128,
    "max_new_tokens": 512,
    "dtype": "float16",
    "model_config_dir": null,
    "data_size": 16,
    "batch_size": 4,
    "inference_time": 59.761253387000124,
    "throughput": 137.07878492692402,
    "max_memory_allocated_per_device": [
        4.5829973220825195,
        5.2465105056762695,
        5.2465105056762695,
        4.409462928771973
    ]
}