{
    "description": "Pipeline parallel OPT-1.3B benchmark",
    "model_name": "opt-1.3b-pipeline",
    "model_size": 2.6347503662109375,
    "max_prompt_len": 112,
    "max_new_tokens": 96,
    "dtype": "float32",
    "model_config_dir": null,
    "data_size": 48,
    "batch_size": 6,
    "inference_time": 19.03891521100013,
    "throughput": 242.030596225232,
    "max_memory_allocated_per_device": [
        5.259122371673584,
        5.16300630569458
    ]
}