{
    "description": "Pipeline parallel OPT-1.3B benchmark",
    "model_name": "opt-1.3b-pipeline",
    "model_size": 2.6503753662109375,
    "max_prompt_len": 16,
    "max_new_tokens": 32,
    "dtype": "float32",
    "model_config_dir": null,
    "data_size": 40,
    "batch_size": 5,
    "inference_time": 5.0745756840005924,
    "throughput": 252.23783813800551,
    "max_memory_allocated_per_device": [
        3.541292190551758,
        3.4989118576049805
    ]
}