{
    "description": "Pipeline parallel OPT-1.3B benchmark",
    "model_name": "opt-1.3b-pipeline",
    "model_size": 2.6503753662109375,
    "max_prompt_len": 96,
    "max_new_tokens": 112,
    "dtype": "float32",
    "model_config_dir": null,
    "data_size": 56,
    "batch_size": 14,
    "inference_time": 20.512602695001988,
    "throughput": 305.7632467833157,
    "max_memory_allocated_per_device": [
        5.491340637207031,
        5.298583984375
    ]
}