{
    "description": "Pipeline parallel OPT-1.3B benchmark",
    "model_name": "opt-1.3b-pipeline",
    "model_size": 2.6347503662109375,
    "max_prompt_len": 32,
    "max_new_tokens": 16,
    "dtype": "float32",
    "model_config_dir": null,
    "data_size": 56,
    "batch_size": 7,
    "inference_time": 3.5350381800017203,
    "throughput": 253.4626089949512,
    "max_memory_allocated_per_device": [
        3.8627371788024902,
        3.8190207481384277
    ]
}