{
    "description": "Pipeline parallel OPT-1.3B benchmark",
    "model_name": "opt-1.3b-pipeline",
    "model_size": 2.6503753662109375,
    "max_prompt_len": 32,
    "max_new_tokens": 128,
    "dtype": "float32",
    "model_config_dir": null,
    "data_size": 24,
    "batch_size": 6,
    "inference_time": 11.113322946999688,
    "throughput": 276.42497339910034,
    "max_memory_allocated_per_device": [
        3.933640480041504,
        3.8564224243164062
    ]
}