{
    "description": "Pipeline parallel OPT-6.7B benchmark",
    "model_name": "opt-6.7b",
    "model_size": 3.3758926391601562,
    "max_prompt_len": 256,
    "max_new_tokens": 128,
    "dtype": "float16",
    "model_config_dir": null,
    "data_size": 32,
    "batch_size": 8,
    "inference_time": 18.32420220899985,
    "throughput": 223.52951322422473,
    "max_memory_allocated_per_device": [
        5.1045660972595215,
        5.7055792808532715,
        5.7055792808532715,
        4.952250957489014
    ]
}