{
    "description": "Pipeline parallel OPT-1.3B benchmark",
    "model_name": "opt-1.3b-pipeline",
    "model_size": 2.6503753662109375,
    "max_prompt_len": 32,
    "max_new_tokens": 64,
    "dtype": "float32",
    "model_config_dir": null,
    "data_size": 56,
    "batch_size": 14,
    "inference_time": 9.54541311399953,
    "throughput": 375.4682963635823,
    "max_memory_allocated_per_device": [
        4.236424446105957,
        4.139551162719727
    ]
}