{
    "description": "Pipeline parallel OPT-1.3B benchmark",
    "model_name": "opt-1.3b-pipeline",
    "model_size": 2.6347503662109375,
    "max_prompt_len": 16,
    "max_new_tokens": 128,
    "dtype": "float32",
    "model_config_dir": null,
    "data_size": 64,
    "batch_size": 8,
    "inference_time": 21.479437447000237,
    "throughput": 381.3880144772634,
    "max_memory_allocated_per_device": [
        5.000447750091553,
        4.844319820404053
    ]
}