{
    "description": "Pipeline parallel OPT-1.3B benchmark",
    "model_name": "opt-1.3b-pipeline",
    "model_size": 2.6347503662109375,
    "max_prompt_len": 64,
    "max_new_tokens": 96,
    "dtype": "float32",
    "model_config_dir": null,
    "data_size": 24,
    "batch_size": 12,
    "inference_time": 9.234897794998687,
    "throughput": 249.4884135315249,
    "max_memory_allocated_per_device": [
        3.9356184005737305,
        3.8617749214172363
    ]
}