{
    "description": "Pipeline parallel OPT-1.3B benchmark",
    "model_name": "opt-1.3b-pipeline",
    "model_size": 2.6503753662109375,
    "max_prompt_len": 32,
    "max_new_tokens": 48,
    "dtype": "float32",
    "model_config_dir": null,
    "data_size": 56,
    "batch_size": 14,
    "inference_time": 7.393400882996502,
    "throughput": 363.56746273314064,
    "max_memory_allocated_per_device": [
        4.056700229644775,
        3.9729747772216797
    ]
}