{
    "description": "Pipeline parallel OPT-1.3B benchmark",
    "model_name": "opt-1.3b-pipeline",
    "model_size": 2.6347503662109375,
    "max_prompt_len": 32,
    "max_new_tokens": 80,
    "dtype": "float32",
    "model_config_dir": null,
    "data_size": 8,
    "batch_size": 2,
    "inference_time": 5.724075500000254,
    "throughput": 111.80844836864426,
    "max_memory_allocated_per_device": [
        3.3432822227478027,
        3.3138327598571777
    ]
}