{
    "description": "Pipeline parallel OPT-6.7B benchmark",
    "model_name": "opt-6.7b",
    "model_size": 3.0248794555664062,
    "max_prompt_len": 384,
    "max_new_tokens": 512,
    "dtype": "float16",
    "model_config_dir": null,
    "data_size": 16,
    "batch_size": 4,
    "inference_time": 66.48958221799967,
    "throughput": 123.20727137585037,
    "max_memory_allocated_per_device": [
        5.089879035949707,
        5.878270149230957,
        5.878239631652832,
        4.853814125061035
    ]
}