{
    "description": "Pipeline parallel OPT-6.7B benchmark",
    "model_name": "opt-6.7b",
    "model_size": 3.0248794555664062,
    "max_prompt_len": 384,
    "max_new_tokens": 128,
    "dtype": "float16",
    "model_config_dir": null,
    "data_size": 32,
    "batch_size": 32,
    "inference_time": 23.273716942000647,
    "throughput": 175.99251594437845,
    "max_memory_allocated_per_device": [
        6.124463081359863,
        6.850476264953613,
        6.850476264953613,
        5.856793403625488
    ]
}