{
    "description": "Pipeline parallel OPT-1.3B benchmark",
    "model_name": "opt-1.3b-pipeline",
    "model_size": 2.6503753662109375,
    "max_prompt_len": 96,
    "max_new_tokens": 80,
    "dtype": "float32",
    "model_config_dir": null,
    "data_size": 24,
    "batch_size": 3,
    "inference_time": 12.282862001000467,
    "throughput": 156.31536036500384,
    "max_memory_allocated_per_device": [
        4.060109615325928,
        4.005398273468018
    ]
}