{
    "description": "Pipeline parallel OPT-1.3B benchmark",
    "model_name": "opt-1.3b-pipeline",
    "model_size": 2.6347503662109375,
    "max_prompt_len": 32,
    "max_new_tokens": 64,
    "dtype": "float32",
    "model_config_dir": null,
    "data_size": 64,
    "batch_size": 16,
    "inference_time": 10.776703679999628,
    "throughput": 380.07911524947315,
    "max_memory_allocated_per_device": [
        4.394888877868652,
        4.284781455993652
    ]
}