{
    "description": "Pipeline parallel OPT-1.3B benchmark",
    "model_name": "opt-1.3b-pipeline",
    "model_size": 2.6503753662109375,
    "max_prompt_len": 64,
    "max_new_tokens": 80,
    "dtype": "float32",
    "model_config_dir": null,
    "data_size": 48,
    "batch_size": 24,
    "inference_time": 12.382036214999971,
    "throughput": 310.12669752557406,
    "max_memory_allocated_per_device": [
        4.555996417999268,
        4.435827732086182
    ]
}