{
    "description": "Pipeline parallel OPT-1.3B benchmark",
    "model_name": "opt-1.3b-pipeline",
    "model_size": 2.6347503662109375,
    "max_prompt_len": 64,
    "max_new_tokens": 112,
    "dtype": "float32",
    "model_config_dir": null,
    "data_size": 32,
    "batch_size": 8,
    "inference_time": 11.699613271997805,
    "throughput": 306.3349118195257,
    "max_memory_allocated_per_device": [
        4.287247180938721,
        4.186221599578857
    ]
}