{
    "description": "Pipeline parallel OPT-1.3B benchmark",
    "model_name": "opt-1.3b-pipeline",
    "model_size": 2.6503753662109375,
    "max_prompt_len": 16,
    "max_new_tokens": 48,
    "dtype": "float32",
    "model_config_dir": null,
    "data_size": 48,
    "batch_size": 6,
    "inference_time": 7.769909927003027,
    "throughput": 296.52853400434304,
    "max_memory_allocated_per_device": [
        3.7771406173706055,
        3.715097427368164
    ]
}