{
    "description": "Pipeline parallel OPT-6.7B benchmark",
    "model_name": "opt-6.7b",
    "model_size": 3.0248794555664062,
    "max_prompt_len": 128,
    "max_new_tokens": 384,
    "dtype": "float16",
    "model_config_dir": null,
    "data_size": 32,
    "batch_size": 16,
    "inference_time": 42.61852272200031,
    "throughput": 288.32533873016564,
    "max_memory_allocated_per_device": [
        5.376495361328125,
        6.227508544921875,
        6.227508544921875,
        5.110841751098633
    ]
}