{
    "description": "Pipeline parallel OPT-1.3B benchmark",
    "model_name": "opt-1.3b-pipeline",
    "model_size": 2.6347503662109375,
    "max_prompt_len": 112,
    "max_new_tokens": 48,
    "dtype": "float32",
    "model_config_dir": null,
    "data_size": 40,
    "batch_size": 40,
    "inference_time": 10.174556985999516,
    "throughput": 188.70600485524582,
    "max_memory_allocated_per_device": [
        4.939261436462402,
        4.855242729187012
    ]
}