{
    "description": "Pipeline parallel OPT-1.3B benchmark",
    "model_name": "opt-1.3b-pipeline",
    "model_size": 2.6503753662109375,
    "max_prompt_len": 96,
    "max_new_tokens": 64,
    "dtype": "float32",
    "model_config_dir": null,
    "data_size": 8,
    "batch_size": 4,
    "inference_time": 3.381484815001386,
    "throughput": 151.41277515977552,
    "max_memory_allocated_per_device": [
        3.4586777687072754,
        3.431328296661377
    ]
}