{
    "description": "Pipeline parallel OPT-1.3B benchmark",
    "model_name": "opt-1.3b-pipeline",
    "model_size": 2.6347503662109375,
    "max_prompt_len": 32,
    "max_new_tokens": 48,
    "dtype": "float32",
    "model_config_dir": null,
    "data_size": 24,
    "batch_size": 24,
    "inference_time": 4.342547878000914,
    "throughput": 265.2820492402542,
    "max_memory_allocated_per_device": [
        3.554842948913574,
        3.5108470916748047
    ]
}