{
    "description": "Pipeline parallel OPT-1.3B benchmark",
    "model_name": "opt-1.3b-pipeline",
    "model_size": 2.6347503662109375,
    "max_prompt_len": 48,
    "max_new_tokens": 32,
    "dtype": "float32",
    "model_config_dir": null,
    "data_size": 64,
    "batch_size": 64,
    "inference_time": 6.697746421996271,
    "throughput": 305.77449054716396,
    "max_memory_allocated_per_device": [
        4.38244104385376,
        4.31991720199585
    ]
}