{
    "description": "Pipeline parallel OPT-1.3B benchmark",
    "model_name": "opt-1.3b-pipeline",
    "model_size": 2.6347503662109375,
    "max_prompt_len": 96,
    "max_new_tokens": 112,
    "dtype": "float32",
    "model_config_dir": null,
    "data_size": 64,
    "batch_size": 16,
    "inference_time": 22.613187795999693,
    "throughput": 316.9831721500155,
    "max_memory_allocated_per_device": [
        5.829751968383789,
        5.613028526306152
    ]
}