{
    "description": "Pipeline parallel OPT-1.3B benchmark",
    "model_name": "opt-1.3b-pipeline",
    "model_size": 2.6347503662109375,
    "max_prompt_len": 32,
    "max_new_tokens": 48,
    "dtype": "float32",
    "model_config_dir": null,
    "data_size": 56,
    "batch_size": 7,
    "inference_time": 8.512367921000987,
    "throughput": 315.7758246525501,
    "max_memory_allocated_per_device": [
        4.06147575378418,
        3.975330352783203
    ]
}