{
    "description": "Pipeline parallel OPT-1.3B benchmark",
    "model_name": "opt-1.3b-pipeline",
    "model_size": 2.6503753662109375,
    "max_prompt_len": 64,
    "max_new_tokens": 112,
    "dtype": "float32",
    "model_config_dir": null,
    "data_size": 40,
    "batch_size": 10,
    "inference_time": 13.830901297998935,
    "throughput": 323.9123686500582,
    "max_memory_allocated_per_device": [
        4.581908226013184,
        4.458804130554199
    ]
}