{
    "description": "Pipeline parallel OPT-1.3B benchmark",
    "model_name": "opt-1.3b-pipeline",
    "model_size": 2.6347503662109375,
    "max_prompt_len": 80,
    "max_new_tokens": 96,
    "dtype": "float32",
    "model_config_dir": null,
    "data_size": 24,
    "batch_size": 24,
    "inference_time": 9.766071668997029,
    "throughput": 235.9188093319225,
    "max_memory_allocated_per_device": [
        4.028820991516113,
        3.9493703842163086
    ]
}