{
    "description": "Pipeline parallel OPT-1.3B benchmark",
    "model_name": "opt-1.3b-pipeline",
    "model_size": 2.6347503662109375,
    "max_prompt_len": 16,
    "max_new_tokens": 64,
    "dtype": "float32",
    "model_config_dir": null,
    "data_size": 8,
    "batch_size": 2,
    "inference_time": 4.33510198499971,
    "throughput": 118.1056412909359,
    "max_memory_allocated_per_device": [
        3.321094512939453,
        3.297060966491699
    ]
}