{
    "description": "Pipeline parallel OPT-1.3B benchmark",
    "model_name": "opt-1.3b-pipeline",
    "model_size": 2.6503753662109375,
    "max_prompt_len": 80,
    "max_new_tokens": 80,
    "dtype": "float32",
    "model_config_dir": null,
    "data_size": 40,
    "batch_size": 5,
    "inference_time": 14.220710638997843,
    "throughput": 225.02391626087606,
    "max_memory_allocated_per_device": [
        4.441456317901611,
        4.366299152374268
    ]
}