{
    "description": "Pipeline parallel OPT-1.3B benchmark",
    "model_name": "opt-1.3b-pipeline",
    "model_size": 2.6347503662109375,
    "max_prompt_len": 80,
    "max_new_tokens": 32,
    "dtype": "float32",
    "model_config_dir": null,
    "data_size": 40,
    "batch_size": 40,
    "inference_time": 6.290134721006325,
    "throughput": 203.49325678595636,
    "max_memory_allocated_per_device": [
        4.4326171875,
        4.368139266967773
    ]
}