{
    "description": "Pipeline parallel OPT-1.3B benchmark",
    "model_name": "opt-1.3b-pipeline",
    "model_size": 2.6347503662109375,
    "max_prompt_len": 80,
    "max_new_tokens": 32,
    "dtype": "float32",
    "model_config_dir": null,
    "data_size": 32,
    "batch_size": 8,
    "inference_time": 4.57582345999981,
    "throughput": 223.78485729430707,
    "max_memory_allocated_per_device": [
        4.150374889373779,
        4.095668315887451
    ]
}