{
    "description": "Pipeline parallel OPT-1.3B benchmark",
    "model_name": "opt-1.3b-pipeline",
    "model_size": 2.6503753662109375,
    "max_prompt_len": 64,
    "max_new_tokens": 64,
    "dtype": "float32",
    "model_config_dir": null,
    "data_size": 16,
    "batch_size": 8,
    "inference_time": 4.067302259998542,
    "throughput": 251.76392963732357,
    "max_memory_allocated_per_device": [
        3.575113296508789,
        3.528597831726074
    ]
}