{
    "description": "Pipeline parallel OPT-1.3B benchmark",
    "model_name": "opt-1.3b-pipeline",
    "model_size": 2.6503753662109375,
    "max_prompt_len": 48,
    "max_new_tokens": 96,
    "dtype": "float32",
    "model_config_dir": null,
    "data_size": 24,
    "batch_size": 6,
    "inference_time": 8.68302912499712,
    "throughput": 265.34518850882745,
    "max_memory_allocated_per_device": [
        3.8520565032958984,
        3.7845187187194824
    ]
}