{
    "description": "Pipeline parallel OPT-1.3B benchmark",
    "model_name": "opt-1.3b-pipeline",
    "model_size": 2.6503753662109375,
    "max_prompt_len": 96,
    "max_new_tokens": 112,
    "dtype": "float32",
    "model_config_dir": null,
    "data_size": 48,
    "batch_size": 24,
    "inference_time": 18.933960091999325,
    "throughput": 283.9342627679703,
    "max_memory_allocated_per_device": [
        5.177231311798096,
        5.010115146636963
    ]
}