{
    "description": "Pipeline parallel OPT-1.3B benchmark",
    "model_name": "opt-1.3b-pipeline",
    "model_size": 2.6503753662109375,
    "max_prompt_len": 112,
    "max_new_tokens": 32,
    "dtype": "float32",
    "model_config_dir": null,
    "data_size": 8,
    "batch_size": 2,
    "inference_time": 2.866190816999733,
    "throughput": 89.3171516989142,
    "max_memory_allocated_per_device": [
        3.5090537071228027,
        3.4804816246032715
    ]
}
}