{
    "description": "Pipeline parallel OPT-1.3B benchmark",
    "model_name": "opt-1.3b-pipeline",
    "model_size": 2.6503753662109375,
    "max_prompt_len": 16,
    "max_new_tokens": 64,
    "dtype": "float32",
    "model_config_dir": null,
    "data_size": 32,
    "batch_size": 8,
    "inference_time": 5.766396324001107,
    "throughput": 355.16115870769045,
    "max_memory_allocated_per_device": [
        3.678473949432373,
        3.623725414276123
    ]
}