{
    "description": "Pipeline parallel OPT-1.3B benchmark",
    "model_name": "opt-1.3b-pipeline",
    "model_size": 2.6503753662109375,
    "max_prompt_len": 64,
    "max_new_tokens": 112,
    "dtype": "float32",
    "model_config_dir": null,
    "data_size": 48,
    "batch_size": 12,
    "inference_time": 18.608917475001363,
    "throughput": 288.89375253675826,
    "max_memory_allocated_per_device": [
        4.852811813354492,
        4.708169937133789
    ]
}