{
    "description": "Pipeline parallel OPT-1.3B benchmark",
    "model_name": "opt-1.3b-pipeline",
    "model_size": 2.6503753662109375,
    "max_prompt_len": 80,
    "max_new_tokens": 96,
    "dtype": "float32",
    "model_config_dir": null,
    "data_size": 56,
    "batch_size": 28,
    "inference_time": 16.97705778400268,
    "throughput": 316.6626436923454,
    "max_memory_allocated_per_device": [
        5.151321887969971,
        4.986372470855713
    ]
}