{
    "description": "Pipeline parallel OPT-1.3B benchmark",
    "model_name": "opt-1.3b-pipeline",
    "model_size": 2.6503753662109375,
    "max_prompt_len": 64,
    "max_new_tokens": 112,
    "dtype": "float32",
    "model_config_dir": null,
    "data_size": 24,
    "batch_size": 6,
    "inference_time": 10.624184644999332,
    "throughput": 253.00765092267173,
    "max_memory_allocated_per_device": [
        4.009313583374023,
        3.9256153106689453
    ]
}