{
    "description": "Pipeline parallel OPT-1.3B benchmark",
    "model_name": "opt-1.3b-pipeline",
    "model_size": 2.6347503662109375,
    "max_prompt_len": 80,
    "max_new_tokens": 96,
    "dtype": "float32",
    "model_config_dir": null,
    "data_size": 56,
    "batch_size": 56,
    "inference_time": 16.482605088000128,
    "throughput": 326.16203393199675,
    "max_memory_allocated_per_device": [
        5.189539909362793,
        5.02510929107666
    ]
}