{
    "description": "Pipeline parallel OPT-6.7B benchmark",
    "model_name": "opt-6.7b",
    "model_size": 3.0092544555664062,
    "max_prompt_len": 384,
    "max_new_tokens": 384,
    "dtype": "float16",
    "model_config_dir": null,
    "data_size": 32,
    "batch_size": 8,
    "inference_time": 60.41563536299873,
    "throughput": 203.3910580625248,
    "max_memory_allocated_per_device": [
        6.360861778259277,
        7.461508750915527,
        7.461142539978027,
        5.969477653503418
    ]
}