{
    "description": "Pipeline parallel OPT-1.3B benchmark",
    "model_name": "opt-1.3b-pipeline",
    "model_size": 2.6347503662109375,
    "max_prompt_len": 32,
    "max_new_tokens": 112,
    "dtype": "float32",
    "model_config_dir": null,
    "data_size": 56,
    "batch_size": 14,
    "inference_time": 16.564129685000808,
    "throughput": 378.6495348246058,
    "max_memory_allocated_per_device": [
        4.796389102935791,
        4.656942844390869
    ]
}