{
    "description": "Pipeline parallel OPT-1.3B benchmark",
    "model_name": "opt-1.3b-pipeline",
    "model_size": 2.6347503662109375,
    "max_prompt_len": 48,
    "max_new_tokens": 80,
    "dtype": "float32",
    "model_config_dir": null,
    "data_size": 56,
    "batch_size": 14,
    "inference_time": 12.759496755999862,
    "throughput": 351.1110262160913,
    "max_memory_allocated_per_device": [
        4.599287509918213,
        4.472737789154053
    ]
}