{
    "description": "Pipeline parallel OPT-1.3B benchmark",
    "model_name": "opt-1.3b-pipeline",
    "model_size": 2.6503753662109375,
    "max_prompt_len": 112,
    "max_new_tokens": 16,
    "dtype": "float32",
    "model_config_dir": null,
    "data_size": 64,
    "batch_size": 16,
    "inference_time": 7.753969268000219,
    "throughput": 132.06139521676153,
    "max_memory_allocated_per_device": [
        5.937648296356201,
        5.812594890594482
    ]
}