{
    "description": "Pipeline parallel OPT-1.3B benchmark",
    "model_name": "opt-1.3b-pipeline",
    "model_size": 2.6503753662109375,
    "max_prompt_len": 112,
    "max_new_tokens": 128,
    "dtype": "float32",
    "model_config_dir": null,
    "data_size": 56,
    "batch_size": 7,
    "inference_time": 26.264859023998724,
    "throughput": 272.91218252686815,
    "max_memory_allocated_per_device": [
        5.880673408508301,
        5.654855728149414
    ]
}