{
    "description": "Pipeline parallel OPT-1.3B benchmark",
    "model_name": "opt-1.3b-pipeline",
    "model_size": 2.6347503662109375,
    "max_prompt_len": 64,
    "max_new_tokens": 48,
    "dtype": "float32",
    "model_config_dir": null,
    "data_size": 56,
    "batch_size": 7,
    "inference_time": 9.908661612003925,
    "throughput": 271.27780776604595,
    "max_memory_allocated_per_device": [
        4.5445075035095215,
        4.47434663772583
    ]
}