{
    "description": "Pipeline parallel OPT-1.3B benchmark",
    "model_name": "opt-1.3b-pipeline",
    "model_size": 2.6503753662109375,
    "max_prompt_len": 112,
    "max_new_tokens": 112,
    "dtype": "float32",
    "model_config_dir": null,
    "data_size": 56,
    "batch_size": 28,
    "inference_time": 21.80049363800208,
    "throughput": 287.69990735745563,
    "max_memory_allocated_per_device": [
        5.701079368591309,
        5.494856834411621
    ]
}