{
    "description": "Pipeline parallel OPT-1.3B benchmark",
    "model_name": "opt-1.3b-pipeline",
    "model_size": 2.6503753662109375,
    "max_prompt_len": 64,
    "max_new_tokens": 96,
    "dtype": "float32",
    "model_config_dir": null,
    "data_size": 56,
    "batch_size": 14,
    "inference_time": 16.07542540600116,
    "throughput": 334.42349824179905,
    "max_memory_allocated_per_device": [
        4.974337577819824,
        4.8179121017456055
    ]
}