{
    "description": "Pipeline parallel OPT-1.3B benchmark",
    "model_name": "opt-1.3b-pipeline",
    "model_size": 2.6347503662109375,
    "max_prompt_len": 32,
    "max_new_tokens": 64,
    "dtype": "float32",
    "model_config_dir": null,
    "data_size": 40,
    "batch_size": 5,
    "inference_time": 10.241009584002313,
    "throughput": 249.97535438293383,
    "max_memory_allocated_per_device": [
        3.9262146949768066,
        3.8513846397399902
    ]
}