{
    "description": "Pipeline parallel OPT-1.3B benchmark",
    "model_name": "opt-1.3b-pipeline",
    "model_size": 2.6347503662109375,
    "max_prompt_len": 16,
    "max_new_tokens": 80,
    "dtype": "float32",
    "model_config_dir": null,
    "data_size": 64,
    "batch_size": 64,
    "inference_time": 9.500034372998925,
    "throughput": 538.9454184031276,
    "max_memory_allocated_per_device": [
        4.436539649963379,
        4.329034805297852
    ]
}