{
    "description": "Pipeline parallel OPT-1.3B benchmark",
    "model_name": "opt-1.3b-pipeline",
    "model_size": 2.6347503662109375,
    "max_prompt_len": 48,
    "max_new_tokens": 112,
    "dtype": "float32",
    "model_config_dir": null,
    "data_size": 16,
    "batch_size": 8,
    "inference_time": 6.5279171420006605,
    "throughput": 274.5132882386421,
    "max_memory_allocated_per_device": [
        3.678727149963379,
        3.6243104934692383
    ]
}