{
    "description": "Pipeline parallel OPT-1.3B benchmark",
    "model_name": "opt-1.3b-pipeline",
    "model_size": 2.6503753662109375,
    "max_prompt_len": 64,
    "max_new_tokens": 48,
    "dtype": "float32",
    "model_config_dir": null,
    "data_size": 16,
    "batch_size": 2,
    "inference_time": 6.7997058809996815,
    "throughput": 112.94606170334679,
    "max_memory_allocated_per_device": [
        3.5540900230407715,
        3.5228323936462402
    ]
}