{
    "description": "Pipeline parallel OPT-1.3B benchmark",
    "model_name": "opt-1.3b-pipeline",
    "model_size": 2.6347503662109375,
    "max_prompt_len": 16,
    "max_new_tokens": 16,
    "dtype": "float32",
    "model_config_dir": null,
    "data_size": 48,
    "batch_size": 48,
    "inference_time": 1.983595444005914,
    "throughput": 387.17572291303884,
    "max_memory_allocated_per_device": [
        5.1945061683654785,
        5.022730350494385
    ]
}