{
    "description": "Pipeline parallel OPT-1.3B benchmark",
    "model_name": "opt-1.3b-pipeline",
    "model_size": 2.6503753662109375,
    "max_prompt_len": 80,
    "max_new_tokens": 16,
    "dtype": "float32",
    "model_config_dir": null,
    "data_size": 64,
    "batch_size": 32,
    "inference_time": 6.7065949629977695,
    "throughput": 152.68552904263717,
    "max_memory_allocated_per_device": [
        5.152323246002197,
        5.058535099029541
    ]
}