{
    "description": "Pipeline parallel OPT-1.3B benchmark",
    "model_name": "opt-1.3b-pipeline",
    "model_size": 2.6503753662109375,
    "max_prompt_len": 96,
    "max_new_tokens": 48,
    "dtype": "float32",
    "model_config_dir": null,
    "data_size": 48,
    "batch_size": 24,
    "inference_time": 10.08149041699653,
    "throughput": 228.53763726399552,
    "max_memory_allocated_per_device": [
        4.9532151222229,
        4.86724328994751
    ]
}