{
    "description": "Pipeline parallel OPT-6.7B benchmark",
    "model_name": "opt-6.7b",
    "model_size": 3.0248794555664062,
    "max_prompt_len": 256,
    "max_new_tokens": 512,
    "dtype": "float16",
    "model_config_dir": null,
    "data_size": 48,
    "batch_size": 12,
    "inference_time": 89.17341821300033,
    "throughput": 275.59782379652165,
    "max_memory_allocated_per_device": [
        7.8849005699157715,
        9.360888481140137,
        9.361071586608887,
        7.305075645446777
    ]
}