{
    "description": "Pipeline parallel OPT-1.3B benchmark",
    "model_name": "opt-1.3b-pipeline",
    "model_size": 2.6503753662109375,
    "max_prompt_len": 16,
    "max_new_tokens": 96,
    "dtype": "float32",
    "model_config_dir": null,
    "data_size": 8,
    "batch_size": 8,
    "inference_time": 3.0078421069993055,
    "throughput": 255.33255160330705,
    "max_memory_allocated_per_device": [
        3.343637466430664,
        3.314493179321289
    ]
}