{
    "description": "Pipeline parallel OPT-1.3B benchmark",
    "model_name": "opt-1.3b-pipeline",
    "model_size": 2.6347503662109375,
    "max_prompt_len": 16,
    "max_new_tokens": 32,
    "dtype": "float32",
    "model_config_dir": null,
    "data_size": 56,
    "batch_size": 7,
    "inference_time": 5.4045828390007955,
    "throughput": 331.5704566629062,
    "max_memory_allocated_per_device": [
        3.695019245147705,
        3.642688274383545
    ]
}