{
    "description": "Pipeline parallel OPT-1.3B benchmark",
    "model_name": "opt-1.3b-pipeline",
    "model_size": 2.6347503662109375,
    "max_prompt_len": 96,
    "max_new_tokens": 64,
    "dtype": "float32",
    "model_config_dir": null,
    "data_size": 8,
    "batch_size": 8,
    "inference_time": 2.965653653998743,
    "throughput": 172.6432212708467,
    "max_memory_allocated_per_device": [
        3.463517665863037,
        3.4361672401428223
    ]
}