{
    "description": "Pipeline parallel OPT-1.3B benchmark",
    "model_name": "opt-1.3b-pipeline",
    "model_size": 2.6347503662109375,
    "max_prompt_len": 64,
    "max_new_tokens": 48,
    "dtype": "float32",
    "model_config_dir": null,
    "data_size": 40,
    "batch_size": 5,
    "inference_time": 8.73576061499989,
    "throughput": 219.78624239121555,
    "max_memory_allocated_per_device": [
        4.153676509857178,
        4.098843097686768
    ]
}