{
    "description": "Pipeline parallel OPT-1.3B benchmark",
    "model_name": "opt-1.3b-pipeline",
    "model_size": 2.6347503662109375,
    "max_prompt_len": 64,
    "max_new_tokens": 128,
    "dtype": "float32",
    "model_config_dir": null,
    "data_size": 56,
    "batch_size": 7,
    "inference_time": 23.207892731996253,
    "throughput": 308.8604416943734,
    "max_memory_allocated_per_device": [
        5.304330348968506,
        5.123842716217041
    ]
}