{
    "description": "Pipeline parallel OPT-6.7B benchmark",
    "model_name": "opt-6.7b",
    "model_size": 3.0248794555664062,
    "max_prompt_len": 256,
    "max_new_tokens": 384,
    "dtype": "float16",
    "model_config_dir": null,
    "data_size": 16,
    "batch_size": 4,
    "inference_time": 46.4729844149997,
    "throughput": 132.20584125036206,
    "max_memory_allocated_per_device": [
        4.582497596740723,
        5.245644569396973,
        5.245736122131348,
        4.409100532531738
    ]
}