{
    "description": "Pipeline parallel OPT-1.3B benchmark",
    "model_name": "opt-1.3b-pipeline",
    "model_size": 2.6347503662109375,
    "max_prompt_len": 80,
    "max_new_tokens": 64,
    "dtype": "float32",
    "model_config_dir": null,
    "data_size": 48,
    "batch_size": 24,
    "inference_time": 10.892219680004928,
    "throughput": 282.0361772210061,
    "max_memory_allocated_per_device": [
        4.66746187210083,
        4.592237949371338
    ]
}