{
    "description": "Pipeline parallel OPT-1.3B benchmark",
    "model_name": "opt-1.3b-pipeline",
    "model_size": 2.6503753662109375,
    "max_prompt_len": 80,
    "max_new_tokens": 32,
    "dtype": "float32",
    "model_config_dir": null,
    "data_size": 56,
    "batch_size": 28,
    "inference_time": 8.07142067499808,
    "throughput": 222.01791631935058,
    "max_memory_allocated_per_device": [
        4.910732746124268,
        4.8262248039245605
    ]
}