{
    "description": "Pipeline parallel OPT-1.3B benchmark",
    "model_name": "opt-1.3b-pipeline",
    "model_size": 2.6347503662109375,
    "max_prompt_len": 80,
    "max_new_tokens": 80,
    "dtype": "float32",
    "model_config_dir": null,
    "data_size": 40,
    "batch_size": 40,
    "inference_time": 11.24662491500203,
    "throughput": 284.5298055358346,
    "max_memory_allocated_per_device": [
        4.4809746742248535,
        4.369730472564697
    ]
}