{
    "description": "Pipeline parallel OPT-1.3B benchmark",
    "model_name": "opt-1.3b-pipeline",
    "model_size": 2.6503753662109375,
    "max_prompt_len": 16,
    "max_new_tokens": 48,
    "dtype": "float32",
    "model_config_dir": null,
    "data_size": 16,
    "batch_size": 16,
    "inference_time": 2.5778754689999914,
    "throughput": 297.9197440820996,
    "max_memory_allocated_per_device": [
        3.354189395904541,
        3.3147807121276855
    ]
}