{
    "description": "Pipeline parallel OPT-1.3B benchmark",
    "model_name": "opt-1.3b-pipeline",
    "model_size": 2.6347503662109375,
    "max_prompt_len": 80,
    "max_new_tokens": 16,
    "dtype": "float32",
    "model_config_dir": null,
    "data_size": 16,
    "batch_size": 4,
    "inference_time": 2.0344379380003375,
    "throughput": 125.83328064144543,
    "max_memory_allocated_per_device": [
        3.66652250289917,
        3.6295228004455566
    ]
}