{
    "description": "Pipeline parallel OPT-1.3B benchmark",
    "model_name": "opt-1.3b-pipeline",
    "model_size": 2.6347503662109375,
    "max_prompt_len": 80,
    "max_new_tokens": 64,
    "dtype": "float32",
    "model_config_dir": null,
    "data_size": 56,
    "batch_size": 7,
    "inference_time": 13.386324069004331,
    "throughput": 267.73593568518595,
    "max_memory_allocated_per_device": [
        4.914037227630615,
        4.826596736907959
    ]
}