{
    "description": "Pipeline parallel OPT-1.3B benchmark",
    "model_name": "opt-1.3b-pipeline",
    "model_size": 2.6347503662109375,
    "max_prompt_len": 96,
    "max_new_tokens": 112,
    "dtype": "float32",
    "model_config_dir": null,
    "data_size": 16,
    "batch_size": 16,
    "inference_time": 8.200886198999797,
    "throughput": 218.51297000299277,
    "max_memory_allocated_per_device": [
        3.8453621864318848,
        3.779327869415283
    ]
}