{
    "description": "Pipeline parallel OPT-1.3B benchmark",
    "model_name": "opt-1.3b-pipeline",
    "model_size": 2.6347503662109375,
    "max_prompt_len": 96,
    "max_new_tokens": 128,
    "dtype": "float32",
    "model_config_dir": null,
    "data_size": 32,
    "batch_size": 32,
    "inference_time": 15.849630076001631,
    "throughput": 258.4287444160522,
    "max_memory_allocated_per_device": [
        4.6381707191467285,
        4.514247417449951
    ]
}