{
    "description": "Pipeline parallel OPT-1.3B benchmark",
    "model_name": "opt-1.3b-pipeline",
    "model_size": 2.6503753662109375,
    "max_prompt_len": 32,
    "max_new_tokens": 32,
    "dtype": "float32",
    "model_config_dir": null,
    "data_size": 48,
    "batch_size": 6,
    "inference_time": 5.740167240997835,
    "throughput": 267.5880223540301,
    "max_memory_allocated_per_device": [
        3.784585952758789,
        3.7173590660095215
    ]
}