{
    "description": "Pipeline parallel OPT-1.3B benchmark",
    "model_name": "opt-1.3b-pipeline",
    "model_size": 2.6503753662109375,
    "max_prompt_len": 80,
    "max_new_tokens": 112,
    "dtype": "float32",
    "model_config_dir": null,
    "data_size": 48,
    "batch_size": 12,
    "inference_time": 19.56814200199733,
    "throughput": 274.73226632611664,
    "max_memory_allocated_per_device": [
        5.006825923919678,
        4.850854396820068
    ]
}