{
    "description": "Pipeline parallel OPT-1.3B benchmark",
    "model_name": "opt-1.3b-pipeline",
    "model_size": 2.6503753662109375,
    "max_prompt_len": 112,
    "max_new_tokens": 112,
    "dtype": "float32",
    "model_config_dir": null,
    "data_size": 32,
    "batch_size": 4,
    "inference_time": 18.105103365000105,
    "throughput": 197.95523547953957,
    "max_memory_allocated_per_device": [
        4.590904235839844,
        4.4758734703063965
    ]
}