{
    "description": "Pipeline parallel OPT-6.7B benchmark",
    "model_name": "opt-6.7b",
    "model_size": 3.0092544555664062,
    "max_prompt_len": 512,
    "max_new_tokens": 128,
    "dtype": "float16",
    "model_config_dir": null,
    "data_size": 48,
    "batch_size": 48,
    "inference_time": 41.61143016999995,
    "throughput": 147.65173835408234,
    "max_memory_allocated_per_device": [
        8.938886642456055,
        10.039899826049805,
        10.039899826049805,
        8.416607856750488
    ]
}