{
    "description": "Pipeline parallel OPT-1.3B benchmark",
    "model_name": "opt-1.3b-pipeline",
    "model_size": 2.6347503662109375,
    "max_prompt_len": 48,
    "max_new_tokens": 96,
    "dtype": "float32",
    "model_config_dir": null,
    "data_size": 56,
    "batch_size": 7,
    "inference_time": 17.11910707700008,
    "throughput": 314.0350706271813,
    "max_memory_allocated_per_device": [
        4.774036407470703,
        4.6305928230285645
    ]
}