{
    "description": "Pipeline parallel OPT-1.3B benchmark",
    "model_name": "opt-1.3b-pipeline",
    "model_size": 2.6347503662109375,
    "max_prompt_len": 32,
    "max_new_tokens": 128,
    "dtype": "float32",
    "model_config_dir": null,
    "data_size": 64,
    "batch_size": 8,
    "inference_time": 22.361893549001252,
    "throughput": 366.33749203970604,
    "max_memory_allocated_per_device": [
        5.212980270385742,
        5.042285919189453
    ]
}