{
    "description": "Pipeline parallel OPT-1.3B benchmark",
    "model_name": "opt-1.3b-pipeline",
    "model_size": 2.6347503662109375,
    "max_prompt_len": 48,
    "max_new_tokens": 64,
    "dtype": "float32",
    "model_config_dir": null,
    "data_size": 8,
    "batch_size": 8,
    "inference_time": 2.337043101000745,
    "throughput": 219.08025563617397,
    "max_memory_allocated_per_device": [
        3.344186782836914,
        3.3151607513427734
    ]
}