{
    "description": "Pipeline parallel OPT-1.3B benchmark",
    "model_name": "opt-1.3b-pipeline",
    "model_size": 2.6347503662109375,
    "max_prompt_len": 16,
    "max_new_tokens": 16,
    "dtype": "float32",
    "model_config_dir": null,
    "data_size": 64,
    "batch_size": 64,
    "inference_time": 2.3194763700012118,
    "throughput": 441.4789532861096,
    "max_memory_allocated_per_device": [
        6.010152339935303,
        5.775716304779053
    ]
}