{
    "description": "Pipeline parallel OPT-1.3B benchmark",
    "model_name": "opt-1.3b-pipeline",
    "model_size": 2.6347503662109375,
    "max_prompt_len": 32,
    "max_new_tokens": 64,
    "dtype": "float32",
    "model_config_dir": null,
    "data_size": 8,
    "batch_size": 1,
    "inference_time": 8.490241524999874,
    "throughput": 60.304527084700055,
    "max_memory_allocated_per_device": [
        3.319397449493408,
        3.290213108062744
    ]
}