{
    "description": "Pipeline parallel OPT-1.3B benchmark",
    "model_name": "opt-1.3b-pipeline",
    "model_size": 2.6347503662109375,
    "max_prompt_len": 80,
    "max_new_tokens": 16,
    "dtype": "float32",
    "model_config_dir": null,
    "data_size": 16,
    "batch_size": 2,
    "inference_time": 2.8403791620003176,
    "throughput": 90.12881217580605,
    "max_memory_allocated_per_device": [
        3.654294490814209,
        3.6209540367126465
    ]
}