{
    "description": "Pipeline parallel OPT-1.3B benchmark",
    "model_name": "opt-1.3b-pipeline",
    "model_size": 2.6347503662109375,
    "max_prompt_len": 128,
    "max_new_tokens": 128,
    "dtype": "float32",
    "model_config_dir": null,
    "data_size": 48,
    "batch_size": 12,
    "inference_time": 24.618360476997623,
    "throughput": 249.5698284108196,
    "max_memory_allocated_per_device": [
        5.625308036804199,
        5.43001127243042
    ]
}