{
    "description": "Pipeline parallel OPT-1.3B benchmark",
    "model_name": "opt-1.3b-pipeline",
    "model_size": 2.6347503662109375,
    "max_prompt_len": 128,
    "max_new_tokens": 112,
    "dtype": "float32",
    "model_config_dir": null,
    "data_size": 48,
    "batch_size": 6,
    "inference_time": 22.387397295999108,
    "throughput": 240.1351049843009,
    "max_memory_allocated_per_device": [
        5.53918981552124,
        5.429769039154053
    ]
}