{
    "description": "Pipeline parallel OPT-1.3B benchmark",
    "model_name": "opt-1.3b-pipeline",
    "model_size": 2.6347503662109375,
    "max_prompt_len": 80,
    "max_new_tokens": 96,
    "dtype": "float32",
    "model_config_dir": null,
    "data_size": 8,
    "batch_size": 2,
    "inference_time": 7.179612689000351,
    "throughput": 106.96955856360158,
    "max_memory_allocated_per_device": [
        3.4519357681274414,
        3.4140634536743164
    ]
}