{
    "description": "Pipeline parallel OPT-1.3B benchmark",
    "model_name": "opt-1.3b-pipeline",
    "model_size": 2.6503753662109375,
    "max_prompt_len": 96,
    "max_new_tokens": 128,
    "dtype": "float32",
    "model_config_dir": null,
    "data_size": 8,
    "batch_size": 1,
    "inference_time": 16.905557717998818,
    "throughput": 60.57179639271997,
    "max_memory_allocated_per_device": [
        3.5325241088867188,
        3.4884424209594727
    ]
}