{
    "description": "Pipeline parallel OPT-1.3B benchmark",
    "model_name": "opt-1.3b-pipeline",
    "model_size": 2.6503753662109375,
    "max_prompt_len": 48,
    "max_new_tokens": 128,
    "dtype": "float32",
    "model_config_dir": null,
    "data_size": 56,
    "batch_size": 14,
    "inference_time": 19.958953001005284,
    "throughput": 359.13707495773775,
    "max_memory_allocated_per_device": [
        5.173530578613281,
        5.017306327819824
    ]
}