{
    "description": "Pipeline parallel OPT-1.3B benchmark",
    "model_name": "opt-1.3b-pipeline",
    "model_size": 2.6503753662109375,
    "max_prompt_len": 32,
    "max_new_tokens": 48,
    "dtype": "float32",
    "model_config_dir": null,
    "data_size": 32,
    "batch_size": 8,
    "inference_time": 4.7597947869981,
    "throughput": 322.7029879934639,
    "max_memory_allocated_per_device": [
        3.6757044792175293,
        3.62333345413208
    ]
}