{
    "description": "Pipeline parallel OPT-1.3B benchmark",
    "model_name": "opt-1.3b-pipeline",
    "model_size": 2.6503753662109375,
    "max_prompt_len": 64,
    "max_new_tokens": 96,
    "dtype": "float32",
    "model_config_dir": null,
    "data_size": 40,
    "batch_size": 10,
    "inference_time": 12.151900978999038,
    "throughput": 315.99994162529,
    "max_memory_allocated_per_device": [
        4.441505432128906,
        4.327899932861328
    ]
}