{
    "description": "Pipeline parallel OPT-1.3B benchmark",
    "model_name": "opt-1.3b-pipeline",
    "model_size": 2.6503753662109375,
    "max_prompt_len": 80,
    "max_new_tokens": 80,
    "dtype": "float32",
    "model_config_dir": null,
    "data_size": 56,
    "batch_size": 7,
    "inference_time": 15.9165640229985,
    "throughput": 281.4677837205733,
    "max_memory_allocated_per_device": [
        4.9729719161987305,
        4.827859878540039
    ]
}