{
    "description": "Pipeline parallel OPT-1.3B benchmark",
    "model_name": "opt-1.3b-pipeline",
    "model_size": 2.6503753662109375,
    "max_prompt_len": 128,
    "max_new_tokens": 48,
    "dtype": "float32",
    "model_config_dir": null,
    "data_size": 56,
    "batch_size": 7,
    "inference_time": 12.921290898004372,
    "throughput": 208.02875047222628,
    "max_memory_allocated_per_device": [
        5.930814266204834,
        5.805760860443115
    ]
}