{
    "description": "Pipeline parallel OPT-1.3B benchmark",
    "model_name": "opt-1.3b-pipeline",
    "model_size": 2.6503753662109375,
    "max_prompt_len": 112,
    "max_new_tokens": 96,
    "dtype": "float32",
    "model_config_dir": null,
    "data_size": 56,
    "batch_size": 14,
    "inference_time": 19.253682621005282,
    "throughput": 279.2193112259428,
    "max_memory_allocated_per_device": [
        5.600764751434326,
        5.490362644195557
    ]
}