{
    "description": "Pipeline parallel OPT-1.3B benchmark",
    "model_name": "opt-1.3b-pipeline",
    "model_size": 2.6347503662109375,
    "max_prompt_len": 80,
    "max_new_tokens": 96,
    "dtype": "float32",
    "model_config_dir": null,
    "data_size": 48,
    "batch_size": 48,
    "inference_time": 14.336136176003492,
    "throughput": 321.42551824480364,
    "max_memory_allocated_per_device": [
        4.902289867401123,
        4.759470462799072
    ]
}