{
    "description": "Pipeline parallel OPT-1.3B benchmark",
    "model_name": "opt-1.3b-pipeline",
    "model_size": 2.6503753662109375,
    "max_prompt_len": 112,
    "max_new_tokens": 48,
    "dtype": "float32",
    "model_config_dir": null,
    "data_size": 32,
    "batch_size": 16,
    "inference_time": 7.5273196150010335,
    "throughput": 204.0566999359159,
    "max_memory_allocated_per_device": [
        4.554754734039307,
        4.484415531158447
    ]
}