{
    "description": "Pipeline parallel OPT-1.3B benchmark",
    "model_name": "opt-1.3b-pipeline",
    "model_size": 2.6347503662109375,
    "max_prompt_len": 112,
    "max_new_tokens": 112,
    "dtype": "float32",
    "model_config_dir": null,
    "data_size": 64,
    "batch_size": 16,
    "inference_time": 23.76601959799882,
    "throughput": 301.60708950200353,
    "max_memory_allocated_per_device": [
        6.039129257202148,
        5.812594890594482
    ]
}