{
    "description": "Pipeline parallel OPT-1.3B benchmark",
    "model_name": "opt-1.3b-pipeline",
    "model_size": 2.6347503662109375,
    "max_prompt_len": 32,
    "max_new_tokens": 112,
    "dtype": "float32",
    "model_config_dir": null,
    "data_size": 24,
    "batch_size": 24,
    "inference_time": 9.580167957999947,
    "throughput": 280.57963198394424,
    "max_memory_allocated_per_device": [
        3.8711061477661133,
        3.8028573989868164
    ]
}