{
    "description": "Pipeline parallel OPT-1.3B benchmark",
    "model_name": "opt-1.3b-pipeline",
    "model_size": 2.6503753662109375,
    "max_prompt_len": 48,
    "max_new_tokens": 112,
    "dtype": "float32",
    "model_config_dir": null,
    "data_size": 24,
    "batch_size": 6,
    "inference_time": 10.059009713000705,
    "throughput": 267.2231240144754,
    "max_memory_allocated_per_device": [
        3.929734706878662,
        3.855538845062256
    ]
}