{
    "description": "Pipeline parallel OPT-1.3B benchmark",
    "model_name": "opt-1.3b-pipeline",
    "model_size": 2.6503753662109375,
    "max_prompt_len": 96,
    "max_new_tokens": 128,
    "dtype": "float32",
    "model_config_dir": null,
    "data_size": 16,
    "batch_size": 8,
    "inference_time": 8.244420083003206,
    "throughput": 248.41043753000665,
    "max_memory_allocated_per_device": [
        3.884176254272461,
        3.8135499954223633
    ]
}