{
    "description": "Pipeline parallel OPT-1.3B benchmark",
    "model_name": "opt-1.3b-pipeline",
    "model_size": 2.6503753662109375,
    "max_prompt_len": 32,
    "max_new_tokens": 32,
    "dtype": "float32",
    "model_config_dir": null,
    "data_size": 48,
    "batch_size": 12,
    "inference_time": 5.281406114001584,
    "throughput": 290.8316396892669,
    "max_memory_allocated_per_device": [
        3.7806015014648438,
        3.717789649963379
    ]
}