{
    "description": "Pipeline parallel OPT-1.3B benchmark",
    "model_name": "opt-1.3b-pipeline",
    "model_size": 2.6503753662109375,
    "max_prompt_len": 64,
    "max_new_tokens": 96,
    "dtype": "float32",
    "model_config_dir": null,
    "data_size": 16,
    "batch_size": 2,
    "inference_time": 13.04840441000124,
    "throughput": 117.71554220243961,
    "max_memory_allocated_per_device": [
        3.672175407409668,
        3.616328239440918
    ]
}