{
    "description": "Pipeline parallel OPT-1.3B benchmark",
    "model_name": "opt-1.3b-pipeline",
    "model_size": 2.6347503662109375,
    "max_prompt_len": 64,
    "max_new_tokens": 32,
    "dtype": "float32",
    "model_config_dir": null,
    "data_size": 40,
    "batch_size": 20,
    "inference_time": 5.504234367999743,
    "throughput": 232.54823730646416,
    "max_memory_allocated_per_device": [
        4.156294345855713,
        4.101587772369385
    ]
}