{
    "description": "Pipeline parallel OPT-1.3B benchmark",
    "model_name": "opt-1.3b-pipeline",
    "model_size": 2.6347503662109375,
    "max_prompt_len": 48,
    "max_new_tokens": 128,
    "dtype": "float32",
    "model_config_dir": null,
    "data_size": 8,
    "batch_size": 8,
    "inference_time": 4.660113263000312,
    "throughput": 219.73714847881615,
    "max_memory_allocated_per_device": [
        3.449819564819336,
        3.4121646881103516
    ]
}