{
    "description": "Pipeline parallel OPT-1.3B benchmark",
    "model_name": "opt-1.3b-pipeline",
    "model_size": 2.6347503662109375,
    "max_prompt_len": 32,
    "max_new_tokens": 16,
    "dtype": "float32",
    "model_config_dir": null,
    "data_size": 16,
    "batch_size": 2,
    "inference_time": 2.364591658999416,
    "throughput": 108.26393598475569,
    "max_memory_allocated_per_device": [
        3.35660982131958,
        3.332700252532959
    ]
}