{
    "description": "Pipeline parallel OPT-1.3B benchmark",
    "model_name": "opt-1.3b-pipeline",
    "model_size": 2.6347503662109375,
    "max_prompt_len": 112,
    "max_new_tokens": 112,
    "dtype": "float32",
    "model_config_dir": null,
    "data_size": 56,
    "batch_size": 7,
    "inference_time": 23.335372271001688,
    "throughput": 268.77651349038325,
    "max_memory_allocated_per_device": [
        5.661719799041748,
        5.4716925621032715
    ]
}