{
    "description": "Pipeline parallel OPT-1.3B benchmark",
    "model_name": "opt-1.3b-pipeline",
    "model_size": 2.6347503662109375,
    "max_prompt_len": 48,
    "max_new_tokens": 48,
    "dtype": "float32",
    "model_config_dir": null,
    "data_size": 48,
    "batch_size": 12,
    "inference_time": 8.362472123997577,
    "throughput": 275.51661348900274,
    "max_memory_allocated_per_device": [
        4.0876946449279785,
        4.000682353973389
    ]
}