{
    "description": "Pipeline parallel OPT-1.3B benchmark",
    "model_name": "opt-1.3b-pipeline",
    "model_size": 2.6503753662109375,
    "max_prompt_len": 128,
    "max_new_tokens": 128,
    "dtype": "float32",
    "model_config_dir": null,
    "data_size": 56,
    "batch_size": 14,
    "inference_time": 25.050494696995884,
    "throughput": 286.14205374792874,
    "max_memory_allocated_per_device": [
        6.036520004272461,
        5.812594890594482
    ]
}