{
    "description": "Pipeline parallel OPT-1.3B benchmark",
    "model_name": "opt-1.3b-pipeline",
    "model_size": 2.6347503662109375,
    "max_prompt_len": 80,
    "max_new_tokens": 112,
    "dtype": "float32",
    "model_config_dir": null,
    "data_size": 32,
    "batch_size": 16,
    "inference_time": 12.488401908001833,
    "throughput": 286.9862794617127,
    "max_memory_allocated_per_device": [
        4.403497695922852,
        4.294989585876465
    ]
}