{
    "description": "Pipeline parallel OPT-6.7B benchmark",
    "model_name": "opt-6.7b",
    "model_size": 3.3758926391601562,
    "max_prompt_len": 512,
    "max_new_tokens": 384,
    "dtype": "float16",
    "model_config_dir": null,
    "data_size": 32,
    "batch_size": 8,
    "inference_time": 65.95972578200053,
    "throughput": 186.2954985685101,
    "max_memory_allocated_per_device": [
        6.899093151092529,
        8.091193199157715,
        8.091254234313965,
        6.610087871551514
    ]
}