{
    "description": "Pipeline parallel OPT-1.3B benchmark",
    "model_name": "opt-1.3b-pipeline",
    "model_size": 2.6503753662109375,
    "max_prompt_len": 64,
    "max_new_tokens": 16,
    "dtype": "float32",
    "model_config_dir": null,
    "data_size": 48,
    "batch_size": 48,
    "inference_time": 4.9269732699976885,
    "throughput": 155.87663214587732,
    "max_memory_allocated_per_device": [
        4.834433078765869,
        4.689642429351807
    ]
}