{
    "description": "Pipeline parallel OPT-1.3B benchmark",
    "model_name": "opt-1.3b-pipeline",
    "model_size": 2.6347503662109375,
    "max_prompt_len": 48,
    "max_new_tokens": 16,
    "dtype": "float32",
    "model_config_dir": null,
    "data_size": 32,
    "batch_size": 8,
    "inference_time": 2.3618972650001524,
    "throughput": 216.77488161195146,
    "max_memory_allocated_per_device": [
        3.7563700675964355,
        3.7165637016296387
    ]
}