{
    "description": "Pipeline parallel OPT-1.3B benchmark",
    "model_name": "opt-1.3b-pipeline",
    "model_size": 2.6503753662109375,
    "max_prompt_len": 80,
    "max_new_tokens": 16,
    "dtype": "float32",
    "model_config_dir": null,
    "data_size": 32,
    "batch_size": 32,
    "inference_time": 4.127532798000175,
    "throughput": 124.04504701890399,
    "max_memory_allocated_per_device": [
        4.377569675445557,
        4.267698764801025
    ]
}