{
    "description": "Pipeline parallel OPT-1.3B benchmark",
    "model_name": "opt-1.3b-pipeline",
    "model_size": 2.6503753662109375,
    "max_prompt_len": 64,
    "max_new_tokens": 80,
    "dtype": "float32",
    "model_config_dir": null,
    "data_size": 40,
    "batch_size": 5,
    "inference_time": 13.608017222999479,
    "throughput": 235.15549308620407,
    "max_memory_allocated_per_device": [
        4.3232903480529785,
        4.217596530914307
    ]
}