{
    "description": "Pipeline parallel OPT-1.3B benchmark",
    "model_name": "opt-1.3b-pipeline",
    "model_size": 2.6347503662109375,
    "max_prompt_len": 16,
    "max_new_tokens": 128,
    "dtype": "float32",
    "model_config_dir": null,
    "data_size": 56,
    "batch_size": 7,
    "inference_time": 20.884272964998672,
    "throughput": 343.2247802934449,
    "max_memory_allocated_per_device": [
        4.774868488311768,
        4.637962818145752
    ]
}