{
    "description": "Pipeline parallel OPT-1.3B benchmark",
    "model_name": "opt-1.3b-pipeline",
    "model_size": 2.6503753662109375,
    "max_prompt_len": 96,
    "max_new_tokens": 32,
    "dtype": "float32",
    "model_config_dir": null,
    "data_size": 64,
    "batch_size": 8,
    "inference_time": 9.446872993998113,
    "throughput": 216.79131298802864,
    "max_memory_allocated_per_device": [
        5.53992223739624,
        5.429769039154053
    ]
}