{
    "description": "Pipeline parallel OPT-6.7B benchmark",
    "model_name": "opt-6.7b",
    "model_size": 3.0248794555664062,
    "max_prompt_len": 512,
    "max_new_tokens": 512,
    "dtype": "float16",
    "model_config_dir": null,
    "data_size": 48,
    "batch_size": 12,
    "inference_time": 106.15039998000066,
    "throughput": 231.5205595516386,
    "max_memory_allocated_per_device": [
        9.373629570007324,
        11.2245512008667,
        11.224642753601074,
        8.60733699798584
    ]
}