{
    "description": "Pipeline parallel OPT-1.3B benchmark",
    "model_name": "opt-1.3b-pipeline",
    "model_size": 2.6347503662109375,
    "max_prompt_len": 32,
    "max_new_tokens": 32,
    "dtype": "float32",
    "model_config_dir": null,
    "data_size": 16,
    "batch_size": 16,
    "inference_time": 2.106778410001425,
    "throughput": 243.0250839715287,
    "max_memory_allocated_per_device": [
        3.3715109825134277,
        3.34144926071167
    ]
}