{
    "description": "Pipeline parallel OPT-1.3B benchmark",
    "model_name": "opt-1.3b-pipeline",
    "model_size": 2.6503753662109375,
    "max_prompt_len": 32,
    "max_new_tokens": 48,
    "dtype": "float32",
    "model_config_dir": null,
    "data_size": 48,
    "batch_size": 24,
    "inference_time": 6.71659081299731,
    "throughput": 343.03116925650994,
    "max_memory_allocated_per_device": [
        3.936087131500244,
        3.8629260063171387
    ]
}