{
    "description": "Pipeline parallel OPT-6.7B benchmark",
    "model_name": "opt-6.7b",
    "model_size": 3.0092544555664062,
    "max_prompt_len": 512,
    "max_new_tokens": 512,
    "dtype": "float16",
    "model_config_dir": null,
    "data_size": 32,
    "batch_size": 32,
    "inference_time": 104.96604152300097,
    "throughput": 156.08857647937322,
    "max_memory_allocated_per_device": [
        7.564743518829346,
        8.915023803710938,
        8.915023803710938,
        7.049485683441162
    ]
}