{
    "description": "Pipeline parallel OPT-1.3B benchmark",
    "model_name": "opt-1.3b-pipeline",
    "model_size": 2.6347503662109375,
    "max_prompt_len": 16,
    "max_new_tokens": 96,
    "dtype": "float32",
    "model_config_dir": null,
    "data_size": 64,
    "batch_size": 64,
    "inference_time": 11.65113973300322,
    "throughput": 527.3303849061564,
    "max_memory_allocated_per_device": [
        4.648006439208984,
        4.524374008178711
    ]
}