{
    "description": "Pipeline parallel OPT-1.3B benchmark",
    "model_name": "opt-1.3b-pipeline",
    "model_size": 2.6503753662109375,
    "max_prompt_len": 32,
    "max_new_tokens": 128,
    "dtype": "float32",
    "model_config_dir": null,
    "data_size": 16,
    "batch_size": 16,
    "inference_time": 7.7390791319994605,
    "throughput": 264.63096772482294,
    "max_memory_allocated_per_device": [
        3.689940929412842,
        3.635068416595459
    ]
}