{
    "description": "Pipeline parallel OPT-1.3B benchmark",
    "model_name": "opt-1.3b-pipeline",
    "model_size": 2.6347503662109375,
    "max_prompt_len": 64,
    "max_new_tokens": 80,
    "dtype": "float32",
    "model_config_dir": null,
    "data_size": 32,
    "batch_size": 16,
    "inference_time": 8.554017607999413,
    "throughput": 299.2745768498278,
    "max_memory_allocated_per_device": [
        4.092419624328613,
        4.006925582885742
    ]
}