{
    "description": "Pipeline parallel OPT-1.3B benchmark",
    "model_name": "opt-1.3b-pipeline",
    "model_size": 2.6503753662109375,
    "max_prompt_len": 80,
    "max_new_tokens": 32,
    "dtype": "float32",
    "model_config_dir": null,
    "data_size": 16,
    "batch_size": 8,
    "inference_time": 2.7381845700001577,
    "throughput": 186.98520384985244,
    "max_memory_allocated_per_device": [
        3.6567234992980957,
        3.6215577125549316
    ]
}