{
    "description": "Pipeline parallel OPT-1.3B benchmark",
    "model_name": "opt-1.3b-pipeline",
    "model_size": 2.6347503662109375,
    "max_prompt_len": 48,
    "max_new_tokens": 96,
    "dtype": "float32",
    "model_config_dir": null,
    "data_size": 64,
    "batch_size": 8,
    "inference_time": 17.585392205997778,
    "throughput": 349.3808911412559,
    "max_memory_allocated_per_device": [
        5.000674724578857,
        4.8443217277526855
    ]
}