{
    "description": "Pipeline parallel OPT-1.3B benchmark",
    "model_name": "opt-1.3b-pipeline",
    "model_size": 2.6503753662109375,
    "max_prompt_len": 112,
    "max_new_tokens": 32,
    "dtype": "float32",
    "model_config_dir": null,
    "data_size": 16,
    "batch_size": 8,
    "inference_time": 3.2558680700021796,
    "throughput": 157.25452905088295,
    "max_memory_allocated_per_device": [
        3.8564724922180176,
        3.813490390777588
    ]
}