{
    "description": "Pipeline parallel OPT-1.3B benchmark",
    "model_name": "opt-1.3b-pipeline",
    "model_size": 2.6503753662109375,
    "max_prompt_len": 64,
    "max_new_tokens": 80,
    "dtype": "float32",
    "model_config_dir": null,
    "data_size": 16,
    "batch_size": 8,
    "inference_time": 4.881133363000117,
    "throughput": 262.2341789926565,
    "max_memory_allocated_per_device": [
        3.62546968460083,
        3.5748963356018066
    ]
}