{
    "description": "Pipeline parallel OPT-1.3B benchmark",
    "model_name": "opt-1.3b",
    "model_size": 2.6347503662109375,
    "dtype": "float32",
    "max_prompt_len": 128,
    "max_new_tokens": 1,
    "model_config_dir": null,
    "data_size": 8,
    "batch_size": 8,
    "inference_time": 0.9328068050001548,
    "throughput": 8.576266765119357,
    "max_memory_allocated_per_device": [
        3.068979263305664,
        3.037721633911133
    ]
}