{
    "description": "Pipeline parallel OPT-1.3B benchmark",
    "model_name": "opt-1.3b-pipeline",
    "model_size": 2.6503753662109375,
    "max_prompt_len": 32,
    "max_new_tokens": 112,
    "dtype": "float32",
    "model_config_dir": null,
    "data_size": 24,
    "batch_size": 12,
    "inference_time": 10.016350903002603,
    "throughput": 268.3612051964172,
    "max_memory_allocated_per_device": [
        3.873457431793213,
        3.8066811561584473
    ]
}