{
    "description": "Pipeline parallel OPT-1.3B benchmark",
    "model_name": "opt-1.3b-pipeline",
    "model_size": 2.6347503662109375,
    "max_prompt_len": 16,
    "max_new_tokens": 128,
    "dtype": "float32",
    "model_config_dir": null,
    "data_size": 56,
    "batch_size": 28,
    "inference_time": 16.97177726499649,
    "throughput": 422.34822482520264,
    "max_memory_allocated_per_device": [
        4.82220458984375,
        4.684564590454102
    ]
}