{
    "description": "Pipeline parallel OPT-6.7B benchmark",
    "model_name": "opt-6.7b",
    "model_size": 3.0092544555664062,
    "max_prompt_len": 128,
    "max_new_tokens": 512,
    "dtype": "float16",
    "model_config_dir": null,
    "data_size": 48,
    "batch_size": 12,
    "inference_time": 80.08331110000108,
    "throughput": 306.8804181849028,
    "max_memory_allocated_per_device": [
        7.1251020431518555,
        8.413615226745605,
        8.413615226745605,
        6.639917850494385
    ]
}