{
    "description": "Pipeline parallel OPT-1.3B benchmark",
    "model_name": "opt-1.3b-pipeline",
    "model_size": 2.6347503662109375,
    "max_prompt_len": 32,
    "max_new_tokens": 128,
    "dtype": "float32",
    "model_config_dir": null,
    "data_size": 56,
    "batch_size": 56,
    "inference_time": 16.307553826998628,
    "throughput": 439.55090236358615,
    "max_memory_allocated_per_device": [
        5.014763355255127,
        4.863994121551514
    ]
}