{
    "description": "Pipeline parallel OPT-1.3B benchmark",
    "model_name": "opt-1.3b-pipeline",
    "model_size": 2.6503753662109375,
    "max_prompt_len": 112,
    "max_new_tokens": 80,
    "dtype": "float32",
    "model_config_dir": null,
    "data_size": 48,
    "batch_size": 6,
    "inference_time": 16.43054985400522,
    "throughput": 233.7109855799461,
    "max_memory_allocated_per_device": [
        5.259122371673584,
        5.1623969078063965
    ]
}