{
    "description": "Pipeline parallel OPT-1.3B benchmark",
    "model_name": "opt-1.3b-pipeline",
    "model_size": 2.6503753662109375,
    "max_prompt_len": 96,
    "max_new_tokens": 96,
    "dtype": "float32",
    "model_config_dir": null,
    "data_size": 32,
    "batch_size": 8,
    "inference_time": 11.163534084000275,
    "throughput": 275.18167426951567,
    "max_memory_allocated_per_device": [
        4.392528533935547,
        4.289096355438232
    ]
}