{
    "description": "Pipeline parallel OPT-1.3B benchmark",
    "model_name": "opt-1.3b-pipeline",
    "model_size": 2.6503753662109375,
    "max_prompt_len": 16,
    "max_new_tokens": 48,
    "dtype": "float32",
    "model_config_dir": null,
    "data_size": 32,
    "batch_size": 8,
    "inference_time": 4.407349419998354,
    "throughput": 348.5087869435534,
    "max_memory_allocated_per_device": [
        3.575558662414551,
        3.5274429321289062
    ]
}