{
    "description": "Pipeline parallel OPT-1.3B benchmark",
    "model_name": "opt-1.3b-pipeline",
    "model_size": 2.6347503662109375,
    "max_prompt_len": 48,
    "max_new_tokens": 80,
    "dtype": "float32",
    "model_config_dir": null,
    "data_size": 8,
    "batch_size": 4,
    "inference_time": 3.78338063999945,
    "throughput": 169.1608804130512,
    "max_memory_allocated_per_device": [
        3.368020534515381,
        3.3364338874816895
    ]
}]
}