{
    "description": "Pipeline parallel OPT-1.3B benchmark",
    "model_name": "opt-1.3b-pipeline",
    "model_size": 2.6347503662109375,
    "max_prompt_len": 96,
    "max_new_tokens": 112,
    "dtype": "float32",
    "model_config_dir": null,
    "data_size": 56,
    "batch_size": 28,
    "inference_time": 19.98508953099372,
    "throughput": 313.833970584576,
    "max_memory_allocated_per_device": [
        5.525146961212158,
        5.332115650177002
    ]
}