{
    "description": "Pipeline parallel OPT-1.3B benchmark",
    "model_name": "opt-1.3b-pipeline",
    "model_size": 2.6347503662109375,
    "max_prompt_len": 128,
    "max_new_tokens": 128,
    "dtype": "float32",
    "model_config_dir": null,
    "data_size": 16,
    "batch_size": 4,
    "inference_time": 11.359983711001405,
    "throughput": 180.28194864545847,
    "max_memory_allocated_per_device": [
        3.9807043075561523,
        3.90504789352417
    ]
}