{
    "description": "Pipeline parallel OPT-1.3B benchmark",
    "model_name": "opt-1.3b-pipeline",
    "model_size": 2.6347503662109375,
    "max_prompt_len": 48,
    "max_new_tokens": 48,
    "dtype": "float32",
    "model_config_dir": null,
    "data_size": 40,
    "batch_size": 5,
    "inference_time": 8.115686461998848,
    "throughput": 236.57887832289603,
    "max_memory_allocated_per_device": [
        3.9310202598571777,
        3.869602680206299
    ]
}