{
    "description": "Pipeline parallel OPT-1.3B benchmark",
    "model_name": "opt-1.3b-pipeline",
    "model_size": 2.6347503662109375,
    "max_prompt_len": 64,
    "max_new_tokens": 64,
    "dtype": "float32",
    "model_config_dir": null,
    "data_size": 32,
    "batch_size": 16,
    "inference_time": 7.072055358999933,
    "throughput": 289.59049329184126,
    "max_memory_allocated_per_device": [
        3.9911270141601562,
        3.9134769439697266
    ]
}