{
    "description": "Pipeline parallel OPT-1.3B benchmark",
    "model_name": "opt-1.3b-pipeline",
    "model_size": 2.6347503662109375,
    "max_prompt_len": 80,
    "max_new_tokens": 16,
    "dtype": "float32",
    "model_config_dir": null,
    "data_size": 56,
    "batch_size": 56,
    "inference_time": 6.890805438997631,
    "throughput": 130.02834108901155,
    "max_memory_allocated_per_device": [
        5.2934136390686035,
        5.1130852699279785
    ]
}