{
    "description": "Pipeline parallel OPT-1.3B benchmark",
    "model_name": "opt-1.3b-pipeline",
    "model_size": 2.6347503662109375,
    "max_prompt_len": 112,
    "max_new_tokens": 128,
    "dtype": "float32",
    "model_config_dir": null,
    "data_size": 48,
    "batch_size": 12,
    "inference_time": 24.05433512000309,
    "throughput": 255.42173455839054,
    "max_memory_allocated_per_device": [
        5.465804576873779,
        5.274787425994873
    ]
}