{
    "description": "Pipeline parallel OPT-1.3B benchmark",
    "model_name": "opt-1.3b-pipeline",
    "model_size": 2.6347503662109375,
    "max_prompt_len": 32,
    "max_new_tokens": 64,
    "dtype": "float32",
    "model_config_dir": null,
    "data_size": 16,
    "batch_size": 16,
    "inference_time": 3.8685837869998068,
    "throughput": 264.69634790930564,
    "max_memory_allocated_per_device": [
        3.476780414581299,
        3.437653064727783
    ]
}