{
    "description": "Pipeline parallel OPT-1.3B benchmark",
    "model_name": "opt-1.3b-pipeline",
    "model_size": 2.6347503662109375,
    "max_prompt_len": 16,
    "max_new_tokens": 16,
    "dtype": "float32",
    "model_config_dir": null,
    "data_size": 32,
    "batch_size": 16,
    "inference_time": 1.5801974050009449,
    "throughput": 324.01015112393117,
    "max_memory_allocated_per_device": [
        3.3700990676879883,
        3.341197967529297
    ]
}