{
    "description": "Pipeline parallel OPT-1.3B benchmark",
    "model_name": "opt-1.3b-pipeline",
    "model_size": 2.6503753662109375,
    "max_prompt_len": 16,
    "max_new_tokens": 16,
    "dtype": "float32",
    "model_config_dir": null,
    "data_size": 40,
    "batch_size": 40,
    "inference_time": 1.8414804320018447,
    "throughput": 347.5464571210599,
    "max_memory_allocated_per_device": [
        4.787100315093994,
        4.6459641456604
    ]
}