{
    "description": "Pipeline parallel OPT-1.3B benchmark",
    "model_name": "opt-1.3b-pipeline",
    "model_size": 2.6347503662109375,
    "max_prompt_len": 48,
    "max_new_tokens": 16,
    "dtype": "float32",
    "model_config_dir": null,
    "data_size": 56,
    "batch_size": 56,
    "inference_time": 4.293759571002738,
    "throughput": 208.67493514331863,
    "max_memory_allocated_per_device": [
        4.944681644439697,
        4.788671016693115
    ]
}