{
    "description": "Pipeline parallel OPT-1.3B benchmark",
    "model_name": "opt-1.3b-pipeline",
    "model_size": 2.6347503662109375,
    "max_prompt_len": 80,
    "max_new_tokens": 32,
    "dtype": "float32",
    "model_config_dir": null,
    "data_size": 8,
    "batch_size": 2,
    "inference_time": 2.6936814799992135,
    "throughput": 95.03722021360697,
    "max_memory_allocated_per_device": [
        3.407823085784912,
        3.383035182952881
    ]
}