{
    "description": "Pipeline parallel OPT-1.3B benchmark",
    "model_name": "opt-1.3b-pipeline",
    "model_size": 2.6347503662109375,
    "max_prompt_len": 96,
    "max_new_tokens": 128,
    "dtype": "float32",
    "model_config_dir": null,
    "data_size": 32,
    "batch_size": 16,
    "inference_time": 14.703379995997238,
    "throughput": 278.5754024663085,
    "max_memory_allocated_per_device": [
        4.610464096069336,
        4.486841201782227
    ]
}