{
    "description": "Pipeline parallel OPT-1.3B benchmark",
    "model_name": "opt-1.3b-pipeline",
    "model_size": 2.6347503662109375,
    "max_prompt_len": 112,
    "max_new_tokens": 80,
    "dtype": "float32",
    "model_config_dir": null,
    "data_size": 48,
    "batch_size": 12,
    "inference_time": 16.232968383999832,
    "throughput": 236.55562612842454,
    "max_memory_allocated_per_device": [
        5.242785930633545,
        5.145087718963623
    ]
}