{
    "description": "Pipeline parallel OPT-1.3B benchmark",
    "model_name": "opt-1.3b-pipeline",
    "model_size": 2.6347503662109375,
    "max_prompt_len": 96,
    "max_new_tokens": 32,
    "dtype": "float32",
    "model_config_dir": null,
    "data_size": 48,
    "batch_size": 24,
    "inference_time": 7.999335139000323,
    "throughput": 192.01595799022292,
    "max_memory_allocated_per_device": [
        4.9532151222229,
        4.86724328994751
    ]
}