{
    "description": "Pipeline parallel OPT-1.3B benchmark",
    "model_name": "opt-1.3b-pipeline",
    "model_size": 2.6347503662109375,
    "max_prompt_len": 64,
    "max_new_tokens": 64,
    "dtype": "float32",
    "model_config_dir": null,
    "data_size": 16,
    "batch_size": 16,
    "inference_time": 4.763652159999765,
    "throughput": 214.9611192434442,
    "max_memory_allocated_per_device": [
        3.582581043243408,
        3.536059856414795
    ]
}