{
    "description": "Pipeline parallel OPT-1.3B benchmark",
    "model_name": "opt-1.3b-pipeline",
    "model_size": 2.6503753662109375,
    "max_prompt_len": 16,
    "max_new_tokens": 16,
    "dtype": "float32",
    "model_config_dir": null,
    "data_size": 48,
    "batch_size": 6,
    "inference_time": 2.8577726970033837,
    "throughput": 268.7407577255227,
    "max_memory_allocated_per_device": [
        3.511098861694336,
        3.4772205352783203
    ]
}