{
    "description": "Pipeline parallel OPT-1.3B benchmark",
    "model_name": "opt-1.3b-pipeline",
    "model_size": 2.6503753662109375,
    "max_prompt_len": 16,
    "max_new_tokens": 48,
    "dtype": "float32",
    "model_config_dir": null,
    "data_size": 16,
    "batch_size": 8,
    "inference_time": 2.4038378639997973,
    "throughput": 319.4891017824756,
    "max_memory_allocated_per_device": [
        3.3702783584594727,
        3.314950942993164
    ]
}