{
    "description": "Pipeline parallel OPT-1.3B benchmark",
    "model_name": "opt-1.3b-pipeline",
    "model_size": 2.6503753662109375,
    "max_prompt_len": 64,
    "max_new_tokens": 64,
    "dtype": "float32",
    "model_config_dir": null,
    "data_size": 40,
    "batch_size": 10,
    "inference_time": 8.483454351000546,
    "throughput": 301.76386812266765,
    "max_memory_allocated_per_device": [
        4.189826965332031,
        4.096733093261719
    ]
}