{
    "description": "Pipeline parallel OPT-1.3B benchmark",
    "model_name": "opt-1.3b-pipeline",
    "model_size": 2.6503753662109375,
    "max_prompt_len": 16,
    "max_new_tokens": 96,
    "dtype": "float32",
    "model_config_dir": null,
    "data_size": 40,
    "batch_size": 40,
    "inference_time": 9.552884419001202,
    "throughput": 401.97283161534256,
    "max_memory_allocated_per_device": [
        4.081731796264648,
        3.998872756958008
    ]
}