{
    "description": "Pipeline parallel OPT-1.3B benchmark",
    "model_name": "opt-1.3b-pipeline",
    "model_size": 2.6503753662109375,
    "max_prompt_len": 32,
    "max_new_tokens": 112,
    "dtype": "float32",
    "model_config_dir": null,
    "data_size": 64,
    "batch_size": 32,
    "inference_time": 16.62841386799846,
    "throughput": 431.0693766045169,
    "max_memory_allocated_per_device": [
        5.032173156738281,
        4.877161026000977
    ]
}