{
    "description": "Pipeline parallel OPT-1.3B benchmark",
    "model_name": "opt-1.3b-pipeline",
    "model_size": 2.6503753662109375,
    "max_prompt_len": 16,
    "max_new_tokens": 128,
    "dtype": "float32",
    "model_config_dir": null,
    "data_size": 32,
    "batch_size": 8,
    "inference_time": 11.744625646999339,
    "throughput": 348.7552624588334,
    "max_memory_allocated_per_device": [
        4.083872318267822,
        3.9980568885803223
    ]
}