{
    "description": "Pipeline parallel OPT-1.3B benchmark",
    "model_name": "opt-1.3b-pipeline",
    "model_size": 2.6347503662109375,
    "max_prompt_len": 112,
    "max_new_tokens": 80,
    "dtype": "float32",
    "model_config_dir": null,
    "data_size": 8,
    "batch_size": 2,
    "inference_time": 6.210201298999891,
    "throughput": 103.05624072170856,
    "max_memory_allocated_per_device": [
        3.5090537071228027,
        3.4804816246032715
    ]
}