{
    "description": "Pipeline parallel OPT-1.3B benchmark",
    "model_name": "opt-1.3b-pipeline",
    "model_size": 2.6503753662109375,
    "max_prompt_len": 64,
    "max_new_tokens": 96,
    "dtype": "float32",
    "model_config_dir": null,
    "data_size": 64,
    "batch_size": 8,
    "inference_time": 18.60584438800288,
    "throughput": 330.2188211335184,
    "max_memory_allocated_per_device": [
        5.210762023925781,
        5.041299819946289
    ]
}