{
    "description": "Pipeline parallel OPT-1.3B benchmark",
    "model_name": "opt-1.3b-pipeline",
    "model_size": 2.6503753662109375,
    "max_prompt_len": 112,
    "max_new_tokens": 16,
    "dtype": "float32",
    "model_config_dir": null,
    "data_size": 48,
    "batch_size": 48,
    "inference_time": 7.418162804999156,
    "throughput": 103.52967711660885,
    "max_memory_allocated_per_device": [
        5.301210880279541,
        5.1862969398498535
    ]
}