{
    "description": "Pipeline parallel OPT-1.3B benchmark",
    "model_name": "opt-1.3b-pipeline",
    "model_size": 2.6503753662109375,
    "max_prompt_len": 80,
    "max_new_tokens": 32,
    "dtype": "float32",
    "model_config_dir": null,
    "data_size": 32,
    "batch_size": 4,
    "inference_time": 6.040737344999798,
    "throughput": 169.51572987155498,
    "max_memory_allocated_per_device": [
        4.172414302825928,
        4.115261554718018
    ]
}