{
    "description": "Pipeline parallel OPT-1.3B benchmark",
    "model_name": "opt-1.3b-pipeline",
    "model_size": 2.6347503662109375,
    "max_prompt_len": 112,
    "max_new_tokens": 80,
    "dtype": "float32",
    "model_config_dir": null,
    "data_size": 64,
    "batch_size": 16,
    "inference_time": 18.1663400680045,
    "throughput": 281.83992927764297,
    "max_memory_allocated_per_device": [
        5.937648296356201,
        5.812594890594482
    ]
}