{
    "description": "Pipeline parallel OPT-1.3B benchmark",
    "model_name": "opt-1.3b-pipeline",
    "model_size": 2.6347503662109375,
    "max_prompt_len": 64,
    "max_new_tokens": 16,
    "dtype": "float32",
    "model_config_dir": null,
    "data_size": 32,
    "batch_size": 16,
    "inference_time": 2.859695548999298,
    "throughput": 179.0400380834826,
    "max_memory_allocated_per_device": [
        3.955843448638916,
        3.9089531898498535
    ]
}