{
    "description": "Pipeline parallel OPT-1.3B benchmark",
    "model_name": "opt-1.3b-pipeline",
    "model_size": 2.6347503662109375,
    "max_prompt_len": 128,
    "max_new_tokens": 112,
    "dtype": "float32",
    "model_config_dir": null,
    "data_size": 24,
    "batch_size": 24,
    "inference_time": 13.493372713001008,
    "throughput": 199.20890478405622,
    "max_memory_allocated_per_device": [
        4.37298059463501,
        4.3104567527771
    ]
}