{
    "description": "Pipeline parallel OPT-1.3B benchmark",
    "model_name": "opt-1.3b-pipeline",
    "model_size": 2.6347503662109375,
    "max_prompt_len": 112,
    "max_new_tokens": 112,
    "dtype": "float32",
    "model_config_dir": null,
    "data_size": 32,
    "batch_size": 32,
    "inference_time": 15.123293665998062,
    "throughput": 236.98541330702076,
    "max_memory_allocated_per_device": [
        4.639872074127197,
        4.515716075897217
    ]
}