{
    "description": "Pipeline parallel OPT-1.3B benchmark",
    "model_name": "opt-1.3b-pipeline",
    "model_size": 2.6347503662109375,
    "max_prompt_len": 64,
    "max_new_tokens": 112,
    "dtype": "float32",
    "model_config_dir": null,
    "data_size": 32,
    "batch_size": 16,
    "inference_time": 11.717893345001357,
    "throughput": 305.85702519035726,
    "max_memory_allocated_per_device": [
        4.301119804382324,
        4.1998186111450195
    ]
}