{
    "description": "Pipeline parallel OPT-6.7B benchmark",
    "model_name": "opt-6.7b",
    "model_size": 3.0248794555664062,
    "max_prompt_len": 128,
    "max_new_tokens": 512,
    "dtype": "float16",
    "model_config_dir": null,
    "data_size": 48,
    "batch_size": 24,
    "inference_time": 75.53372792499977,
    "throughput": 325.36458447281217,
    "max_memory_allocated_per_device": [
        7.183154106140137,
        8.471667289733887,
        8.471667289733887,
        6.698857307434082
    ]
}