{
    "description": "Pipeline parallel OPT-1.3B benchmark",
    "model_name": "opt-1.3b-pipeline",
    "model_size": 2.6503753662109375,
    "max_prompt_len": 48,
    "max_new_tokens": 112,
    "dtype": "float32",
    "model_config_dir": null,
    "data_size": 24,
    "batch_size": 12,
    "inference_time": 10.36090708300253,
    "throughput": 259.43674414470604,
    "max_memory_allocated_per_device": [
        3.9365110397338867,
        3.8626203536987305
    ]
}