{
    "description": "Pipeline parallel OPT-1.3B benchmark",
    "model_name": "opt-1.3b-pipeline",
    "model_size": 2.6347503662109375,
    "max_prompt_len": 112,
    "max_new_tokens": 64,
    "dtype": "float32",
    "model_config_dir": null,
    "data_size": 24,
    "batch_size": 6,
    "inference_time": 7.2987671900009445,
    "throughput": 210.44649870518768,
    "max_memory_allocated_per_device": [
        4.211646556854248,
        4.154067516326904
    ]
}