{
    "description": "Pipeline parallel OPT-1.3B benchmark",
    "model_name": "opt-1.3b-pipeline",
    "model_size": 2.6347503662109375,
    "max_prompt_len": 16,
    "max_new_tokens": 96,
    "dtype": "float32",
    "model_config_dir": null,
    "data_size": 40,
    "batch_size": 10,
    "inference_time": 10.21485913700235,
    "throughput": 375.9229518975908,
    "max_memory_allocated_per_device": [
        4.06775426864624,
        3.9829115867614746
    ]
}