{
    "description": "Pipeline parallel OPT-1.3B benchmark",
    "model_name": "opt-1.3b-pipeline",
    "model_size": 2.6347503662109375,
    "max_prompt_len": 16,
    "max_new_tokens": 80,
    "dtype": "float32",
    "model_config_dir": null,
    "data_size": 8,
    "batch_size": 1,
    "inference_time": 9.70149534399934,
    "throughput": 65.96921168403784,
    "max_memory_allocated_per_device": [
        3.3203282356262207,
        3.2928013801574707
    ]
}