{
    "description": "Pipeline parallel OPT-1.3B benchmark",
    "model_name": "opt-1.3b-pipeline",
    "model_size": 2.6347503662109375,
    "max_prompt_len": 96,
    "max_new_tokens": 80,
    "dtype": "float32",
    "model_config_dir": null,
    "data_size": 24,
    "batch_size": 24,
    "inference_time": 9.182766072000959,
    "throughput": 209.08732564300473,
    "max_memory_allocated_per_device": [
        4.070214748382568,
        4.019415378570557
    ]
}