{
    "description": "Pipeline parallel OPT-1.3B benchmark",
    "model_name": "opt-1.3b-pipeline",
    "model_size": 2.6503753662109375,
    "max_prompt_len": 32,
    "max_new_tokens": 16,
    "dtype": "float32",
    "model_config_dir": null,
    "data_size": 24,
    "batch_size": 6,
    "inference_time": 1.7344485689973226,
    "throughput": 221.39601419371505,
    "max_memory_allocated_per_device": [
        3.459754467010498,
        3.430938243865967
    ]
}