{
    "description": "Pipeline parallel OPT-1.3B benchmark",
    "model_name": "opt-1.3b-pipeline",
    "model_size": 2.6347503662109375,
    "max_prompt_len": 16,
    "max_new_tokens": 64,
    "dtype": "float32",
    "model_config_dir": null,
    "data_size": 8,
    "batch_size": 1,
    "inference_time": 7.785450317000141,
    "throughput": 65.76369755799583,
    "max_memory_allocated_per_device": [
        3.2897191047668457,
        3.2642064094543457
    ]
}