{
    "description": "Pipeline parallel OPT-1.3B benchmark",
    "model_name": "opt-1.3b-pipeline",
    "model_size": 2.6503753662109375,
    "max_prompt_len": 96,
    "max_new_tokens": 112,
    "dtype": "float32",
    "model_config_dir": null,
    "data_size": 16,
    "batch_size": 8,
    "inference_time": 7.17175375199804,
    "throughput": 249.86914804496064,
    "max_memory_allocated_per_device": [
        3.831346035003662,
        3.765082836151123
    ]
}