{
    "description": "Pipeline parallel OPT-1.3B benchmark",
    "model_name": "opt-1.3b-pipeline",
    "model_size": 2.6503753662109375,
    "max_prompt_len": 64,
    "max_new_tokens": 96,
    "dtype": "float32",
    "model_config_dir": null,
    "data_size": 48,
    "batch_size": 24,
    "inference_time": 14.470281420995889,
    "throughput": 318.4457762731517,
    "max_memory_allocated_per_device": [
        4.715709686279297,
        4.584280967712402
    ]
}