{
    "description": "Pipeline parallel OPT-1.3B benchmark",
    "model_name": "opt-1.3b-pipeline",
    "model_size": 2.6347503662109375,
    "max_prompt_len": 48,
    "max_new_tokens": 80,
    "dtype": "float32",
    "model_config_dir": null,
    "data_size": 24,
    "batch_size": 24,
    "inference_time": 7.285282771001221,
    "throughput": 263.5450208799697,
    "max_memory_allocated_per_device": [
        3.794023036956787,
        3.7316222190856934
    ]
}