{
    "description": "Pipeline parallel OPT-1.3B benchmark",
    "model_name": "opt-1.3b-pipeline",
    "model_size": 2.6347503662109375,
    "max_prompt_len": 16,
    "max_new_tokens": 128,
    "dtype": "float32",
    "model_config_dir": null,
    "data_size": 8,
    "batch_size": 4,
    "inference_time": 5.491487968000001,
    "throughput": 186.47040765035865,
    "max_memory_allocated_per_device": [
        3.3920388221740723,
        3.3587746620178223
    ]
}