{
    "description": "Pipeline parallel OPT-1.3B benchmark",
    "model_name": "opt-1.3b-pipeline",
    "model_size": 2.6347503662109375,
    "max_prompt_len": 128,
    "max_new_tokens": 128,
    "dtype": "float32",
    "model_config_dir": null,
    "data_size": 40,
    "batch_size": 20,
    "inference_time": 21.332985576998908,
    "throughput": 240.00391232253736,
    "max_memory_allocated_per_device": [
        5.234061241149902,
        5.063128471374512
    ]
}