{
    "description": "Pipeline parallel OPT-1.3B benchmark",
    "model_name": "opt-1.3b-pipeline",
    "model_size": 2.6503753662109375,
    "max_prompt_len": 64,
    "max_new_tokens": 16,
    "dtype": "float32",
    "model_config_dir": null,
    "data_size": 32,
    "batch_size": 8,
    "inference_time": 2.8744416830013506,
    "throughput": 178.12154723048505,
    "max_memory_allocated_per_device": [
        3.9519381523132324,
        3.90504789352417
    ]
}