{
    "description": "Pipeline parallel OPT-1.3B benchmark",
    "model_name": "opt-1.3b-pipeline",
    "model_size": 2.6503753662109375,
    "max_prompt_len": 48,
    "max_new_tokens": 64,
    "dtype": "float32",
    "model_config_dir": null,
    "data_size": 64,
    "batch_size": 8,
    "inference_time": 12.408535576003487,
    "throughput": 330.0953585466715,
    "max_memory_allocated_per_device": [
        4.590613842010498,
        4.462597370147705
    ]
}