{
    "description": "Pipeline parallel OPT-1.3B benchmark",
    "model_name": "opt-1.3b-pipeline",
    "model_size": 2.6503753662109375,
    "max_prompt_len": 64,
    "max_new_tokens": 16,
    "dtype": "float32",
    "model_config_dir": null,
    "data_size": 64,
    "batch_size": 64,
    "inference_time": 5.74897866199899,
    "throughput": 178.11859465902813,
    "max_memory_allocated_per_device": [
        5.393574237823486,
        5.205997943878174
    ]
}