{
    "description": "Pipeline parallel OPT-1.3B benchmark",
    "model_name": "opt-1.3b-pipeline",
    "model_size": 2.6503753662109375,
    "max_prompt_len": 112,
    "max_new_tokens": 64,
    "dtype": "float32",
    "model_config_dir": null,
    "data_size": 16,
    "batch_size": 2,
    "inference_time": 9.482840071999817,
    "throughput": 107.98452702198222,
    "max_memory_allocated_per_device": [
        3.8568778038024902,
        3.8146262168884277
    ]
}