{
    "description": "Pipeline parallel OPT-6.7B benchmark",
    "model_name": "opt-6.7b",
    "model_size": 3.0248794555664062,
    "max_prompt_len": 256,
    "max_new_tokens": 256,
    "dtype": "float16",
    "model_config_dir": null,
    "data_size": 48,
    "batch_size": 48,
    "inference_time": 46.50614459600001,
    "throughput": 264.22314958047264,
    "max_memory_allocated_per_device": [
        6.50191068649292,
        7.60219144821167,
        7.60219144821167,
        6.111683368682861
    ]
}