{
    "description": "Pipeline parallel OPT-6.7B benchmark",
    "model_name": "opt-6.7b",
    "model_size": 3.3758926391601562,
    "max_prompt_len": 512,
    "max_new_tokens": 256,
    "dtype": "float16",
    "model_config_dir": null,
    "data_size": 32,
    "batch_size": 32,
    "inference_time": 51.303524859999015,
    "throughput": 159.6771376305031,
    "max_memory_allocated_per_device": [
        7.062604904174805,
        7.913618087768555,
        7.913618087768555,
        6.710186958312988
    ]
}