{
    "description": "Pipeline parallel OPT-1.3B benchmark",
    "model_name": "opt-1.3b-pipeline",
    "model_size": 2.6347503662109375,
    "max_prompt_len": 48,
    "max_new_tokens": 16,
    "dtype": "float32",
    "model_config_dir": null,
    "data_size": 48,
    "batch_size": 6,
    "inference_time": 3.958442378003383,
    "throughput": 194.0157078621857,
    "max_memory_allocated_per_device": [
        4.057423114776611,
        4.005704402923584
    ]
}