{
    "description": "Pipeline parallel OPT-1.3B benchmark",
    "model_name": "opt-1.3b-pipeline",
    "model_size": 2.6503753662109375,
    "max_prompt_len": 16,
    "max_new_tokens": 48,
    "dtype": "float32",
    "model_config_dir": null,
    "data_size": 8,
    "batch_size": 2,
    "inference_time": 3.279153542000131,
    "throughput": 117.10339118972084,
    "max_memory_allocated_per_device": [
        3.2622523307800293,
        3.206418037414551
    ]
}