{
    "description": "Pipeline parallel OPT-1.3B benchmark",
    "model_name": "opt-1.3b-pipeline",
    "model_size": 2.6347503662109375,
    "max_prompt_len": 128,
    "max_new_tokens": 48,
    "dtype": "float32",
    "model_config_dir": null,
    "data_size": 64,
    "batch_size": 32,
    "inference_time": 13.629857731999437,
    "throughput": 225.38753231354175,
    "max_memory_allocated_per_device": [
        6.312103748321533,
        5.9551873207092285
    ]
}