{
    "description": "Pipeline parallel OPT-1.3B benchmark",
    "model_name": "opt-1.3b-pipeline",
    "model_size": 2.6347503662109375,
    "max_prompt_len": 32,
    "max_new_tokens": 96,
    "dtype": "float32",
    "model_config_dir": null,
    "data_size": 32,
    "batch_size": 16,
    "inference_time": 8.964038775000517,
    "throughput": 342.70266752609206,
    "max_memory_allocated_per_device": [
        3.9914751052856445,
        3.9140167236328125
    ]
}