{
    "description": "Pipeline parallel OPT-1.3B benchmark",
    "model_name": "opt-1.3b-pipeline",
    "model_size": 2.6347503662109375,
    "max_prompt_len": 16,
    "max_new_tokens": 80,
    "dtype": "float32",
    "model_config_dir": null,
    "data_size": 48,
    "batch_size": 12,
    "inference_time": 11.566156394001155,
    "throughput": 332.00311920316375,
    "max_memory_allocated_per_device": [
        4.082930564880371,
        3.996245861053467
    ]
}