{
    "description": "Pipeline parallel OPT-1.3B benchmark",
    "model_name": "opt-1.3b-pipeline",
    "model_size": 2.6347503662109375,
    "max_prompt_len": 80,
    "max_new_tokens": 48,
    "dtype": "float32",
    "model_config_dir": null,
    "data_size": 40,
    "batch_size": 10,
    "inference_time": 7.397444135000114,
    "throughput": 259.5491043880618,
    "max_memory_allocated_per_device": [
        4.416324138641357,
        4.349891185760498
    ]
}