{
    "description": "Pipeline parallel OPT-1.3B benchmark",
    "model_name": "opt-1.3b-pipeline",
    "model_size": 2.6503753662109375,
    "max_prompt_len": 64,
    "max_new_tokens": 128,
    "dtype": "float32",
    "model_config_dir": null,
    "data_size": 32,
    "batch_size": 8,
    "inference_time": 13.381870785997307,
    "throughput": 306.08575329288226,
    "max_memory_allocated_per_device": [
        4.390872001647949,
        4.281119346618652
    ]
}