{
    "description": "Pipeline parallel OPT-1.3B benchmark",
    "model_name": "opt-1.3b-pipeline",
    "model_size": 2.6503753662109375,
    "max_prompt_len": 112,
    "max_new_tokens": 64,
    "dtype": "float32",
    "model_config_dir": null,
    "data_size": 56,
    "batch_size": 28,
    "inference_time": 14.693402031000005,
    "throughput": 243.91900476407775,
    "max_memory_allocated_per_device": [
        5.602179050445557,
        5.490803241729736
    ]
}