{
    "description": "Pipeline parallel OPT-1.3B benchmark",
    "model_name": "opt-1.3b-pipeline",
    "model_size": 2.6347503662109375,
    "max_prompt_len": 32,
    "max_new_tokens": 16,
    "dtype": "float32",
    "model_config_dir": null,
    "data_size": 48,
    "batch_size": 12,
    "inference_time": 3.0874364049959695,
    "throughput": 248.75006291862474,
    "max_memory_allocated_per_device": [
        3.7549052238464355,
        3.7158312797546387
    ]
}