{
    "description": "Pipeline parallel OPT-1.3B benchmark",
    "model_name": "opt-1.3b-pipeline",
    "model_size": 2.6347503662109375,
    "max_prompt_len": 64,
    "max_new_tokens": 96,
    "dtype": "float32",
    "model_config_dir": null,
    "data_size": 8,
    "batch_size": 4,
    "inference_time": 4.602595197000483,
    "throughput": 166.86238244469266,
    "max_memory_allocated_per_device": [
        3.4199366569519043,
        3.384687900543213
    ]
}