{
    "description": "Pipeline parallel OPT-1.3B benchmark",
    "model_name": "opt-1.3b-pipeline",
    "model_size": 2.6503753662109375,
    "max_prompt_len": 64,
    "max_new_tokens": 16,
    "dtype": "float32",
    "model_config_dir": null,
    "data_size": 24,
    "batch_size": 12,
    "inference_time": 2.4265489210010855,
    "throughput": 158.24943675216684,
    "max_memory_allocated_per_device": [
        3.757833957672119,
        3.7187600135803223
    ]
}