{
    "description": "Pipeline parallel OPT-1.3B benchmark",
    "model_name": "opt-1.3b-pipeline",
    "model_size": 2.6503753662109375,
    "max_prompt_len": 48,
    "max_new_tokens": 32,
    "dtype": "float32",
    "model_config_dir": null,
    "data_size": 32,
    "batch_size": 32,
    "inference_time": 3.986988612999994,
    "throughput": 256.8354463469348,
    "max_memory_allocated_per_device": [
        3.769890308380127,
        3.7308154106140137
    ]
}