{
    "description": "Pipeline parallel OPT-1.3B benchmark",
    "model_name": "opt-1.3b-pipeline",
    "model_size": 2.6347503662109375,
    "max_prompt_len": 80,
    "max_new_tokens": 112,
    "dtype": "float32",
    "model_config_dir": null,
    "data_size": 56,
    "batch_size": 56,
    "inference_time": 18.795102534000762,
    "throughput": 333.7039523276775,
    "max_memory_allocated_per_device": [
        5.378380298614502,
        5.201584339141846
    ]
}