{
    "description": "Pipeline parallel OPT-6.7B benchmark",
    "model_name": "opt-6.7b",
    "model_size": 3.0248794555664062,
    "max_prompt_len": 128,
    "max_new_tokens": 128,
    "dtype": "float16",
    "model_config_dir": null,
    "data_size": 48,
    "batch_size": 12,
    "inference_time": 17.808166324999547,
    "throughput": 345.0102547265015,
    "max_memory_allocated_per_device": [
        4.837164878845215,
        5.562628746032715,
        5.562445640563965,
        4.634633541107178
    ]
}