{
    "description": "Pipeline parallel OPT-1.3B benchmark",
    "model_name": "opt-1.3b-pipeline",
    "model_size": 2.6347503662109375,
    "max_prompt_len": 48,
    "max_new_tokens": 128,
    "dtype": "float32",
    "model_config_dir": null,
    "data_size": 56,
    "batch_size": 7,
    "inference_time": 22.49975027400069,
    "throughput": 318.5813136905299,
    "max_memory_allocated_per_device": [
        5.174042701721191,
        5.000070571899414
    ]
}