{
    "description": "Pipeline parallel OPT-1.3B benchmark",
    "model_name": "opt-1.3b-pipeline",
    "model_size": 2.6503753662109375,
    "max_prompt_len": 16,
    "max_new_tokens": 112,
    "dtype": "float32",
    "model_config_dir": null,
    "data_size": 64,
    "batch_size": 64,
    "inference_time": 13.95468954199896,
    "throughput": 513.662448628951,
    "max_memory_allocated_per_device": [
        4.858497619628906,
        4.71971321105957
    ]
}