{
    "description": "Pipeline parallel OPT-1.3B benchmark",
    "model_name": "opt-1.3b-pipeline",
    "model_size": 2.6347503662109375,
    "max_prompt_len": 48,
    "max_new_tokens": 64,
    "dtype": "float32",
    "model_config_dir": null,
    "data_size": 32,
    "batch_size": 32,
    "inference_time": 6.8413028989998566,
    "throughput": 299.35818224031584,
    "max_memory_allocated_per_device": [
        3.8999552726745605,
        3.83030366897583
    ]
}