{
    "description": "Pipeline parallel OPT-1.3B benchmark",
    "model_name": "opt-1.3b-pipeline",
    "model_size": 2.6347503662109375,
    "max_prompt_len": 80,
    "max_new_tokens": 96,
    "dtype": "float32",
    "model_config_dir": null,
    "data_size": 16,
    "batch_size": 2,
    "inference_time": 12.954287447999377,
    "throughput": 118.5707825432896,
    "max_memory_allocated_per_device": [
        3.741612434387207,
        3.681431770324707
    ]
}