{
    "description": "Pipeline parallel OPT-1.3B benchmark",
    "model_name": "opt-1.3b-pipeline",
    "model_size": 2.6347503662109375,
    "max_prompt_len": 96,
    "max_new_tokens": 32,
    "dtype": "float32",
    "model_config_dir": null,
    "data_size": 24,
    "batch_size": 6,
    "inference_time": 4.2973864739979035,
    "throughput": 178.71327250805106,
    "max_memory_allocated_per_device": [
        4.051158428192139,
        4.0003581047058105
    ]
}