{
    "description": "Pipeline parallel OPT-1.3B benchmark",
    "model_name": "opt-1.3b-pipeline",
    "model_size": 2.6347503662109375,
    "max_prompt_len": 48,
    "max_new_tokens": 96,
    "dtype": "float32",
    "model_config_dir": null,
    "data_size": 48,
    "batch_size": 24,
    "inference_time": 13.558311884997238,
    "throughput": 339.86531945019783,
    "max_memory_allocated_per_device": [
        4.556384563446045,
        4.436172962188721
    ]
}