{
    "description": "Pipeline parallel OPT-1.3B benchmark",
    "model_name": "opt-1.3b-pipeline",
    "model_size": 2.6347503662109375,
    "max_prompt_len": 16,
    "max_new_tokens": 64,
    "dtype": "float32",
    "model_config_dir": null,
    "data_size": 64,
    "batch_size": 16,
    "inference_time": 9.577006751998852,
    "throughput": 427.6910423128927,
    "max_memory_allocated_per_device": [
        4.197966575622559,
        4.106161117553711
    ]
}