{
    "description": "Pipeline parallel OPT-1.3B benchmark",
    "model_name": "opt-1.3b-pipeline",
    "model_size": 2.6347503662109375,
    "max_prompt_len": 16,
    "max_new_tokens": 48,
    "dtype": "float32",
    "model_config_dir": null,
    "data_size": 40,
    "batch_size": 40,
    "inference_time": 4.7346637769987865,
    "throughput": 405.51981944894334,
    "max_memory_allocated_per_device": [
        3.6928420066833496,
        3.6393256187438965
    ]
}