{
    "description": "Pipeline parallel OPT-1.3B benchmark",
    "model_name": "opt-1.3b-pipeline",
    "model_size": 2.6503753662109375,
    "max_prompt_len": 112,
    "max_new_tokens": 96,
    "dtype": "float32",
    "model_config_dir": null,
    "data_size": 24,
    "batch_size": 3,
    "inference_time": 15.097619255997415,
    "throughput": 152.60684224002756,
    "max_memory_allocated_per_device": [
        4.1974310874938965,
        4.140767574310303
    ]
}