{
    "description": "Pipeline parallel OPT-1.3B benchmark",
    "model_name": "opt-1.3b-pipeline",
    "model_size": 2.6347503662109375,
    "max_prompt_len": 80,
    "max_new_tokens": 64,
    "dtype": "float32",
    "model_config_dir": null,
    "data_size": 16,
    "batch_size": 2,
    "inference_time": 9.02245208900058,
    "throughput": 113.49464534684259,
    "max_memory_allocated_per_device": [
        3.653073787689209,
        3.6197333335876465
    ]
}