{
    "description": "Pipeline parallel OPT-1.3B benchmark",
    "model_name": "opt-1.3b-pipeline",
    "model_size": 2.6503753662109375,
    "max_prompt_len": 32,
    "max_new_tokens": 112,
    "dtype": "float32",
    "model_config_dir": null,
    "data_size": 64,
    "batch_size": 64,
    "inference_time": 15.457845375000034,
    "throughput": 463.71275078173596,
    "max_memory_allocated_per_device": [
        5.068966865539551,
        4.914083480834961
    ]
}