{
    "description": "Pipeline parallel OPT-1.3B benchmark",
    "model_name": "opt-1.3b-pipeline",
    "model_size": 2.6503753662109375,
    "max_prompt_len": 48,
    "max_new_tokens": 48,
    "dtype": "float32",
    "model_config_dir": null,
    "data_size": 56,
    "batch_size": 28,
    "inference_time": 8.031687381000665,
    "throughput": 334.6743806735544,
    "max_memory_allocated_per_device": [
        4.25197696685791,
        4.155492782592773
    ]
}