{
    "description": "Pipeline parallel OPT-1.3B benchmark",
    "model_name": "opt-1.3b-pipeline",
    "model_size": 2.6347503662109375,
    "max_prompt_len": 48,
    "max_new_tokens": 16,
    "dtype": "float32",
    "model_config_dir": null,
    "data_size": 48,
    "batch_size": 24,
    "inference_time": 3.728522418998182,
    "throughput": 205.97971895965003,
    "max_memory_allocated_per_device": [
        4.0555500984191895,
        4.004751682281494
    ]
}