{
    "description": "Pipeline parallel OPT-1.3B benchmark",
    "model_name": "opt-1.3b",
    "model_size": 2.6503753662109375,
    "dtype": "float32",
    "max_prompt_len": 192,
    "max_new_tokens": 1,
    "model_config_dir": null,
    "data_size": 24,
    "batch_size": 3,
    "inference_time": 3.0571892329999173,
    "throughput": 7.850348202505478,
    "max_memory_allocated_per_device": [
        4.763585567474365,
        4.605222225189209
    ]
}