{
    "description": "Pipeline parallel OPT-1.3B benchmark",
    "model_name": "opt-1.3b-pipeline",
    "model_size": 2.6347503662109375,
    "max_prompt_len": 32,
    "max_new_tokens": 80,
    "dtype": "float32",
    "model_config_dir": null,
    "data_size": 40,
    "batch_size": 20,
    "inference_time": 9.898070603998349,
    "throughput": 323.2953297693545,
    "max_memory_allocated_per_device": [
        4.078963756561279,
        3.9944305419921875
    ]
}