{
    "description": "Pipeline parallel OPT-1.3B benchmark",
    "model_name": "opt-1.3b-pipeline",
    "model_size": 2.6503753662109375,
    "max_prompt_len": 96,
    "max_new_tokens": 128,
    "dtype": "float32",
    "model_config_dir": null,
    "data_size": 24,
    "batch_size": 24,
    "inference_time": 13.508272058999864,
    "throughput": 227.41620738629445,
    "max_memory_allocated_per_device": [
        4.2680230140686035,
        4.171510219573975
    ]
}