{
    "description": "Pipeline parallel OPT-1.3B benchmark",
    "model_name": "opt-1.3b-pipeline",
    "model_size": 2.6347503662109375,
    "max_prompt_len": 64,
    "max_new_tokens": 112,
    "dtype": "float32",
    "model_config_dir": null,
    "data_size": 64,
    "batch_size": 32,
    "inference_time": 19.334736295997573,
    "throughput": 370.73171778835314,
    "max_memory_allocated_per_device": [
        5.440196990966797,
        5.25465202331543
    ]
}