{
    "description": "Pipeline parallel OPT-1.3B benchmark",
    "model_name": "opt-1.3b-pipeline",
    "model_size": 2.6503753662109375,
    "max_prompt_len": 64,
    "max_new_tokens": 64,
    "dtype": "float32",
    "model_config_dir": null,
    "data_size": 64,
    "batch_size": 64,
    "inference_time": 11.528760904999217,
    "throughput": 355.2853627334618,
    "max_memory_allocated_per_device": [
        4.853615760803223,
        4.715341567993164
    ]
}