{
    "description": "Pipeline parallel OPT-1.3B benchmark",
    "model_name": "opt-1.3b-pipeline",
    "model_size": 2.6347503662109375,
    "max_prompt_len": 32,
    "max_new_tokens": 128,
    "dtype": "float32",
    "model_config_dir": null,
    "data_size": 32,
    "batch_size": 16,
    "inference_time": 12.022368664998794,
    "throughput": 340.6982529095826,
    "max_memory_allocated_per_device": [
        4.2027387619018555,
        4.107884407043457
    ]
}