{
    "description": "Pipeline parallel OPT-1.3B benchmark",
    "model_name": "opt-1.3b-pipeline",
    "model_size": 2.6503753662109375,
    "max_prompt_len": 48,
    "max_new_tokens": 128,
    "dtype": "float32",
    "model_config_dir": null,
    "data_size": 24,
    "batch_size": 3,
    "inference_time": 17.66017193099833,
    "throughput": 173.95074136327162,
    "max_memory_allocated_per_device": [
        4.0028252601623535,
        3.9203295707702637
    ]
}