{
    "description": "Pipeline parallel OPT-1.3B benchmark",
    "model_name": "opt-1.3b-pipeline",
    "model_size": 2.6347503662109375,
    "max_prompt_len": 80,
    "max_new_tokens": 112,
    "dtype": "float32",
    "model_config_dir": null,
    "data_size": 16,
    "batch_size": 2,
    "inference_time": 14.400696859000163,
    "throughput": 124.43842249759142,
    "max_memory_allocated_per_device": [
        3.7785911560058594,
        3.714177131652832
    ]
}