{
    "description": "Pipeline parallel OPT-1.3B benchmark",
    "model_name": "opt-1.3b-pipeline",
    "model_size": 2.6503753662109375,
    "max_prompt_len": 80,
    "max_new_tokens": 96,
    "dtype": "float32",
    "model_config_dir": null,
    "data_size": 56,
    "batch_size": 14,
    "inference_time": 17.061649504001252,
    "throughput": 315.0926291587009,
    "max_memory_allocated_per_device": [
        5.166295051574707,
        4.9997382164001465
    ]
}