{
    "description": "Pipeline parallel OPT-1.3B benchmark",
    "model_name": "opt-1.3b-pipeline",
    "model_size": 2.6347503662109375,
    "max_prompt_len": 80,
    "max_new_tokens": 16,
    "dtype": "float32",
    "model_config_dir": null,
    "data_size": 48,
    "batch_size": 24,
    "inference_time": 4.893317753005249,
    "throughput": 156.94872860613435,
    "max_memory_allocated_per_device": [
        4.66746187210083,
        4.591261386871338
    ]
}