{
    "description": "Pipeline parallel OPT-1.3B benchmark",
    "model_name": "opt-1.3b-pipeline",
    "model_size": 2.6503753662109375,
    "max_prompt_len": 32,
    "max_new_tokens": 80,
    "dtype": "float32",
    "model_config_dir": null,
    "data_size": 64,
    "batch_size": 32,
    "inference_time": 11.82991545299592,
    "throughput": 432.8010644153304,
    "max_memory_allocated_per_device": [
        4.615809440612793,
        4.490644454956055
    ]
}