{
    "description": "Pipeline parallel OPT-1.3B benchmark",
    "model_name": "opt-1.3b-pipeline",
    "model_size": 2.6503753662109375,
    "max_prompt_len": 16,
    "max_new_tokens": 112,
    "dtype": "float32",
    "model_config_dir": null,
    "data_size": 24,
    "batch_size": 24,
    "inference_time": 9.012397036000038,
    "throughput": 298.25583463120614,
    "max_memory_allocated_per_device": [
        3.7960562705993652,
        3.734179973602295
    ]
}