{
    "description": "Pipeline parallel OPT-1.3B benchmark",
    "model_name": "opt-1.3b-pipeline",
    "model_size": 2.6503753662109375,
    "max_prompt_len": 64,
    "max_new_tokens": 48,
    "dtype": "float32",
    "model_config_dir": null,
    "data_size": 32,
    "batch_size": 32,
    "inference_time": 6.263994469001773,
    "throughput": 245.2109444861589,
    "max_memory_allocated_per_device": [
        3.971266269683838,
        3.924375057220459
    ]
}