{
    "description": "Pipeline parallel OPT-1.3B benchmark",
    "model_name": "opt-1.3b-pipeline",
    "model_size": 2.6347503662109375,
    "max_prompt_len": 64,
    "max_new_tokens": 64,
    "dtype": "float32",
    "model_config_dir": null,
    "data_size": 56,
    "batch_size": 14,
    "inference_time": 11.375776611996116,
    "throughput": 315.0554131153172,
    "max_memory_allocated_per_device": [
        4.600249290466309,
        4.477580547332764
    ]
}