{
    "description": "Pipeline parallel OPT-1.3B benchmark",
    "model_name": "opt-1.3b-pipeline",
    "model_size": 2.6503753662109375,
    "max_prompt_len": 48,
    "max_new_tokens": 64,
    "dtype": "float32",
    "model_config_dir": null,
    "data_size": 48,
    "batch_size": 12,
    "inference_time": 10.6823117189997,
    "throughput": 287.5782022477495,
    "max_memory_allocated_per_device": [
        4.237366676330566,
        4.138227939605713
    ]
}