{
    "description": "Pipeline parallel OPT-1.3B benchmark",
    "model_name": "opt-1.3b-pipeline",
    "model_size": 2.6503753662109375,
    "max_prompt_len": 112,
    "max_new_tokens": 96,
    "dtype": "float32",
    "model_config_dir": null,
    "data_size": 40,
    "batch_size": 20,
    "inference_time": 16.10977290000301,
    "throughput": 238.36462648081667,
    "max_memory_allocated_per_device": [
        4.910243511199951,
        4.8257365226745605
    ]
}