{
    "description": "Pipeline parallel OPT-1.3B benchmark",
    "model_name": "opt-1.3b-pipeline",
    "model_size": 2.6347503662109375,
    "max_prompt_len": 16,
    "max_new_tokens": 32,
    "dtype": "float32",
    "model_config_dir": null,
    "data_size": 8,
    "batch_size": 2,
    "inference_time": 2.22994847299924,
    "throughput": 114.80085889862947,
    "max_memory_allocated_per_device": [
        3.2234034538269043,
        3.167107582092285
    ]
}