{
    "description": "Pipeline parallel OPT-1.3B benchmark",
    "model_name": "opt-1.3b-pipeline",
    "model_size": 2.6503753662109375,
    "max_prompt_len": 16,
    "max_new_tokens": 80,
    "dtype": "float32",
    "model_config_dir": null,
    "data_size": 40,
    "batch_size": 10,
    "inference_time": 8.434035161000793,
    "throughput": 379.415065139506,
    "max_memory_allocated_per_device": [
        3.929807662963867,
        3.8547916412353516
    ]
}