{
    "description": "Pipeline parallel OPT-1.3B benchmark",
    "model_name": "opt-1.3b-pipeline",
    "model_size": 2.6347503662109375,
    "max_prompt_len": 16,
    "max_new_tokens": 16,
    "dtype": "float32",
    "model_config_dir": null,
    "data_size": 16,
    "batch_size": 4,
    "inference_time": 1.2779914179991465,
    "throughput": 200.3143341923216,
    "max_memory_allocated_per_device": [
        2.9594626426696777,
        2.8728861808776855
    ]
}