{
    "description": "Pipeline parallel OPT-1.3B benchmark",
    "model_name": "opt-1.3b-pipeline",
    "model_size": 2.6347503662109375,
    "max_prompt_len": 32,
    "max_new_tokens": 112,
    "dtype": "float32",
    "model_config_dir": null,
    "data_size": 8,
    "batch_size": 1,
    "inference_time": 14.600419526001133,
    "throughput": 61.368099622367694,
    "max_memory_allocated_per_device": [
        3.497450828552246,
        3.4638142585754395
    ]
}