{
    "description": "Pipeline parallel OPT-1.3B benchmark",
    "model_name": "opt-1.3b-pipeline",
    "model_size": 2.6503753662109375,
    "max_prompt_len": 96,
    "max_new_tokens": 96,
    "dtype": "float32",
    "model_config_dir": null,
    "data_size": 16,
    "batch_size": 8,
    "inference_time": 6.277134797001054,
    "throughput": 244.6976287228745,
    "max_memory_allocated_per_device": [
        3.781383514404297,
        3.7199668884277344
    ]
}