{
    "description": "Pipeline parallel OPT-1.3B benchmark",
    "model_name": "opt-1.3b-pipeline",
    "model_size": 2.6347503662109375,
    "max_prompt_len": 64,
    "max_new_tokens": 96,
    "dtype": "float32",
    "model_config_dir": null,
    "data_size": 32,
    "batch_size": 32,
    "inference_time": 10.747292302003189,
    "throughput": 285.83943877914345,
    "max_memory_allocated_per_device": [
        4.216196537017822,
        4.124293804168701
    ]
}