{
    "description": "Pipeline parallel OPT-1.3B benchmark",
    "model_name": "opt-1.3b-pipeline",
    "model_size": 2.6503753662109375,
    "max_prompt_len": 64,
    "max_new_tokens": 80,
    "dtype": "float32",
    "model_config_dir": null,
    "data_size": 56,
    "batch_size": 56,
    "inference_time": 13.031022375995235,
    "throughput": 343.7949740806767,
    "max_memory_allocated_per_device": [
        4.821137428283691,
        4.683503150939941
    ]
}