{
    "description": "Pipeline parallel OPT-1.3B benchmark",
    "model_name": "opt-1.3b-pipeline",
    "model_size": 2.6503753662109375,
    "max_prompt_len": 64,
    "max_new_tokens": 16,
    "dtype": "float32",
    "model_config_dir": null,
    "data_size": 24,
    "batch_size": 6,
    "inference_time": 2.2698656959983055,
    "throughput": 169.17300467467246,
    "max_memory_allocated_per_device": [
        3.7549052238464355,
        3.7158312797546387
    ]
}