{
    "description": "Pipeline parallel OPT-1.3B benchmark",
    "model_name": "opt-1.3b-pipeline",
    "model_size": 2.6503753662109375,
    "max_prompt_len": 64,
    "max_new_tokens": 64,
    "dtype": "float32",
    "model_config_dir": null,
    "data_size": 16,
    "batch_size": 4,
    "inference_time": 5.4371359379983915,
    "throughput": 188.33444881221268,
    "max_memory_allocated_per_device": [
        3.5719966888427734,
        3.5273470878601074
    ]
}