{
    "description": "Pipeline parallel OPT-1.3B benchmark",
    "model_name": "opt-1.3b-pipeline",
    "model_size": 2.6347503662109375,
    "max_prompt_len": 64,
    "max_new_tokens": 128,
    "dtype": "float32",
    "model_config_dir": null,
    "data_size": 40,
    "batch_size": 10,
    "inference_time": 15.758767356004682,
    "throughput": 324.8985078803824,
    "max_memory_allocated_per_device": [
        4.6968607902526855,
        4.5641560554504395
    ]
}