{
    "description": "Pipeline parallel OPT-1.3B benchmark",
    "model_name": "opt-1.3b-pipeline",
    "model_size": 2.6503753662109375,
    "max_prompt_len": 32,
    "max_new_tokens": 64,
    "dtype": "float32",
    "model_config_dir": null,
    "data_size": 16,
    "batch_size": 8,
    "inference_time": 3.5378654550004285,
    "throughput": 289.44006294888226,
    "max_memory_allocated_per_device": [
        3.47048282623291,
        3.4315404891967773
    ]
}