{
    "description": "Pipeline parallel OPT-1.3B benchmark",
    "model_name": "opt-1.3b-pipeline",
    "model_size": 2.6503753662109375,
    "max_prompt_len": 80,
    "max_new_tokens": 128,
    "dtype": "float32",
    "model_config_dir": null,
    "data_size": 24,
    "batch_size": 3,
    "inference_time": 18.180886247999297,
    "throughput": 168.96866071850903,
    "max_memory_allocated_per_device": [
        4.173312664031982,
        4.081004619598389
    ]
}