{
    "description": "Pipeline parallel OPT-6.7B benchmark",
    "model_name": "opt-6.7b",
    "model_size": 3.0248794555664062,
    "max_prompt_len": 384,
    "max_new_tokens": 256,
    "dtype": "float16",
    "model_config_dir": null,
    "data_size": 32,
    "batch_size": 32,
    "inference_time": 42.91718427700016,
    "throughput": 190.87925123713654,
    "max_memory_allocated_per_device": [
        6.124463081359863,
        6.942276477813721,
        6.942276477813721,
        5.856793403625488
    ]
}