{
    "description": "Pipeline parallel OPT-1.3B benchmark",
    "model_name": "opt-1.3b-pipeline",
    "model_size": 2.6347503662109375,
    "max_prompt_len": 64,
    "max_new_tokens": 112,
    "dtype": "float32",
    "model_config_dir": null,
    "data_size": 24,
    "batch_size": 12,
    "inference_time": 10.77023548699799,
    "throughput": 249.57671568509332,
    "max_memory_allocated_per_device": [
        4.013923645019531,
        3.933378219604492
    ]
}