{
    "description": "Pipeline parallel OPT-6.7B benchmark",
    "model_name": "opt-6.7b",
    "model_size": 3.0092544555664062,
    "max_prompt_len": 384,
    "max_new_tokens": 384,
    "dtype": "float16",
    "model_config_dir": null,
    "data_size": 32,
    "batch_size": 16,
    "inference_time": 55.2541110709999,
    "throughput": 222.3906920556605,
    "max_memory_allocated_per_device": [
        6.408288955688477,
        7.508935928344727,
        7.509057998657227,
        6.017696380615234
    ]
}