{
    "description": "Pipeline parallel OPT-1.3B benchmark",
    "model_name": "opt-1.3b-pipeline",
    "model_size": 2.6347503662109375,
    "max_prompt_len": 32,
    "max_new_tokens": 112,
    "dtype": "float32",
    "model_config_dir": null,
    "data_size": 48,
    "batch_size": 12,
    "inference_time": 17.038538364999113,
    "throughput": 315.52002201336006,
    "max_memory_allocated_per_device": [
        4.574174404144287,
        4.455881595611572
    ]
}