{
    "description": "Pipeline parallel OPT-1.3B benchmark",
    "model_name": "opt-1.3b-pipeline",
    "model_size": 2.6503753662109375,
    "max_prompt_len": 112,
    "max_new_tokens": 32,
    "dtype": "float32",
    "model_config_dir": null,
    "data_size": 64,
    "batch_size": 16,
    "inference_time": 10.313207725004759,
    "throughput": 198.58031124831774,
    "max_memory_allocated_per_device": [
        5.937648296356201,
        5.812594890594482
    ]
}