{
    "description": "Pipeline parallel OPT-1.3B benchmark",
    "model_name": "opt-1.3b-pipeline",
    "model_size": 2.6503753662109375,
    "max_prompt_len": 80,
    "max_new_tokens": 48,
    "dtype": "float32",
    "model_config_dir": null,
    "data_size": 56,
    "batch_size": 14,
    "inference_time": 9.856891629999154,
    "throughput": 272.7026024937874,
    "max_memory_allocated_per_device": [
        4.908186435699463,
        4.826120853424072
    ]
}