{
    "description": "Pipeline parallel OPT-1.3B benchmark",
    "model_name": "opt-1.3b-pipeline",
    "model_size": 2.6503753662109375,
    "max_prompt_len": 64,
    "max_new_tokens": 64,
    "dtype": "float32",
    "model_config_dir": null,
    "data_size": 48,
    "batch_size": 48,
    "inference_time": 9.897486251000373,
    "throughput": 310.381840610236,
    "max_memory_allocated_per_device": [
        4.429043292999268,
        4.32214879989624
    ]
}