{
    "description": "Pipeline parallel OPT-1.3B benchmark",
    "model_name": "opt-1.3b-pipeline",
    "model_size": 2.6347503662109375,
    "max_prompt_len": 128,
    "max_new_tokens": 16,
    "dtype": "float32",
    "model_config_dir": null,
    "data_size": 40,
    "batch_size": 40,
    "inference_time": 7.005269800996757,
    "throughput": 91.35979315299697,
    "max_memory_allocated_per_device": [
        5.1815361976623535,
        5.087747097015381
    ]
}