{
    "description": "Pipeline parallel OPT-1.3B benchmark",
    "model_name": "opt-1.3b-pipeline",
    "model_size": 2.6503753662109375,
    "max_prompt_len": 16,
    "max_new_tokens": 80,
    "dtype": "float32",
    "model_config_dir": null,
    "data_size": 16,
    "batch_size": 8,
    "inference_time": 4.0553064349987835,
    "throughput": 315.6358269138751,
    "max_memory_allocated_per_device": [
        3.4702320098876953,
        3.4155139923095703
    ]
}