{
    "description": "Pipeline parallel OPT-1.3B benchmark",
    "model_name": "opt-1.3b-pipeline",
    "model_size": 2.6347503662109375,
    "max_prompt_len": 16,
    "max_new_tokens": 112,
    "dtype": "float32",
    "model_config_dir": null,
    "data_size": 16,
    "batch_size": 16,
    "inference_time": 6.2036685299972305,
    "throughput": 288.86133927610086,
    "max_memory_allocated_per_device": [
        3.5827927589416504,
        3.535510540008545
    ]
}