{
    "description": "Pipeline parallel OPT-1.3B benchmark",
    "model_name": "opt-1.3b-pipeline",
    "model_size": 2.6503753662109375,
    "max_prompt_len": 80,
    "max_new_tokens": 16,
    "dtype": "float32",
    "model_config_dir": null,
    "data_size": 8,
    "batch_size": 1,
    "inference_time": 2.5761193799989996,
    "throughput": 49.68713833442366,
    "max_memory_allocated_per_device": [
        3.4063029289245605,
        3.3809046745300293
    ]
}