{
    "description": "Pipeline parallel OPT-1.3B benchmark",
    "model_name": "opt-1.3b-pipeline",
    "model_size": 2.6347503662109375,
    "max_prompt_len": 48,
    "max_new_tokens": 64,
    "dtype": "float32",
    "model_config_dir": null,
    "data_size": 64,
    "batch_size": 16,
    "inference_time": 11.578095940996718,
    "throughput": 353.7714681994067,
    "max_memory_allocated_per_device": [
        4.598113059997559,
        4.475152969360352
    ]
}