{
    "description": "Pipeline parallel OPT-1.3B benchmark",
    "model_name": "opt-1.3b-pipeline",
    "model_size": 2.6503753662109375,
    "max_prompt_len": 32,
    "max_new_tokens": 112,
    "dtype": "float32",
    "model_config_dir": null,
    "data_size": 16,
    "batch_size": 8,
    "inference_time": 6.117128144000162,
    "throughput": 292.94792553228433,
    "max_memory_allocated_per_device": [
        3.625558376312256,
        3.574927806854248
    ]
}