{
    "description": "Pipeline parallel OPT-1.3B benchmark",
    "model_name": "opt-1.3b-pipeline",
    "model_size": 2.6503753662109375,
    "max_prompt_len": 64,
    "max_new_tokens": 96,
    "dtype": "float32",
    "model_config_dir": null,
    "data_size": 48,
    "batch_size": 48,
    "inference_time": 13.410900449998735,
    "throughput": 343.60108906784365,
    "max_memory_allocated_per_device": [
        4.744787693023682,
        4.612960338592529
    ]
}