{
    "description": "Pipeline parallel OPT-1.3B benchmark",
    "model_name": "opt-1.3b-pipeline",
    "model_size": 2.6503753662109375,
    "max_prompt_len": 64,
    "max_new_tokens": 128,
    "dtype": "float32",
    "model_config_dir": null,
    "data_size": 32,
    "batch_size": 16,
    "inference_time": 13.356649985998956,
    "throughput": 306.6637221379322,
    "max_memory_allocated_per_device": [
        4.404254913330078,
        4.296142578125
    ]
}