{
    "description": "Pipeline parallel OPT-1.3B benchmark",
    "model_name": "opt-1.3b-pipeline",
    "model_size": 2.6503753662109375,
    "max_prompt_len": 112,
    "max_new_tokens": 16,
    "dtype": "float32",
    "model_config_dir": null,
    "data_size": 48,
    "batch_size": 24,
    "inference_time": 6.490568542001711,
    "throughput": 118.32553574161109,
    "max_memory_allocated_per_device": [
        5.266708850860596,
        5.16705846786499
    ]
}