{
    "description": "Pipeline parallel OPT-1.3B benchmark",
    "model_name": "opt-1.3b-pipeline",
    "model_size": 2.6503753662109375,
    "max_prompt_len": 48,
    "max_new_tokens": 80,
    "dtype": "float32",
    "model_config_dir": null,
    "data_size": 64,
    "batch_size": 16,
    "inference_time": 14.094138501000998,
    "throughput": 363.2715826963362,
    "max_memory_allocated_per_device": [
        4.803093910217285,
        4.665301322937012
    ]
}