{
    "description": "Pipeline parallel OPT-1.3B benchmark",
    "model_name": "opt-1.3b-pipeline",
    "model_size": 2.6503753662109375,
    "max_prompt_len": 16,
    "max_new_tokens": 32,
    "dtype": "float32",
    "model_config_dir": null,
    "data_size": 16,
    "batch_size": 16,
    "inference_time": 1.8079780410007515,
    "throughput": 283.18928017322486,
    "max_memory_allocated_per_device": [
        3.276963710784912,
        3.1866002082824707
    ]
}