{
    "description": "Pipeline parallel OPT-1.3B benchmark",
    "model_name": "opt-1.3b-pipeline",
    "model_size": 2.6503753662109375,
    "max_prompt_len": 112,
    "max_new_tokens": 80,
    "dtype": "float32",
    "model_config_dir": null,
    "data_size": 40,
    "batch_size": 10,
    "inference_time": 12.222157633004826,
    "throughput": 261.8195654226133,
    "max_memory_allocated_per_device": [
        4.907210826873779,
        4.822215557098389
    ]
}