{
    "description": "Pipeline parallel OPT-1.3B benchmark",
    "model_name": "opt-1.3b-pipeline",
    "model_size": 2.6347503662109375,
    "max_prompt_len": 80,
    "max_new_tokens": 32,
    "dtype": "float32",
    "model_config_dir": null,
    "data_size": 24,
    "batch_size": 24,
    "inference_time": 4.314542301999609,
    "throughput": 178.00265850773195,
    "max_memory_allocated_per_device": [
        3.9269638061523438,
        3.8812341690063477
    ]
}