{
    "description": "Pipeline parallel OPT-1.3B benchmark",
    "model_name": "opt-1.3b-pipeline",
    "model_size": 2.6347503662109375,
    "max_prompt_len": 48,
    "max_new_tokens": 80,
    "dtype": "float32",
    "model_config_dir": null,
    "data_size": 16,
    "batch_size": 4,
    "inference_time": 6.5751845730010245,
    "throughput": 194.67134128157053,
    "max_memory_allocated_per_device": [
        3.5714173316955566,
        3.524294376373291
    ]
}