{
    "description": "Pipeline parallel OPT-1.3B benchmark",
    "model_name": "opt-1.3b-pipeline",
    "model_size": 2.6347503662109375,
    "max_prompt_len": 64,
    "max_new_tokens": 16,
    "dtype": "float32",
    "model_config_dir": null,
    "data_size": 16,
    "batch_size": 4,
    "inference_time": 1.9294838210007583,
    "throughput": 132.67797180451163,
    "max_memory_allocated_per_device": [
        3.5586047172546387,
        3.5273470878601074
    ]
}