{
    "description": "Pipeline parallel OPT-1.3B benchmark",
    "model_name": "opt-1.3b-pipeline",
    "model_size": 2.6503753662109375,
    "max_prompt_len": 80,
    "max_new_tokens": 96,
    "dtype": "float32",
    "model_config_dir": null,
    "data_size": 24,
    "batch_size": 12,
    "inference_time": 9.77623519899862,
    "throughput": 235.67354437585533,
    "max_memory_allocated_per_device": [
        4.0124945640563965,
        3.932769298553467
    ]
}