{
    "description": "Pipeline parallel OPT-1.3B benchmark",
    "model_name": "opt-1.3b-pipeline",
    "model_size": 2.6347503662109375,
    "max_prompt_len": 32,
    "max_new_tokens": 128,
    "dtype": "float32",
    "model_config_dir": null,
    "data_size": 48,
    "batch_size": 12,
    "inference_time": 19.520829918001255,
    "throughput": 314.7407167527377,
    "max_memory_allocated_per_device": [
        4.697317600250244,
        4.564262866973877
    ]
}