{
    "description": "Pipeline parallel OPT-1.3B benchmark",
    "model_name": "opt-1.3b-pipeline",
    "model_size": 2.6347503662109375,
    "max_prompt_len": 80,
    "max_new_tokens": 128,
    "dtype": "float32",
    "model_config_dir": null,
    "data_size": 48,
    "batch_size": 24,
    "inference_time": 19.990614063994144,
    "throughput": 307.3442356663867,
    "max_memory_allocated_per_device": [
        5.177253246307373,
        5.010112285614014
    ]
}