{
    "description": "Pipeline parallel OPT-1.3B benchmark",
    "model_name": "opt-1.3b-pipeline",
    "model_size": 2.6347503662109375,
    "max_prompt_len": 80,
    "max_new_tokens": 64,
    "dtype": "float32",
    "model_config_dir": null,
    "data_size": 32,
    "batch_size": 16,
    "inference_time": 7.772089750997111,
    "throughput": 263.5069930500036,
    "max_memory_allocated_per_device": [
        4.156294345855713,
        4.101587772369385
    ]
}