{
    "description": "Pipeline parallel OPT-1.3B benchmark",
    "model_name": "opt-1.3b-pipeline",
    "model_size": 2.6503753662109375,
    "max_prompt_len": 16,
    "max_new_tokens": 32,
    "dtype": "float32",
    "model_config_dir": null,
    "data_size": 24,
    "batch_size": 6,
    "inference_time": 2.8438615710001613,
    "throughput": 270.05533878004513,
    "max_memory_allocated_per_device": [
        3.3987550735473633,
        3.362363815307617
    ]
}