{
    "description": "Pipeline parallel OPT-1.3B benchmark",
    "model_name": "opt-1.3b-pipeline",
    "model_size": 2.6503753662109375,
    "max_prompt_len": 32,
    "max_new_tokens": 80,
    "dtype": "float32",
    "model_config_dir": null,
    "data_size": 16,
    "batch_size": 2,
    "inference_time": 10.807045852998272,
    "throughput": 118.4412481829973,
    "max_memory_allocated_per_device": [
        3.5309157371520996,
        3.486940860748291
    ]
}