{
    "description": "Pipeline parallel OPT-1.3B benchmark",
    "model_name": "opt-1.3b-pipeline",
    "model_size": 2.6347503662109375,
    "max_prompt_len": 80,
    "max_new_tokens": 96,
    "dtype": "float32",
    "model_config_dir": null,
    "data_size": 32,
    "batch_size": 32,
    "inference_time": 11.663288126001135,
    "throughput": 263.3905607760428,
    "max_memory_allocated_per_device": [
        4.320953845977783,
        4.2207465171813965
    ]
}