{
    "description": "Pipeline parallel OPT-1.3B benchmark",
    "model_name": "opt-1.3b-pipeline",
    "model_size": 2.6503753662109375,
    "max_prompt_len": 128,
    "max_new_tokens": 64,
    "dtype": "float32",
    "model_config_dir": null,
    "data_size": 64,
    "batch_size": 32,
    "inference_time": 16.08938405399931,
    "throughput": 254.5778002596603,
    "max_memory_allocated_per_device": [
        6.320038318634033,
        5.9551873207092285
    ]
}