{
    "description": "Pipeline parallel OPT-1.3B benchmark",
    "model_name": "opt-1.3b-pipeline",
    "model_size": 2.6347503662109375,
    "max_prompt_len": 80,
    "max_new_tokens": 128,
    "dtype": "float32",
    "model_config_dir": null,
    "data_size": 64,
    "batch_size": 64,
    "inference_time": 22.427248672000133,
    "throughput": 365.26994995277823,
    "max_memory_allocated_per_device": [
        5.907047271728516,
        5.689602851867676
    ]
}