{
    "description": "Pipeline parallel OPT-1.3B benchmark",
    "model_name": "opt-1.3b-pipeline",
    "model_size": 2.6503753662109375,
    "max_prompt_len": 48,
    "max_new_tokens": 48,
    "dtype": "float32",
    "model_config_dir": null,
    "data_size": 40,
    "batch_size": 20,
    "inference_time": 6.991612130001158,
    "throughput": 274.6147761488711,
    "max_memory_allocated_per_device": [
        3.939798355102539,
        3.866543769836426
    ]
}