{
    "description": "Pipeline parallel OPT-1.3B benchmark",
    "model_name": "opt-1.3b-pipeline",
    "model_size": 2.6503753662109375,
    "max_prompt_len": 32,
    "max_new_tokens": 112,
    "dtype": "float32",
    "model_config_dir": null,
    "data_size": 16,
    "batch_size": 16,
    "inference_time": 6.61180428499938,
    "throughput": 271.03040603691556,
    "max_memory_allocated_per_device": [
        3.6360249519348145,
        3.585501194000244
    ]
}