{
    "description": "Pipeline parallel OPT-1.3B benchmark",
    "model_name": "opt-1.3b-pipeline",
    "model_size": 2.6503753662109375,
    "max_prompt_len": 48,
    "max_new_tokens": 80,
    "dtype": "float32",
    "model_config_dir": null,
    "data_size": 24,
    "batch_size": 12,
    "inference_time": 7.582789486998081,
    "throughput": 253.2049720346517,
    "max_memory_allocated_per_device": [
        3.7805285453796387,
        3.718416690826416
    ]
}