{
    "description": "Pipeline parallel OPT-1.3B benchmark",
    "model_name": "opt-1.3b-pipeline",
    "model_size": 2.6347503662109375,
    "max_prompt_len": 96,
    "max_new_tokens": 112,
    "dtype": "float32",
    "model_config_dir": null,
    "data_size": 8,
    "batch_size": 8,
    "inference_time": 4.548579024998617,
    "throughput": 196.98459564529,
    "max_memory_allocated_per_device": [
        3.5024614334106445,
        3.4610023498535156
    ]
}
}