{
    "description": "Pipeline parallel OPT-1.3B benchmark",
    "model_name": "opt-1.3b-pipeline",
    "model_size": 2.6347503662109375,
    "max_prompt_len": 48,
    "max_new_tokens": 16,
    "dtype": "float32",
    "model_config_dir": null,
    "data_size": 16,
    "batch_size": 16,
    "inference_time": 1.5292306060000556,
    "throughput": 167.40444442817454,
    "max_memory_allocated_per_device": [
        3.6702218055725098,
        3.6147561073303223
    ]
}