{
    "description": "Pipeline parallel OPT-1.3B benchmark",
    "model_name": "opt-1.3b",
    "model_size": 2.6503753662109375,
    "dtype": "float32",
    "max_prompt_len": 192,
    "max_new_tokens": 1,
    "model_config_dir": null,
    "data_size": 24,
    "batch_size": 6,
    "inference_time": 3.3846366469999793,
    "throughput": 7.090864545614591,
    "max_memory_allocated_per_device": [
        4.951934337615967,
        4.611079692840576
    ]
}