{
    "description": "Pipeline parallel OPT-1.3B benchmark",
    "model_name": "opt-1.3b-pipeline",
    "model_size": 2.6503753662109375,
    "max_prompt_len": 112,
    "max_new_tokens": 128,
    "dtype": "float32",
    "model_config_dir": null,
    "data_size": 16,
    "batch_size": 16,
    "inference_time": 9.624082558999362,
    "throughput": 212.79950451847904,
    "max_memory_allocated_per_device": [
        3.9514079093933105,
        3.8769993782043457
    ]
}