{
    "description": "Pipeline parallel OPT-1.3B benchmark",
    "model_name": "opt-1.3b-pipeline",
    "model_size": 2.6347503662109375,
    "max_prompt_len": 48,
    "max_new_tokens": 32,
    "dtype": "float32",
    "model_config_dir": null,
    "data_size": 40,
    "batch_size": 5,
    "inference_time": 5.814169427998422,
    "throughput": 220.15182320558054,
    "max_memory_allocated_per_device": [
        3.9297995567321777,
        3.8699088096618652
    ]
}