{
    "description": "Pipeline parallel OPT-1.3B benchmark",
    "model_name": "opt-1.3b-pipeline",
    "model_size": 2.6347503662109375,
    "max_prompt_len": 96,
    "max_new_tokens": 32,
    "dtype": "float32",
    "model_config_dir": null,
    "data_size": 48,
    "batch_size": 48,
    "inference_time": 8.146802841001772,
    "throughput": 188.54022000747543,
    "max_memory_allocated_per_device": [
        4.982235431671143,
        4.8962626457214355
    ]
}