{
    "description": "Pipeline parallel OPT-1.3B benchmark",
    "model_name": "opt-1.3b-pipeline",
    "model_size": 2.6347503662109375,
    "max_prompt_len": 32,
    "max_new_tokens": 80,
    "dtype": "float32",
    "model_config_dir": null,
    "data_size": 8,
    "batch_size": 8,
    "inference_time": 2.727211945999443,
    "throughput": 234.67189667411745,
    "max_memory_allocated_per_device": [
        3.34444522857666,
        3.3151321411132812
    ]
}