{
    "description": "Pipeline parallel OPT-6.7B benchmark",
    "model_name": "opt-6.7b",
    "model_size": 3.0248794555664062,
    "max_prompt_len": 128,
    "max_new_tokens": 256,
    "dtype": "float16",
    "model_config_dir": null,
    "data_size": 48,
    "batch_size": 12,
    "inference_time": 35.75707288400008,
    "throughput": 343.6522905514005,
    "max_memory_allocated_per_device": [
        5.597735404968262,
        6.511224269866943,
        6.511340141296387,
        5.30075740814209
    ]
}