{
    "description": "Pipeline parallel OPT-6.7B benchmark",
    "model_name": "opt-6.7b",
    "model_size": 3.0248794555664062,
    "max_prompt_len": 512,
    "max_new_tokens": 384,
    "dtype": "float16",
    "model_config_dir": null,
    "data_size": 32,
    "batch_size": 32,
    "inference_time": 76.6262499000004,
    "throughput": 160.3628001636021,
    "max_memory_allocated_per_device": [
        7.062604904174805,
        8.255142211914062,
        8.255142211914062,
        6.710186958312988
    ]
}