{
    "description": "Pipeline parallel OPT-1.3B benchmark",
    "model_name": "opt-1.3b-pipeline",
    "model_size": 2.6503753662109375,
    "max_prompt_len": 32,
    "max_new_tokens": 80,
    "dtype": "float32",
    "model_config_dir": null,
    "data_size": 64,
    "batch_size": 16,
    "inference_time": 12.96306040599302,
    "throughput": 394.96845958018883,
    "max_memory_allocated_per_device": [
        4.599556922912598,
        4.475161552429199
    ]
}