{
    "description": "Pipeline parallel OPT-1.3B benchmark",
    "model_name": "opt-1.3b-pipeline",
    "model_size": 2.6503753662109375,
    "max_prompt_len": 16,
    "max_new_tokens": 32,
    "dtype": "float32",
    "model_config_dir": null,
    "data_size": 48,
    "batch_size": 12,
    "inference_time": 4.7381215049972525,
    "throughput": 324.1791073487658,
    "max_memory_allocated_per_device": [
        3.623600482940674,
        3.5701918601989746
    ]
}