{
    "description": "Pipeline parallel OPT-1.3B benchmark",
    "model_name": "opt-1.3b-pipeline",
    "model_size": 2.6347503662109375,
    "max_prompt_len": 32,
    "max_new_tokens": 112,
    "dtype": "float32",
    "model_config_dir": null,
    "data_size": 40,
    "batch_size": 20,
    "inference_time": 13.972750015000202,
    "throughput": 320.6240715099443,
    "max_memory_allocated_per_device": [
        4.323101043701172,
        4.220279693603516
    ]
}