{
    "description": "Pipeline parallel OPT-1.3B benchmark",
    "model_name": "opt-1.3b-pipeline",
    "model_size": 2.6503753662109375,
    "max_prompt_len": 128,
    "max_new_tokens": 32,
    "dtype": "float32",
    "model_config_dir": null,
    "data_size": 64,
    "batch_size": 64,
    "inference_time": 12.783863365000798,
    "throughput": 160.20196254654448,
    "max_memory_allocated_per_device": [
        6.112009525299072,
        5.874776363372803
    ]
}