{
    "description": "Pipeline parallel OPT-1.3B benchmark",
    "model_name": "opt-1.3b-pipeline",
    "model_size": 2.6347503662109375,
    "max_prompt_len": 96,
    "max_new_tokens": 64,
    "dtype": "float32",
    "model_config_dir": null,
    "data_size": 64,
    "batch_size": 64,
    "inference_time": 15.132222542997624,
    "throughput": 270.68066097768354,
    "max_memory_allocated_per_device": [
        5.589842319488525,
        5.4804205894470215
    ]
}