{
    "description": "Pipeline parallel OPT-1.3B benchmark",
    "model_name": "opt-1.3b-pipeline",
    "model_size": 2.6503753662109375,
    "max_prompt_len": 32,
    "max_new_tokens": 96,
    "dtype": "float32",
    "model_config_dir": null,
    "data_size": 64,
    "batch_size": 64,
    "inference_time": 12.992789800999162,
    "throughput": 472.87765707773696,
    "max_memory_allocated_per_device": [
        4.857033729553223,
        4.718255996704102
    ]
}