{
    "description": "Pipeline parallel OPT-1.3B benchmark",
    "model_name": "opt-1.3b-pipeline",
    "model_size": 2.6347503662109375,
    "max_prompt_len": 32,
    "max_new_tokens": 112,
    "dtype": "float32",
    "model_config_dir": null,
    "data_size": 56,
    "batch_size": 28,
    "inference_time": 15.832776839000871,
    "throughput": 396.1402389345996,
    "max_memory_allocated_per_device": [
        4.818989276885986,
        4.681058406829834
    ]
}