{
    "description": "Pipeline parallel OPT-6.7B benchmark",
    "model_name": "opt-6.7b",
    "model_size": 3.3758926391601562,
    "max_prompt_len": 128,
    "max_new_tokens": 384,
    "dtype": "float16",
    "model_config_dir": null,
    "data_size": 16,
    "batch_size": 4,
    "inference_time": 43.904222451999885,
    "throughput": 139.9409819116415,
    "max_memory_allocated_per_device": [
        4.328141212463379,
        4.928940773010254,
        4.928910255432129,
        4.186345100402832
    ]
}