{
    "description": "Pipeline parallel OPT-1.3B benchmark",
    "model_name": "opt-1.3b-pipeline",
    "model_size": 2.6503753662109375,
    "max_prompt_len": 32,
    "max_new_tokens": 128,
    "dtype": "float32",
    "model_config_dir": null,
    "data_size": 24,
    "batch_size": 3,
    "inference_time": 17.64390255699982,
    "throughput": 174.11114066605708,
    "max_memory_allocated_per_device": [
        3.9264588356018066,
        3.85115909576416
    ]
}