{
    "description": "Pipeline parallel OPT-1.3B benchmark",
    "model_name": "opt-1.3b-pipeline",
    "model_size": 2.6347503662109375,
    "max_prompt_len": 16,
    "max_new_tokens": 80,
    "dtype": "float32",
    "model_config_dir": null,
    "data_size": 16,
    "batch_size": 16,
    "inference_time": 4.295110565999494,
    "throughput": 298.0132828553012,
    "max_memory_allocated_per_device": [
        3.4770359992980957,
        3.4225144386291504
    ]
}