{
    "description": "Pipeline parallel OPT-1.3B benchmark",
    "model_name": "opt-1.3b-pipeline",
    "model_size": 2.6503753662109375,
    "max_prompt_len": 96,
    "max_new_tokens": 64,
    "dtype": "float32",
    "model_config_dir": null,
    "data_size": 40,
    "batch_size": 5,
    "inference_time": 12.254240769005264,
    "throughput": 208.907271226058,
    "max_memory_allocated_per_device": [
        4.684316158294678,
        4.608235836029053
    ]
}