{
    "description": "Pipeline parallel OPT-1.3B benchmark",
    "model_name": "opt-1.3b-pipeline",
    "model_size": 2.6347503662109375,
    "max_prompt_len": 80,
    "max_new_tokens": 128,
    "dtype": "float32",
    "model_config_dir": null,
    "data_size": 24,
    "batch_size": 12,
    "inference_time": 12.841877781997027,
    "throughput": 239.2173521777807,
    "max_memory_allocated_per_device": [
        4.183012008666992,
        4.0891876220703125
    ]
}