{
    "description": "Pipeline parallel OPT-1.3B benchmark",
    "model_name": "opt-1.3b-pipeline",
    "model_size": 2.6503753662109375,
    "max_prompt_len": 64,
    "max_new_tokens": 112,
    "dtype": "float32",
    "model_config_dir": null,
    "data_size": 24,
    "batch_size": 24,
    "inference_time": 10.63689334099763,
    "throughput": 252.7053636647534,
    "max_memory_allocated_per_device": [
        4.029889106750488,
        3.9493675231933594
    ]
}