{
    "description": "Pipeline parallel OPT-1.3B benchmark",
    "model_name": "opt-1.3b-pipeline",
    "model_size": 2.6503753662109375,
    "max_prompt_len": 48,
    "max_new_tokens": 128,
    "dtype": "float32",
    "model_config_dir": null,
    "data_size": 48,
    "batch_size": 12,
    "inference_time": 20.306454127996403,
    "throughput": 302.56390216001813,
    "max_memory_allocated_per_device": [
        4.850487232208252,
        4.7063679695129395
    ]
}