{
    "description": "Pipeline parallel OPT-1.3B benchmark",
    "model_name": "opt-1.3b-pipeline",
    "model_size": 2.6503753662109375,
    "max_prompt_len": 64,
    "max_new_tokens": 96,
    "dtype": "float32",
    "model_config_dir": null,
    "data_size": 32,
    "batch_size": 8,
    "inference_time": 10.047582031002094,
    "throughput": 305.7452022308709,
    "max_memory_allocated_per_device": [
        4.188854217529297,
        4.094693183898926
    ]
}