{
    "description": "Pipeline parallel OPT-1.3B benchmark",
    "model_name": "opt-1.3b-pipeline",
    "model_size": 2.6503753662109375,
    "max_prompt_len": 64,
    "max_new_tokens": 96,
    "dtype": "float32",
    "model_config_dir": null,
    "data_size": 16,
    "batch_size": 8,
    "inference_time": 5.787078393997945,
    "throughput": 265.4189031883617,
    "max_memory_allocated_per_device": [
        3.6785497665405273,
        3.623213768005371
    ]
}