{
    "description": "Pipeline parallel OPT-1.3B benchmark",
    "model_name": "opt-1.3b-pipeline",
    "model_size": 2.6347503662109375,
    "max_prompt_len": 112,
    "max_new_tokens": 128,
    "dtype": "float32",
    "model_config_dir": null,
    "data_size": 8,
    "batch_size": 4,
    "inference_time": 6.556005210000876,
    "throughput": 156.1926763630292,
    "max_memory_allocated_per_device": [
        3.5473365783691406,
        3.502347946166992
    ]
}}