{
    "description": "Pipeline parallel OPT-1.3B benchmark",
    "model_name": "opt-1.3b-pipeline",
    "model_size": 2.6503753662109375,
    "max_prompt_len": 64,
    "max_new_tokens": 112,
    "dtype": "float32",
    "model_config_dir": null,
    "data_size": 16,
    "batch_size": 8,
    "inference_time": 6.600024507002672,
    "throughput": 271.5141433336612,
    "max_memory_allocated_per_device": [
        3.727963924407959,
        3.6697001457214355
    ]
}