{
    "description": "Pipeline parallel OPT-1.3B benchmark",
    "model_name": "opt-1.3b-pipeline",
    "model_size": 2.6503753662109375,
    "max_prompt_len": 48,
    "max_new_tokens": 32,
    "dtype": "float32",
    "model_config_dir": null,
    "data_size": 8,
    "batch_size": 8,
    "inference_time": 1.3127358869987802,
    "throughput": 195.01257071997597,
    "max_memory_allocated_per_device": [
        3.3134765625,
        3.2922325134277344
    ]
}