{
    "description": "Pipeline parallel OPT-1.3B benchmark",
    "model_name": "opt-1.3b-pipeline",
    "model_size": 2.6347503662109375,
    "max_prompt_len": 96,
    "max_new_tokens": 48,
    "dtype": "float32",
    "model_config_dir": null,
    "data_size": 56,
    "batch_size": 56,
    "inference_time": 11.463872906999313,
    "throughput": 234.47573274812135,
    "max_memory_allocated_per_device": [
        5.285886287689209,
        5.1881890296936035
    ]
}