{
    "description": "Pipeline parallel OPT-1.3B benchmark",
    "model_name": "opt-1.3b-pipeline",
    "model_size": 2.6347503662109375,
    "max_prompt_len": 96,
    "max_new_tokens": 16,
    "dtype": "float32",
    "model_config_dir": null,
    "data_size": 48,
    "batch_size": 48,
    "inference_time": 6.4527639629959594,
    "throughput": 119.0187653545326,
    "max_memory_allocated_per_device": [
        5.17129373550415,
        4.996405124664307
    ]
}