{
    "description": "Pipeline parallel OPT-1.3B benchmark",
    "model_name": "opt-1.3b-pipeline",
    "model_size": 2.6347503662109375,
    "max_prompt_len": 80,
    "max_new_tokens": 112,
    "dtype": "float32",
    "model_config_dir": null,
    "data_size": 56,
    "batch_size": 14,
    "inference_time": 19.5575588349966,
    "throughput": 320.69442065421714,
    "max_memory_allocated_per_device": [
        5.311870098114014,
        5.132792949676514
    ]
}