{
    "description": "Pipeline parallel OPT-1.3B benchmark",
    "model_name": "opt-1.3b-pipeline",
    "model_size": 2.6347503662109375,
    "max_prompt_len": 128,
    "max_new_tokens": 32,
    "dtype": "float32",
    "model_config_dir": null,
    "data_size": 24,
    "batch_size": 12,
    "inference_time": 5.394175348999852,
    "throughput": 142.37579431717896,
    "max_memory_allocated_per_device": [
        4.35467004776001,
        4.292147159576416
    ]
}