{
    "description": "Pipeline parallel OPT-1.3B benchmark",
    "model_name": "opt-1.3b-pipeline",
    "model_size": 2.6503753662109375,
    "max_prompt_len": 48,
    "max_new_tokens": 64,
    "dtype": "float32",
    "model_config_dir": null,
    "data_size": 56,
    "batch_size": 7,
    "inference_time": 11.910539960001188,
    "throughput": 300.90995135703673,
    "max_memory_allocated_per_device": [
        4.414210319519043,
        4.301555633544922
    ]
}