{
    "description": "Pipeline parallel OPT-1.3B benchmark",
    "model_name": "opt-1.3b-pipeline",
    "model_size": 2.6347503662109375,
    "max_prompt_len": 32,
    "max_new_tokens": 32,
    "dtype": "float32",
    "model_config_dir": null,
    "data_size": 64,
    "batch_size": 64,
    "inference_time": 5.225811233998684,
    "throughput": 391.90087592063907,
    "max_memory_allocated_per_device": [
        4.009697914123535,
        3.932504653930664
    ]
}