{
    "description": "Pipeline parallel OPT-1.3B benchmark",
    "model_name": "opt-1.3b-pipeline",
    "model_size": 2.6503753662109375,
    "max_prompt_len": 48,
    "max_new_tokens": 128,
    "dtype": "float32",
    "model_config_dir": null,
    "data_size": 40,
    "batch_size": 10,
    "inference_time": 15.077024096997775,
    "throughput": 339.5895613789942,
    "max_memory_allocated_per_device": [
        4.580453872680664,
        4.457669258117676
    ]
}