{
    "description": "Pipeline parallel OPT-1.3B benchmark",
    "model_name": "opt-1.3b-pipeline",
    "model_size": 2.6347503662109375,
    "max_prompt_len": 32,
    "max_new_tokens": 64,
    "dtype": "float32",
    "model_config_dir": null,
    "data_size": 64,
    "batch_size": 64,
    "inference_time": 8.936568232005811,
    "throughput": 458.34149011814276,
    "max_memory_allocated_per_device": [
        4.4306793212890625,
        4.323670387268066
    ]
}