{
    "description": "Pipeline parallel OPT-6.7B benchmark",
    "model_name": "opt-6.7b",
    "model_size": 3.0092544555664062,
    "max_prompt_len": 512,
    "max_new_tokens": 128,
    "dtype": "float16",
    "model_config_dir": null,
    "data_size": 32,
    "batch_size": 32,
    "inference_time": 28.891579447999902,
    "throughput": 141.77141154128066,
    "max_memory_allocated_per_device": [
        7.062604904174805,
        7.913618087768555,
        7.913618087768555,
        6.710186958312988
    ]
}