{
    "description": "Pipeline parallel OPT-1.3B benchmark",
    "model_name": "opt-1.3b-pipeline",
    "model_size": 2.6347503662109375,
    "max_prompt_len": 48,
    "max_new_tokens": 112,
    "dtype": "float32",
    "model_config_dir": null,
    "data_size": 32,
    "batch_size": 4,
    "inference_time": 16.216034041000967,
    "throughput": 221.01581625557384,
    "max_memory_allocated_per_device": [
        4.185000419616699,
        4.090022087097168
    ]
}