{
    "description": "Pipeline parallel OPT-1.3B benchmark",
    "model_name": "opt-1.3b-pipeline",
    "model_size": 2.6347503662109375,
    "max_prompt_len": 48,
    "max_new_tokens": 80,
    "dtype": "float32",
    "model_config_dir": null,
    "data_size": 64,
    "batch_size": 8,
    "inference_time": 15.040619249004521,
    "throughput": 340.41151599119644,
    "max_memory_allocated_per_device": [
        4.791242599487305,
        4.651755332946777
    ]
}