{
    "description": "Pipeline parallel OPT-1.3B benchmark",
    "model_name": "opt-1.3b-pipeline",
    "model_size": 2.6503753662109375,
    "max_prompt_len": 96,
    "max_new_tokens": 128,
    "dtype": "float32",
    "model_config_dir": null,
    "data_size": 40,
    "batch_size": 40,
    "inference_time": 17.975872094000806,
    "throughput": 284.82623670362716,
    "max_memory_allocated_per_device": [
        5.0081353187561035,
        4.857472896575928
    ]
}