{
    "description": "Pipeline parallel OPT-1.3B benchmark",
    "model_name": "opt-1.3b-pipeline",
    "model_size": 2.6503753662109375,
    "max_prompt_len": 64,
    "max_new_tokens": 64,
    "dtype": "float32",
    "model_config_dir": null,
    "data_size": 64,
    "batch_size": 8,
    "inference_time": 13.159875356999692,
    "throughput": 311.24914855833737,
    "max_memory_allocated_per_device": [
        4.799694061279297,
        4.663625240325928
    ]
}