{
    "description": "Pipeline parallel OPT-1.3B benchmark",
    "model_name": "opt-1.3b-pipeline",
    "model_size": 2.6503753662109375,
    "max_prompt_len": 32,
    "max_new_tokens": 48,
    "dtype": "float32",
    "model_config_dir": null,
    "data_size": 24,
    "batch_size": 6,
    "inference_time": 4.345051628999499,
    "throughput": 265.1291856491155,
    "max_memory_allocated_per_device": [
        3.5455174446105957,
        3.5011401176452637
    ]
}