{
    "description": "Pipeline parallel OPT-1.3B benchmark",
    "model_name": "opt-1.3b-pipeline",
    "model_size": 2.6503753662109375,
    "max_prompt_len": 16,
    "max_new_tokens": 48,
    "dtype": "float32",
    "model_config_dir": null,
    "data_size": 16,
    "batch_size": 4,
    "inference_time": 3.501542676000099,
    "throughput": 219.33189769867545,
    "max_memory_allocated_per_device": [
        3.3686013221740723,
        3.313917636871338
    ]
}