{
    "description": "Pipeline parallel OPT-1.3B benchmark",
    "model_name": "opt-1.3b-pipeline",
    "model_size": 2.6347503662109375,
    "max_prompt_len": 16,
    "max_new_tokens": 80,
    "dtype": "float32",
    "model_config_dir": null,
    "data_size": 56,
    "batch_size": 14,
    "inference_time": 10.97534248100419,
    "throughput": 408.18771785517,
    "max_memory_allocated_per_device": [
        4.236762523651123,
        4.138675212860107
    ]
}