{
    "description": "Pipeline parallel OPT-1.3B benchmark",
    "model_name": "opt-1.3b-pipeline",
    "model_size": 2.6503753662109375,
    "max_prompt_len": 80,
    "max_new_tokens": 96,
    "dtype": "float32",
    "model_config_dir": null,
    "data_size": 40,
    "batch_size": 20,
    "inference_time": 14.440932465004153,
    "throughput": 265.91080661209196,
    "max_memory_allocated_per_device": [
        4.590880393981934,
        4.46982479095459
    ]
}