{
    "description": "Pipeline parallel OPT-6.7B benchmark",
    "model_name": "opt-6.7b",
    "model_size": 3.3758926391601562,
    "max_prompt_len": 384,
    "max_new_tokens": 512,
    "dtype": "float16",
    "model_config_dir": null,
    "data_size": 48,
    "batch_size": 48,
    "inference_time": 126.86703094099903,
    "throughput": 193.71463033157409,
    "max_memory_allocated_per_device": [
        8.89145278930664,
        10.55496597290039,
        10.55496597290039,
        8.220783233642578
    ]
}