{
    "description": "Pipeline parallel OPT-1.3B benchmark",
    "model_name": "opt-1.3b-pipeline",
    "model_size": 2.6503753662109375,
    "max_prompt_len": 96,
    "max_new_tokens": 64,
    "dtype": "float32",
    "model_config_dir": null,
    "data_size": 64,
    "batch_size": 32,
    "inference_time": 14.57744299100159,
    "throughput": 280.98206266547515,
    "max_memory_allocated_per_device": [
        5.552858829498291,
        5.4434380531311035
    ]
}