{
    "description": "Pipeline parallel OPT-1.3B benchmark",
    "model_name": "opt-1.3b-pipeline",
    "model_size": 2.6347503662109375,
    "max_prompt_len": 32,
    "max_new_tokens": 32,
    "dtype": "float32",
    "model_config_dir": null,
    "data_size": 40,
    "batch_size": 40,
    "inference_time": 3.8757081139992806,
    "throughput": 330.2622288238287,
    "max_memory_allocated_per_device": [
        3.689784526824951,
        3.6371941566467285
    ]
}