{
    "description": "Pipeline parallel OPT-1.3B benchmark",
    "model_name": "opt-1.3b-pipeline",
    "model_size": 2.6347503662109375,
    "max_prompt_len": 32,
    "max_new_tokens": 32,
    "dtype": "float32",
    "model_config_dir": null,
    "data_size": 32,
    "batch_size": 32,
    "inference_time": 3.369871412996872,
    "throughput": 303.8691613129959,
    "max_memory_allocated_per_device": [
        3.5844473838806152,
        3.537780284881592
    ]
}