{
    "description": "Pipeline parallel OPT-1.3B benchmark",
    "model_name": "opt-1.3b-pipeline",
    "model_size": 2.6503753662109375,
    "max_prompt_len": 96,
    "max_new_tokens": 32,
    "dtype": "float32",
    "model_config_dir": null,
    "data_size": 32,
    "batch_size": 8,
    "inference_time": 5.1514973739976995,
    "throughput": 198.77715655426,
    "max_memory_allocated_per_device": [
        4.351619243621826,
        4.289096355438232
    ]
}