{
    "description": "Pipeline parallel OPT-6.7B benchmark",
    "model_name": "opt-6.7b",
    "model_size": 3.0248794555664062,
    "max_prompt_len": 512,
    "max_new_tokens": 128,
    "dtype": "float16",
    "model_config_dir": null,
    "data_size": 48,
    "batch_size": 24,
    "inference_time": 29.88652651800112,
    "throughput": 205.57758681991277,
    "max_memory_allocated_per_device": [
        8.775373458862305,
        9.876386642456055,
        9.876386642456055,
        8.314798355102539
    ]
}