{
    "description": "Pipeline parallel OPT-1.3B benchmark",
    "model_name": "opt-1.3b-pipeline",
    "model_size": 2.6503753662109375,
    "max_prompt_len": 32,
    "max_new_tokens": 48,
    "dtype": "float32",
    "model_config_dir": null,
    "data_size": 8,
    "batch_size": 1,
    "inference_time": 6.344774160999805,
    "throughput": 60.52224874454626,
    "max_memory_allocated_per_device": [
        3.2991490364074707,
        3.2647862434387207
    ]
}