{
    "description": "Pipeline parallel OPT-1.3B benchmark",
    "model_name": "opt-1.3b-pipeline",
    "model_size": 2.6347503662109375,
    "max_prompt_len": 128,
    "max_new_tokens": 128,
    "dtype": "float32",
    "model_config_dir": null,
    "data_size": 16,
    "batch_size": 8,
    "inference_time": 9.029473834001692,
    "throughput": 226.8127731084376,
    "max_memory_allocated_per_device": [
        3.989229202270508,
        3.911396026611328
    ]
}