{
    "description": "Pipeline parallel OPT-1.3B benchmark",
    "model_name": "opt-1.3b-pipeline",
    "model_size": 2.6347503662109375,
    "max_prompt_len": 16,
    "max_new_tokens": 16,
    "dtype": "float32",
    "model_config_dir": null,
    "data_size": 40,
    "batch_size": 10,
    "inference_time": 2.11791600700235,
    "throughput": 302.1838438748293,
    "max_memory_allocated_per_device": [
        3.420504093170166,
        3.3877997398376465
    ]
}