{
    "description": "Pipeline parallel OPT-1.3B benchmark",
    "model_name": "opt-1.3b-pipeline",
    "model_size": 2.6347503662109375,
    "max_prompt_len": 96,
    "max_new_tokens": 96,
    "dtype": "float32",
    "model_config_dir": null,
    "data_size": 16,
    "batch_size": 4,
    "inference_time": 8.381616659000429,
    "throughput": 183.25820214535793,
    "max_memory_allocated_per_device": [
        3.7756032943725586,
        3.7158312797546387
    ]
}