{
    "description": "Pipeline parallel OPT-1.3B benchmark",
    "model_name": "opt-1.3b-pipeline",
    "model_size": 2.6503753662109375,
    "max_prompt_len": 96,
    "max_new_tokens": 16,
    "dtype": "float32",
    "model_config_dir": null,
    "data_size": 16,
    "batch_size": 2,
    "inference_time": 2.8865138859982835,
    "throughput": 88.68829671729223,
    "max_memory_allocated_per_device": [
        3.7634549140930176,
        3.7229743003845215
    ]
}