{
    "description": "Pipeline parallel OPT-1.3B benchmark",
    "model_name": "opt-1.3b-pipeline",
    "model_size": 2.6503753662109375,
    "max_prompt_len": 16,
    "max_new_tokens": 16,
    "dtype": "float32",
    "model_config_dir": null,
    "data_size": 32,
    "batch_size": 4,
    "inference_time": 2.4175156290002633,
    "throughput": 211.7876690674103,
    "max_memory_allocated_per_device": [
        3.3690667152404785,
        3.3382439613342285
    ]
}