{
    "description": "Pipeline parallel OPT-1.3B benchmark",
    "model_name": "opt-1.3b-pipeline",
    "model_size": 2.6503753662109375,
    "max_prompt_len": 16,
    "max_new_tokens": 16,
    "dtype": "float32",
    "model_config_dir": null,
    "data_size": 32,
    "batch_size": 32,
    "inference_time": 1.6182979400000477,
    "throughput": 316.3817906114278,
    "max_memory_allocated_per_device": [
        4.379339694976807,
        4.269796848297119
    ]
}