{
    "description": "Pipeline parallel OPT-1.3B benchmark",
    "model_name": "opt-1.3b-pipeline",
    "model_size": 2.6503753662109375,
    "max_prompt_len": 80,
    "max_new_tokens": 48,
    "dtype": "float32",
    "model_config_dir": null,
    "data_size": 48,
    "batch_size": 6,
    "inference_time": 9.966663264996896,
    "throughput": 231.17064746149197,
    "max_memory_allocated_per_device": [
        4.681874752044678,
        4.605855464935303
    ]
}