{
    "description": "Pipeline parallel OPT-1.3B benchmark",
    "model_name": "opt-1.3b-pipeline",
    "model_size": 2.6503753662109375,
    "max_prompt_len": 96,
    "max_new_tokens": 112,
    "dtype": "float32",
    "model_config_dir": null,
    "data_size": 24,
    "batch_size": 3,
    "inference_time": 16.84189360200253,
    "throughput": 159.60200577923092,
    "max_memory_allocated_per_device": [
        4.180050849914551,
        4.083446502685547
    ]
}