{
    "description": "Pipeline parallel OPT-1.3B benchmark",
    "model_name": "opt-1.3b-pipeline",
    "model_size": 2.6347503662109375,
    "max_prompt_len": 48,
    "max_new_tokens": 96,
    "dtype": "float32",
    "model_config_dir": null,
    "data_size": 64,
    "batch_size": 64,
    "inference_time": 14.772025942002074,
    "throughput": 415.92128419775133,
    "max_memory_allocated_per_device": [
        5.0636186599731445,
        4.909650802612305
    ]
}