{
    "description": "Pipeline parallel OPT-1.3B benchmark",
    "model_name": "opt-1.3b-pipeline",
    "model_size": 2.6503753662109375,
    "max_prompt_len": 128,
    "max_new_tokens": 80,
    "dtype": "float32",
    "model_config_dir": null,
    "data_size": 40,
    "batch_size": 20,
    "inference_time": 14.749705236994487,
    "throughput": 216.95348812625198,
    "max_memory_allocated_per_device": [
        5.152323246002197,
        5.058535099029541
    ]
}