{
    "description": "Pipeline parallel OPT-1.3B benchmark",
    "model_name": "opt-1.3b",
    "model_size": 2.6503753662109375,
    "dtype": "float32",
    "max_prompt_len": 384,
    "max_new_tokens": 1,
    "model_config_dir": null,
    "data_size": 8,
    "batch_size": 2,
    "inference_time": 2.190097888000082,
    "throughput": 3.6528047644963073,
    "max_memory_allocated_per_device": [
        4.256404399871826,
        4.035190105438232
    ]
}