{
    "description": "Pipeline parallel OPT-1.3B benchmark",
    "model_name": "opt-1.3b-pipeline",
    "model_size": 2.6503753662109375,
    "max_prompt_len": 96,
    "max_new_tokens": 80,
    "dtype": "float32",
    "model_config_dir": null,
    "data_size": 16,
    "batch_size": 16,
    "inference_time": 6.140221540001221,
    "throughput": 208.46153378364022,
    "max_memory_allocated_per_device": [
        3.766106128692627,
        3.7270312309265137
    ]
}