{
    "description": "Pipeline parallel OPT-1.3B benchmark",
    "model_name": "opt-1.3b-pipeline",
    "model_size": 2.6347503662109375,
    "max_prompt_len": 96,
    "max_new_tokens": 48,
    "dtype": "float32",
    "model_config_dir": null,
    "data_size": 40,
    "batch_size": 10,
    "inference_time": 7.9187750830024015,
    "throughput": 242.46174185718033,
    "max_memory_allocated_per_device": [
        4.646468639373779,
        4.572219371795654
    ]
}