{
    "description": "Pipeline parallel OPT-1.3B benchmark",
    "model_name": "opt-1.3b-pipeline",
    "model_size": 2.6347503662109375,
    "max_prompt_len": 64,
    "max_new_tokens": 80,
    "dtype": "float32",
    "model_config_dir": null,
    "data_size": 8,
    "batch_size": 4,
    "inference_time": 3.8951096430009784,
    "throughput": 164.30859684527738,
    "max_memory_allocated_per_device": [
        3.3935070037841797,
        3.358776092529297
    ]
}