{
    "description": "Pipeline parallel OPT-6.7B benchmark",
    "model_name": "opt-6.7b",
    "model_size": 3.3758926391601562,
    "max_prompt_len": 256,
    "max_new_tokens": 128,
    "dtype": "float16",
    "model_config_dir": null,
    "data_size": 48,
    "batch_size": 24,
    "inference_time": 20.075939958998788,
    "throughput": 306.0379744384536,
    "max_memory_allocated_per_device": [
        6.04356050491333,
        6.76957368850708,
        6.76957368850708,
        5.806314945220947
    ]
}