{
    "description": "Pipeline parallel OPT-1.3B benchmark",
    "model_name": "opt-1.3b-pipeline",
    "model_size": 2.6347503662109375,
    "max_prompt_len": 80,
    "max_new_tokens": 64,
    "dtype": "float32",
    "model_config_dir": null,
    "data_size": 32,
    "batch_size": 4,
    "inference_time": 10.340575635000278,
    "throughput": 198.0547381780207,
    "max_memory_allocated_per_device": [
        4.171803951263428,
        4.114651203155518
    ]
}