{
    "description": "Pipeline parallel OPT-1.3B benchmark",
    "model_name": "opt-1.3b-pipeline",
    "model_size": 2.6347503662109375,
    "max_prompt_len": 128,
    "max_new_tokens": 96,
    "dtype": "float32",
    "model_config_dir": null,
    "data_size": 24,
    "batch_size": 3,
    "inference_time": 15.122628115001135,
    "throughput": 152.35447056418124,
    "max_memory_allocated_per_device": [
        4.349912166595459,
        4.286168575286865
    ]
}