{
    "description": "Pipeline parallel OPT-1.3B benchmark",
    "model_name": "opt-1.3b-pipeline",
    "model_size": 2.6503753662109375,
    "max_prompt_len": 16,
    "max_new_tokens": 32,
    "dtype": "float32",
    "model_config_dir": null,
    "data_size": 8,
    "batch_size": 8,
    "inference_time": 1.0319460810005694,
    "throughput": 248.0749767001235,
    "max_memory_allocated_per_device": [
        3.19954776763916,
        3.146538734436035
    ]
}