{
    "description": "Pipeline parallel OPT-1.3B benchmark",
    "model_name": "opt-1.3b-pipeline",
    "model_size": 2.6347503662109375,
    "max_prompt_len": 96,
    "max_new_tokens": 80,
    "dtype": "float32",
    "model_config_dir": null,
    "data_size": 8,
    "batch_size": 4,
    "inference_time": 4.142245991999516,
    "throughput": 154.50555115174694,
    "max_memory_allocated_per_device": [
        3.4586777687072754,
        3.431328296661377
    ]
}