{
    "description": "Pipeline parallel OPT-1.3B benchmark",
    "model_name": "opt-1.3b-pipeline",
    "model_size": 2.6503753662109375,
    "max_prompt_len": 80,
    "max_new_tokens": 32,
    "dtype": "float32",
    "model_config_dir": null,
    "data_size": 8,
    "batch_size": 4,
    "inference_time": 1.8837350480007444,
    "throughput": 135.90021604773943,
    "max_memory_allocated_per_device": [
        3.416064739227295,
        3.3888373374938965
    ]
}