{
    "description": "Pipeline parallel OPT-6.7B benchmark",
    "model_name": "opt-6.7b",
    "model_size": 3.0092544555664062,
    "max_prompt_len": 128,
    "max_new_tokens": 256,
    "dtype": "float16",
    "model_config_dir": null,
    "data_size": 32,
    "batch_size": 8,
    "inference_time": 32.45016089000001,
    "throughput": 252.44867129532432,
    "max_memory_allocated_per_device": [
        4.835555076599121,
        5.561324119567871,
        5.561507225036621,
        4.631793022155762
    ]
}