{
    "description": "Pipeline parallel OPT-1.3B benchmark",
    "model_name": "opt-1.3b-pipeline",
    "model_size": 2.6503753662109375,
    "max_prompt_len": 16,
    "max_new_tokens": 16,
    "dtype": "float32",
    "model_config_dir": null,
    "data_size": 64,
    "batch_size": 32,
    "inference_time": 2.5526828820002265,
    "throughput": 401.1465768899645,
    "max_memory_allocated_per_device": [
        3.579660415649414,
        3.5345916748046875
    ]
}