{
    "description": "Pipeline parallel OPT-1.3B benchmark",
    "model_name": "opt-1.3b-pipeline",
    "model_size": 2.6347503662109375,
    "max_prompt_len": 112,
    "max_new_tokens": 16,
    "dtype": "float32",
    "model_config_dir": null,
    "data_size": 56,
    "batch_size": 28,
    "inference_time": 8.004758961003972,
    "throughput": 111.93341415587383,
    "max_memory_allocated_per_device": [
        5.602179050445557,
        5.490803241729736
    ]
}