{
    "description": "Pipeline parallel OPT-1.3B benchmark",
    "model_name": "opt-1.3b-pipeline",
    "model_size": 2.6503753662109375,
    "max_prompt_len": 80,
    "max_new_tokens": 32,
    "dtype": "float32",
    "model_config_dir": null,
    "data_size": 56,
    "batch_size": 7,
    "inference_time": 8.184491409003385,
    "throughput": 218.95068495382654,
    "max_memory_allocated_per_device": [
        4.912572383880615,
        4.826596736907959
    ]
}