{
    "description": "Pipeline parallel OPT-1.3B benchmark",
    "model_name": "opt-1.3b-pipeline",
    "model_size": 2.6503753662109375,
    "max_prompt_len": 96,
    "max_new_tokens": 112,
    "dtype": "float32",
    "model_config_dir": null,
    "data_size": 24,
    "batch_size": 12,
    "inference_time": 11.720248622998042,
    "throughput": 229.34667057535586,
    "max_memory_allocated_per_device": [
        4.176514148712158,
        4.085617542266846
    ]
}