{
    "description": "Pipeline parallel OPT-1.3B benchmark",
    "model_name": "opt-1.3b-pipeline",
    "model_size": 2.6503753662109375,
    "max_prompt_len": 64,
    "max_new_tokens": 128,
    "dtype": "float32",
    "model_config_dir": null,
    "data_size": 16,
    "batch_size": 16,
    "inference_time": 8.367167739997967,
    "throughput": 244.7662176305907,
    "max_memory_allocated_per_device": [
        3.7934775352478027,
        3.7308554649353027
    ]
}