{
    "description": "Pipeline parallel OPT-1.3B benchmark",
    "model_name": "opt-1.3b-pipeline",
    "model_size": 2.6347503662109375,
    "max_prompt_len": 16,
    "max_new_tokens": 112,
    "dtype": "float32",
    "model_config_dir": null,
    "data_size": 56,
    "batch_size": 28,
    "inference_time": 14.767312891002803,
    "throughput": 424.7218194869634,
    "max_memory_allocated_per_device": [
        4.61784029006958,
        4.493902683258057
    ]
}