{
    "description": "Pipeline parallel OPT-1.3B benchmark",
    "model_name": "opt-1.3b-pipeline",
    "model_size": 2.6503753662109375,
    "max_prompt_len": 112,
    "max_new_tokens": 112,
    "dtype": "float32",
    "model_config_dir": null,
    "data_size": 56,
    "batch_size": 56,
    "inference_time": 21.015746076998767,
    "throughput": 298.4428902509702,
    "max_memory_allocated_per_device": [
        5.749344348907471,
        5.545577526092529
    ]
}