{
    "description": "Pipeline parallel OPT-1.3B benchmark",
    "model_name": "opt-1.3b-pipeline",
    "model_size": 2.6347503662109375,
    "max_prompt_len": 32,
    "max_new_tokens": 16,
    "dtype": "float32",
    "model_config_dir": null,
    "data_size": 56,
    "batch_size": 28,
    "inference_time": 3.21188736899785,
    "throughput": 278.96370484484436,
    "max_memory_allocated_per_device": [
        3.8564724922180176,
        3.813490390777588
    ]
}