{
    "description": "Pipeline parallel OPT-1.3B benchmark",
    "model_name": "opt-1.3b-pipeline",
    "model_size": 2.6347503662109375,
    "max_prompt_len": 32,
    "max_new_tokens": 64,
    "dtype": "float32",
    "model_config_dir": null,
    "data_size": 48,
    "batch_size": 48,
    "inference_time": 7.4956301109996275,
    "throughput": 409.83879333799115,
    "max_memory_allocated_per_device": [
        4.113305568695068,
        4.028396129608154
    ]
}