{
    "description": "Pipeline parallel OPT-1.3B benchmark",
    "model_name": "opt-1.3b-pipeline",
    "model_size": 2.6347503662109375,
    "max_prompt_len": 16,
    "max_new_tokens": 128,
    "dtype": "float32",
    "model_config_dir": null,
    "data_size": 16,
    "batch_size": 16,
    "inference_time": 7.163989372002106,
    "throughput": 285.8742376145722,
    "max_memory_allocated_per_device": [
        3.6359143257141113,
        3.5850110054016113
    ]
}