{
    "description": "Pipeline parallel OPT-1.3B benchmark",
    "model_name": "opt-1.3b-pipeline",
    "model_size": 2.6347503662109375,
    "max_prompt_len": 32,
    "max_new_tokens": 16,
    "dtype": "float32",
    "model_config_dir": null,
    "data_size": 32,
    "batch_size": 4,
    "inference_time": 2.862501895000605,
    "throughput": 178.86451041105485,
    "max_memory_allocated_per_device": [
        3.5540900230407715,
        3.5228323936462402
    ]
}