{
    "description": "Pipeline parallel OPT-1.3B benchmark",
    "model_name": "opt-1.3b-pipeline",
    "model_size": 2.6347503662109375,
    "max_prompt_len": 16,
    "max_new_tokens": 32,
    "dtype": "float32",
    "model_config_dir": null,
    "data_size": 32,
    "batch_size": 8,
    "inference_time": 2.990120898997702,
    "throughput": 342.4610691638749,
    "max_memory_allocated_per_device": [
        3.4726738929748535,
        3.434403896331787
    ]
}