{
    "description": "Pipeline parallel OPT-6.7B benchmark",
    "model_name": "opt-6.7b",
    "model_size": 3.0248794555664062,
    "max_prompt_len": 512,
    "max_new_tokens": 512,
    "dtype": "float16",
    "model_config_dir": null,
    "data_size": 32,
    "batch_size": 16,
    "inference_time": 85.48861463100002,
    "throughput": 191.65125169847832,
    "max_memory_allocated_per_device": [
        7.4390716552734375,
        8.789840698242188,
        8.789840698242188,
        6.92332649230957
    ]
}