{
    "description": "Pipeline parallel OPT-1.3B benchmark",
    "model_name": "opt-1.3b-pipeline",
    "model_size": 2.6503753662109375,
    "max_prompt_len": 16,
    "max_new_tokens": 32,
    "dtype": "float32",
    "model_config_dir": null,
    "data_size": 64,
    "batch_size": 64,
    "inference_time": 3.853429782000603,
    "throughput": 531.4745865011533,
    "max_memory_allocated_per_device": [
        3.7977418899536133,
        3.7366695404052734
    ]
}