{
    "description": "Pipeline parallel OPT-1.3B benchmark",
    "model_name": "opt-1.3b-pipeline",
    "model_size": 2.6503753662109375,
    "max_prompt_len": 112,
    "max_new_tokens": 128,
    "dtype": "float32",
    "model_config_dir": null,
    "data_size": 24,
    "batch_size": 6,
    "inference_time": 13.43391829400207,
    "throughput": 228.6749057697914,
    "max_memory_allocated_per_device": [
        4.328472137451172,
        4.226900577545166
    ]
}