{
    "description": "Pipeline parallel OPT-1.3B benchmark",
    "model_name": "opt-1.3b-pipeline",
    "model_size": 2.6503753662109375,
    "max_prompt_len": 96,
    "max_new_tokens": 112,
    "dtype": "float32",
    "model_config_dir": null,
    "data_size": 8,
    "batch_size": 4,
    "inference_time": 5.5509945290014,
    "throughput": 161.41251721989835,
    "max_memory_allocated_per_device": [
        3.499018669128418,
        3.4581212997436523
    ]
}