{
    "description": "Pipeline parallel OPT-1.3B benchmark",
    "model_name": "opt-1.3b-pipeline",
    "model_size": 2.6503753662109375,
    "max_prompt_len": 80,
    "max_new_tokens": 112,
    "dtype": "float32",
    "model_config_dir": null,
    "data_size": 8,
    "batch_size": 4,
    "inference_time": 5.47582999199949,
    "throughput": 163.6281625450587,
    "max_memory_allocated_per_device": [
        3.469658374786377,
        3.4305615425109863
    ]
}
}