{
    "description": "Pipeline parallel OPT-1.3B benchmark",
    "model_name": "opt-1.3b-pipeline",
    "model_size": 2.6347503662109375,
    "max_prompt_len": 16,
    "max_new_tokens": 96,
    "dtype": "float32",
    "model_config_dir": null,
    "data_size": 48,
    "batch_size": 12,
    "inference_time": 13.85404688899871,
    "throughput": 332.61039441545006,
    "max_memory_allocated_per_device": [
        4.236720085144043,
        4.13822603225708
    ]
}