{
    "description": "Pipeline parallel OPT-1.3B benchmark",
    "model_name": "opt-1.3b-pipeline",
    "model_size": 2.6503753662109375,
    "max_prompt_len": 64,
    "max_new_tokens": 64,
    "dtype": "float32",
    "model_config_dir": null,
    "data_size": 32,
    "batch_size": 4,
    "inference_time": 9.850333485999727,
    "throughput": 207.91174257306326,
    "max_memory_allocated_per_device": [
        3.981217384338379,
        3.9108481407165527
    ]
}