{
    "description": "Pipeline parallel OPT-1.3B benchmark",
    "model_name": "opt-1.3b-pipeline",
    "model_size": 2.6503753662109375,
    "max_prompt_len": 16,
    "max_new_tokens": 128,
    "dtype": "float32",
    "model_config_dir": null,
    "data_size": 16,
    "batch_size": 4,
    "inference_time": 9.800843308999902,
    "throughput": 208.9616102850421,
    "max_memory_allocated_per_device": [
        3.6206717491149902,
        3.5696778297424316
    ]
}