{
    "description": "Pipeline parallel OPT-6.7B benchmark",
    "model_name": "opt-6.7b",
    "model_size": 3.0248794555664062,
    "max_prompt_len": 384,
    "max_new_tokens": 384,
    "dtype": "float16",
    "model_config_dir": null,
    "data_size": 16,
    "batch_size": 16,
    "inference_time": 42.05415624099987,
    "throughput": 146.09733137411106,
    "max_memory_allocated_per_device": [
        4.9062628746032715,
        5.6317877769470215,
        5.6317877769470215,
        4.7030930519104
    ]
}