{
    "description": "Pipeline parallel OPT-1.3B benchmark",
    "model_name": "opt-1.3b-pipeline",
    "model_size": 2.6347503662109375,
    "max_prompt_len": 48,
    "max_new_tokens": 32,
    "dtype": "float32",
    "model_config_dir": null,
    "data_size": 48,
    "batch_size": 48,
    "inference_time": 5.459759564000706,
    "throughput": 281.3310699847883,
    "max_memory_allocated_per_device": [
        4.075891017913818,
        4.025091648101807
    ]
}