{
    "description": "Pipeline parallel OPT-1.3B benchmark",
    "model_name": "opt-1.3b-pipeline",
    "model_size": 2.6503753662109375,
    "max_prompt_len": 64,
    "max_new_tokens": 64,
    "dtype": "float32",
    "model_config_dir": null,
    "data_size": 56,
    "batch_size": 56,
    "inference_time": 10.937542678999307,
    "throughput": 327.67872137143564,
    "max_memory_allocated_per_device": [
        4.641696453094482,
        4.5174641609191895
    ]
}