{
    "description": "Pipeline parallel OPT-1.3B benchmark",
    "model_name": "opt-1.3b-pipeline",
    "model_size": 2.6503753662109375,
    "max_prompt_len": 80,
    "max_new_tokens": 16,
    "dtype": "float32",
    "model_config_dir": null,
    "data_size": 48,
    "batch_size": 48,
    "inference_time": 5.352887789005763,
    "throughput": 143.47395840753222,
    "max_memory_allocated_per_device": [
        4.993685245513916,
        4.8369927406311035
    ]
}