{
    "description": "Pipeline parallel OPT-1.3B benchmark",
    "model_name": "opt-1.3b-pipeline",
    "model_size": 2.6503753662109375,
    "max_prompt_len": 80,
    "max_new_tokens": 128,
    "dtype": "float32",
    "model_config_dir": null,
    "data_size": 40,
    "batch_size": 10,
    "inference_time": 16.61371067500295,
    "throughput": 308.17919609636465,
    "max_memory_allocated_per_device": [
        4.8301005363464355,
        4.682579517364502
    ]
}