{
    "description": "Pipeline parallel OPT-1.3B benchmark",
    "model_name": "opt-1.3b-pipeline",
    "model_size": 2.6503753662109375,
    "max_prompt_len": 80,
    "max_new_tokens": 96,
    "dtype": "float32",
    "model_config_dir": null,
    "data_size": 64,
    "batch_size": 32,
    "inference_time": 18.22311955299665,
    "throughput": 337.15412896962897,
    "max_memory_allocated_per_device": [
        5.439444541931152,
        5.253435134887695
    ]
}