{
    "description": "Pipeline parallel OPT-1.3B benchmark",
    "model_name": "opt-1.3b-pipeline",
    "model_size": 2.6347503662109375,
    "max_prompt_len": 128,
    "max_new_tokens": 128,
    "dtype": "float32",
    "model_config_dir": null,
    "data_size": 8,
    "batch_size": 8,
    "inference_time": 5.481766509999943,
    "throughput": 186.80109744404467,
    "max_memory_allocated_per_device": [
        3.5827183723449707,
        3.5360817909240723
    ]
}