{
    "description": "Pipeline parallel OPT-1.3B benchmark",
    "model_name": "opt-1.3b-pipeline",
    "model_size": 2.6503753662109375,
    "max_prompt_len": 96,
    "max_new_tokens": 32,
    "dtype": "float32",
    "model_config_dir": null,
    "data_size": 56,
    "batch_size": 28,
    "inference_time": 9.054421692999313,
    "throughput": 197.91435176754982,
    "max_memory_allocated_per_device": [
        5.266708850860596,
        5.16803503036499
    ]
}