{
    "description": "Pipeline parallel OPT-1.3B benchmark",
    "model_name": "opt-1.3b-pipeline",
    "model_size": 2.6503753662109375,
    "max_prompt_len": 16,
    "max_new_tokens": 48,
    "dtype": "float32",
    "model_config_dir": null,
    "data_size": 40,
    "batch_size": 10,
    "inference_time": 5.137513244000729,
    "throughput": 373.72166431727595,
    "max_memory_allocated_per_device": [
        3.6791582107543945,
        3.6258907318115234
    ]
}