{
    "description": "Pipeline parallel OPT-1.3B benchmark",
    "model_name": "opt-1.3b-pipeline",
    "model_size": 2.6503753662109375,
    "max_prompt_len": 80,
    "max_new_tokens": 128,
    "dtype": "float32",
    "model_config_dir": null,
    "data_size": 16,
    "batch_size": 8,
    "inference_time": 7.981507520999003,
    "throughput": 256.5931303844293,
    "max_memory_allocated_per_device": [
        3.831373691558838,
        3.7650818824768066
    ]
}