{
    "description": "Pipeline parallel OPT-1.3B benchmark",
    "model_name": "opt-1.3b-pipeline",
    "model_size": 2.6347503662109375,
    "max_prompt_len": 128,
    "max_new_tokens": 128,
    "dtype": "float32",
    "model_config_dir": null,
    "data_size": 40,
    "batch_size": 10,
    "inference_time": 18.47068271900207,
    "throughput": 277.1960342717977,
    "max_memory_allocated_per_device": [
        5.214278221130371,
        5.050845623016357
    ]
}