{
    "description": "Pipeline parallel OPT-1.3B benchmark",
    "model_name": "opt-1.3b-pipeline",
    "model_size": 2.6503753662109375,
    "max_prompt_len": 48,
    "max_new_tokens": 16,
    "dtype": "float32",
    "model_config_dir": null,
    "data_size": 40,
    "batch_size": 10,
    "inference_time": 3.0218349220012897,
    "throughput": 211.79184717878076,
    "max_memory_allocated_per_device": [
        3.921863079071045,
        3.875948429107666
    ]
}