{
    "description": "Pipeline parallel OPT-1.3B benchmark",
    "model_name": "opt-1.3b-pipeline",
    "model_size": 2.6503753662109375,
    "max_prompt_len": 128,
    "max_new_tokens": 128,
    "dtype": "float32",
    "model_config_dir": null,
    "data_size": 40,
    "batch_size": 40,
    "inference_time": 20.101859700000205,
    "throughput": 254.70280244767343,
    "max_memory_allocated_per_device": [
        5.273080348968506,
        5.102266788482666
    ]
}