{
    "description": "Pipeline parallel OPT-1.3B benchmark",
    "model_name": "opt-1.3b-pipeline",
    "model_size": 2.6347503662109375,
    "max_prompt_len": 80,
    "max_new_tokens": 32,
    "dtype": "float32",
    "model_config_dir": null,
    "data_size": 48,
    "batch_size": 6,
    "inference_time": 7.458653224995942,
    "throughput": 205.93530140970398,
    "max_memory_allocated_per_device": [
        4.681874752044678,
        4.605245113372803
    ]
}