{
    "description": "Pipeline parallel OPT-1.3B benchmark",
    "model_name": "opt-1.3b-pipeline",
    "model_size": 2.6503753662109375,
    "max_prompt_len": 80,
    "max_new_tokens": 64,
    "dtype": "float32",
    "model_config_dir": null,
    "data_size": 40,
    "batch_size": 20,
    "inference_time": 10.386275272998319,
    "throughput": 246.47912102381406,
    "max_memory_allocated_per_device": [
        4.404524326324463,
        4.340046405792236
    ]
}