{
    "description": "Pipeline parallel OPT-1.3B benchmark",
    "model_name": "opt-1.3b-pipeline",
    "model_size": 2.6503753662109375,
    "max_prompt_len": 64,
    "max_new_tokens": 80,
    "dtype": "float32",
    "model_config_dir": null,
    "data_size": 16,
    "batch_size": 2,
    "inference_time": 10.605342309998377,
    "throughput": 120.69388828621372,
    "max_memory_allocated_per_device": [
        3.622814178466797,
        3.568354606628418
    ]
}