{
    "description": "Pipeline parallel OPT-1.3B benchmark",
    "model_name": "opt-1.3b-pipeline",
    "model_size": 2.6347503662109375,
    "max_prompt_len": 80,
    "max_new_tokens": 80,
    "dtype": "float32",
    "model_config_dir": null,
    "data_size": 8,
    "batch_size": 1,
    "inference_time": 10.760140637999939,
    "throughput": 59.478776489204066,
    "max_memory_allocated_per_device": [
        3.49599552154541,
        3.4641709327697754
    ]
}