{
    "description": "Pipeline parallel OPT-1.3B benchmark",
    "model_name": "opt-1.3b-pipeline",
    "model_size": 2.6503753662109375,
    "max_prompt_len": 64,
    "max_new_tokens": 32,
    "dtype": "float32",
    "model_config_dir": null,
    "data_size": 24,
    "batch_size": 24,
    "inference_time": 3.8949506740027573,
    "throughput": 197.17836354798888,
    "max_memory_allocated_per_device": [
        3.767998218536377,
        3.7289233207702637
    ]
}