{
    "description": "Pipeline parallel OPT-1.3B benchmark",
    "model_name": "opt-1.3b-pipeline",
    "model_size": 2.6347503662109375,
    "max_prompt_len": 128,
    "max_new_tokens": 96,
    "dtype": "float32",
    "model_config_dir": null,
    "data_size": 64,
    "batch_size": 32,
    "inference_time": 21.23105760099861,
    "throughput": 289.38737369875605,
    "max_memory_allocated_per_device": [
        6.11240816116333,
        5.8599724769592285
    ]
}