{
    "description": "Pipeline parallel OPT-1.3B benchmark",
    "model_name": "opt-1.3b-pipeline",
    "model_size": 2.6503753662109375,
    "max_prompt_len": 32,
    "max_new_tokens": 96,
    "dtype": "float32",
    "model_config_dir": null,
    "data_size": 40,
    "batch_size": 5,
    "inference_time": 14.943488221000734,
    "throughput": 256.9681150217311,
    "max_memory_allocated_per_device": [
        4.185758590698242,
        4.0920562744140625
    ]
}