{
    "description": "Pipeline parallel OPT-1.3B benchmark",
    "model_name": "opt-1.3b-pipeline",
    "model_size": 2.6347503662109375,
    "max_prompt_len": 32,
    "max_new_tokens": 32,
    "dtype": "float32",
    "model_config_dir": null,
    "data_size": 16,
    "batch_size": 8,
    "inference_time": 1.924707286998455,
    "throughput": 266.01447578995476,
    "max_memory_allocated_per_device": [
        3.369821548461914,
        3.3381118774414062
    ]
}