{
    "description": "Pipeline parallel OPT-1.3B benchmark",
    "model_name": "opt-1.3b-pipeline",
    "model_size": 2.6347503662109375,
    "max_prompt_len": 80,
    "max_new_tokens": 16,
    "dtype": "float32",
    "model_config_dir": null,
    "data_size": 48,
    "batch_size": 6,
    "inference_time": 5.006242913994356,
    "throughput": 153.40845683958872,
    "max_memory_allocated_per_device": [
        4.682118892669678,
        4.605184078216553
    ]
}