{
    "description": "Pipeline parallel OPT-1.3B benchmark",
    "model_name": "opt-1.3b-pipeline",
    "model_size": 2.6347503662109375,
    "max_prompt_len": 16,
    "max_new_tokens": 32,
    "dtype": "float32",
    "model_config_dir": null,
    "data_size": 48,
    "batch_size": 48,
    "inference_time": 3.3675579230039148,
    "throughput": 456.11687612187046,
    "max_memory_allocated_per_device": [
        3.638272762298584,
        3.5866799354553223
    ]
}