{
    "description": "Pipeline parallel OPT-6.7B benchmark",
    "model_name": "opt-6.7b",
    "model_size": 3.0092544555664062,
    "max_prompt_len": 128,
    "max_new_tokens": 512,
    "dtype": "float16",
    "model_config_dir": null,
    "data_size": 32,
    "batch_size": 32,
    "inference_time": 66.20695201400031,
    "throughput": 247.46645936117696,
    "max_memory_allocated_per_device": [
        5.970779895782471,
        6.946793079376221,
        6.946793079376221,
        5.643113613128662
    ]
}