{
    "description": "Pipeline parallel OPT-1.3B benchmark",
    "model_name": "opt-1.3b-pipeline",
    "model_size": 2.6347503662109375,
    "max_prompt_len": 96,
    "max_new_tokens": 96,
    "dtype": "float32",
    "model_config_dir": null,
    "data_size": 40,
    "batch_size": 20,
    "inference_time": 14.902247399004409,
    "throughput": 257.67925448993304,
    "max_memory_allocated_per_device": [
        4.71544075012207,
        4.5922369956970215
    ]
}