{
    "description": "Pipeline parallel OPT-1.3B benchmark",
    "model_name": "opt-1.3b-pipeline",
    "model_size": 2.6347503662109375,
    "max_prompt_len": 48,
    "max_new_tokens": 80,
    "dtype": "float32",
    "model_config_dir": null,
    "data_size": 16,
    "batch_size": 16,
    "inference_time": 5.241274968000653,
    "throughput": 244.2153880143158,
    "max_memory_allocated_per_device": [
        3.5820364952087402,
        3.5356907844543457
    ]
}