{
    "description": "Pipeline parallel OPT-1.3B benchmark",
    "model_name": "opt-1.3b-pipeline",
    "model_size": 2.6503753662109375,
    "max_prompt_len": 80,
    "max_new_tokens": 96,
    "dtype": "float32",
    "model_config_dir": null,
    "data_size": 24,
    "batch_size": 3,
    "inference_time": 13.982855466001638,
    "throughput": 164.77321142323322,
    "max_memory_allocated_per_device": [
        4.005755424499512,
        3.920330047607422
    ]
}