{
    "description": "Pipeline parallel OPT-1.3B benchmark",
    "model_name": "opt-1.3b-pipeline",
    "model_size": 2.6347503662109375,
    "max_prompt_len": 96,
    "max_new_tokens": 128,
    "dtype": "float32",
    "model_config_dir": null,
    "data_size": 16,
    "batch_size": 16,
    "inference_time": 9.24232137099898,
    "throughput": 221.58935161314747,
    "max_memory_allocated_per_device": [
        3.8979973793029785,
        3.8288283348083496
    ]
}