{
    "description": "Pipeline parallel OPT-1.3B benchmark",
    "model_name": "opt-1.3b-pipeline",
    "model_size": 2.6503753662109375,
    "max_prompt_len": 64,
    "max_new_tokens": 128,
    "dtype": "float32",
    "model_config_dir": null,
    "data_size": 56,
    "batch_size": 14,
    "inference_time": 21.068783350994636,
    "throughput": 340.21898087729903,
    "max_memory_allocated_per_device": [
        5.312028408050537,
        5.132791042327881
    ]
}