{
    "description": "Pipeline parallel OPT-1.3B benchmark",
    "model_name": "opt-1.3b-pipeline",
    "model_size": 2.6503753662109375,
    "max_prompt_len": 32,
    "max_new_tokens": 16,
    "dtype": "float32",
    "model_config_dir": null,
    "data_size": 32,
    "batch_size": 8,
    "inference_time": 1.9931850430002669,
    "throughput": 256.875297051851,
    "max_memory_allocated_per_device": [
        3.5586047172546387,
        3.5273470878601074
    ]
}