{
    "description": "Pipeline parallel OPT-1.3B benchmark",
    "model_name": "opt-1.3b-pipeline",
    "model_size": 2.6347503662109375,
    "max_prompt_len": 16,
    "max_new_tokens": 80,
    "dtype": "float32",
    "model_config_dir": null,
    "data_size": 8,
    "batch_size": 2,
    "inference_time": 5.377919465001469,
    "throughput": 119.00512905873818,
    "max_memory_allocated_per_device": [
        3.326038360595703,
        3.3019418716430664
    ]
}