{
    "description": "Pipeline parallel OPT-1.3B benchmark",
    "model_name": "opt-1.3b-pipeline",
    "model_size": 2.6347503662109375,
    "max_prompt_len": 80,
    "max_new_tokens": 128,
    "dtype": "float32",
    "model_config_dir": null,
    "data_size": 64,
    "batch_size": 32,
    "inference_time": 23.47798195500218,
    "throughput": 348.9226636131146,
    "max_memory_allocated_per_device": [
        5.854830741882324,
        5.637998580932617
    ]
}