{
    "description": "Pipeline parallel OPT-1.3B benchmark",
    "model_name": "opt-1.3b-pipeline",
    "model_size": 2.6503753662109375,
    "max_prompt_len": 64,
    "max_new_tokens": 128,
    "dtype": "float32",
    "model_config_dir": null,
    "data_size": 48,
    "batch_size": 24,
    "inference_time": 19.00341736200062,
    "throughput": 323.31027009308286,
    "max_memory_allocated_per_device": [
        5.027448654174805,
        4.871299743652344
    ]
}