{
    "description": "Pipeline parallel OPT-1.3B benchmark",
    "model_name": "opt-1.3b-pipeline",
    "model_size": 2.6347503662109375,
    "max_prompt_len": 32,
    "max_new_tokens": 80,
    "dtype": "float32",
    "model_config_dir": null,
    "data_size": 56,
    "batch_size": 14,
    "inference_time": 11.74765096000192,
    "throughput": 381.3528351543114,
    "max_memory_allocated_per_device": [
        4.414430141448975,
        4.303853511810303
    ]
}