{
    "description": "Pipeline parallel OPT-1.3B benchmark",
    "model_name": "opt-1.3b-pipeline",
    "model_size": 2.6347503662109375,
    "max_prompt_len": 32,
    "max_new_tokens": 128,
    "dtype": "float32",
    "model_config_dir": null,
    "data_size": 40,
    "batch_size": 40,
    "inference_time": 13.90394329999981,
    "throughput": 368.2408572537886,
    "max_memory_allocated_per_device": [
        4.484974384307861,
        4.372462749481201
    ]
}