{
    "description": "Pipeline parallel OPT-1.3B benchmark",
    "model_name": "opt-1.3b-pipeline",
    "model_size": 2.6503753662109375,
    "max_prompt_len": 48,
    "max_new_tokens": 128,
    "dtype": "float32",
    "model_config_dir": null,
    "data_size": 16,
    "batch_size": 8,
    "inference_time": 7.15611121999973,
    "throughput": 286.18895612973404,
    "max_memory_allocated_per_device": [
        3.7285075187683105,
        3.671196460723877
    ]
}