{
    "description": "Pipeline parallel OPT-1.3B benchmark",
    "model_name": "opt-1.3b-pipeline",
    "model_size": 2.6503753662109375,
    "max_prompt_len": 48,
    "max_new_tokens": 48,
    "dtype": "float32",
    "model_config_dir": null,
    "data_size": 16,
    "batch_size": 2,
    "inference_time": 6.738954532997013,
    "throughput": 113.96426496714284,
    "max_memory_allocated_per_device": [
        3.497819423675537,
        3.465463161468506
    ]
}