{
    "description": "Pipeline parallel OPT-1.3B benchmark",
    "model_name": "opt-1.3b-pipeline",
    "model_size": 2.6503753662109375,
    "max_prompt_len": 112,
    "max_new_tokens": 128,
    "dtype": "float32",
    "model_config_dir": null,
    "data_size": 40,
    "batch_size": 40,
    "inference_time": 19.72033086799638,
    "throughput": 259.6305322802224,
    "max_memory_allocated_per_device": [
        5.136640548706055,
        4.975597381591797
    ]
}