{
    "description": "Pipeline parallel OPT-1.3B benchmark",
    "model_name": "opt-1.3b-pipeline",
    "model_size": 2.6503753662109375,
    "max_prompt_len": 16,
    "max_new_tokens": 96,
    "dtype": "float32",
    "model_config_dir": null,
    "data_size": 48,
    "batch_size": 48,
    "inference_time": 10.002681698999368,
    "throughput": 460.6764604397007,
    "max_memory_allocated_per_device": [
        4.275576114654541,
        4.1792893409729
    ]
}