{
    "description": "Pipeline parallel OPT-1.3B benchmark",
    "model_name": "opt-1.3b-pipeline",
    "model_size": 2.6347503662109375,
    "max_prompt_len": 96,
    "max_new_tokens": 128,
    "dtype": "float32",
    "model_config_dir": null,
    "data_size": 48,
    "batch_size": 6,
    "inference_time": 23.565884441995877,
    "throughput": 260.7158672581373,
    "max_memory_allocated_per_device": [
        5.311954021453857,
        5.12520170211792
    ]
}