{
    "description": "Pipeline parallel OPT-1.3B benchmark",
    "model_name": "opt-1.3b-pipeline",
    "model_size": 2.6503753662109375,
    "max_prompt_len": 48,
    "max_new_tokens": 80,
    "dtype": "float32",
    "model_config_dir": null,
    "data_size": 40,
    "batch_size": 20,
    "inference_time": 10.795080122999934,
    "throughput": 296.43133386125584,
    "max_memory_allocated_per_device": [
        4.197912693023682,
        4.104607105255127
    ]
}