{
    "description": "Pipeline parallel OPT-1.3B benchmark",
    "model_name": "opt-1.3b-pipeline",
    "model_size": 2.6503753662109375,
    "max_prompt_len": 96,
    "max_new_tokens": 64,
    "dtype": "float32",
    "model_config_dir": null,
    "data_size": 24,
    "batch_size": 6,
    "inference_time": 6.918621764001728,
    "throughput": 222.0095349036075,
    "max_memory_allocated_per_device": [
        4.051158428192139,
        4.0003581047058105
    ]
}