{
    "description": "Pipeline parallel OPT-1.3B benchmark",
    "model_name": "opt-1.3b-pipeline",
    "model_size": 2.6347503662109375,
    "max_prompt_len": 64,
    "max_new_tokens": 64,
    "dtype": "float32",
    "model_config_dir": null,
    "data_size": 48,
    "batch_size": 24,
    "inference_time": 10.187583382998127,
    "throughput": 301.54354418603384,
    "max_memory_allocated_per_device": [
        4.406900405883789,
        4.298116683959961
    ]
}