{
    "description": "Pipeline parallel OPT-1.3B benchmark",
    "model_name": "opt-1.3b-pipeline",
    "model_size": 2.6503753662109375,
    "max_prompt_len": 112,
    "max_new_tokens": 80,
    "dtype": "float32",
    "model_config_dir": null,
    "data_size": 48,
    "batch_size": 48,
    "inference_time": 14.838974165999389,
    "throughput": 258.77799617702755,
    "max_memory_allocated_per_device": [
        5.283994197845459,
        5.1862969398498535
    ]
}