{
    "description": "Pipeline parallel OPT-1.3B benchmark",
    "model_name": "opt-1.3b-pipeline",
    "model_size": 2.6347503662109375,
    "max_prompt_len": 128,
    "max_new_tokens": 96,
    "dtype": "float32",
    "model_config_dir": null,
    "data_size": 8,
    "batch_size": 2,
    "inference_time": 7.609046272000342,
    "throughput": 100.93249174026911,
    "max_memory_allocated_per_device": [
        3.5592703819274902,
        3.528012752532959
    ]
}