{
    "description": "Pipeline parallel OPT-1.3B benchmark",
    "model_name": "opt-1.3b-pipeline",
    "model_size": 2.6503753662109375,
    "max_prompt_len": 112,
    "max_new_tokens": 96,
    "dtype": "float32",
    "model_config_dir": null,
    "data_size": 24,
    "batch_size": 6,
    "inference_time": 10.14728475100128,
    "throughput": 227.05581409575143,
    "max_memory_allocated_per_device": [
        4.210669994354248,
        4.155044078826904
    ]
}