{
    "description": "Pipeline parallel OPT-1.3B benchmark",
    "model_name": "opt-1.3b-pipeline",
    "model_size": 2.6503753662109375,
    "max_prompt_len": 96,
    "max_new_tokens": 128,
    "dtype": "float32",
    "model_config_dir": null,
    "data_size": 40,
    "batch_size": 5,
    "inference_time": 22.31342637700436,
    "throughput": 229.45826039861538,
    "max_memory_allocated_per_device": [
        4.9545578956604,
        4.798922061920166
    ]
}