{
    "description": "Pipeline parallel OPT-1.3B benchmark",
    "model_name": "opt-1.3b-pipeline",
    "model_size": 2.6347503662109375,
    "max_prompt_len": 64,
    "max_new_tokens": 96,
    "dtype": "float32",
    "model_config_dir": null,
    "data_size": 56,
    "batch_size": 56,
    "inference_time": 15.090484163003566,
    "throughput": 356.2509951257904,
    "max_memory_allocated_per_device": [
        5.009631633758545,
        4.859307765960693
    ]
}