{
    "description": "Pipeline parallel OPT-1.3B benchmark",
    "model_name": "opt-1.3b-pipeline",
    "model_size": 2.6347503662109375,
    "max_prompt_len": 112,
    "max_new_tokens": 128,
    "dtype": "float32",
    "model_config_dir": null,
    "data_size": 56,
    "batch_size": 28,
    "inference_time": 24.46807516199624,
    "throughput": 292.95316254109446,
    "max_memory_allocated_per_device": [
        5.8760857582092285,
        5.656374454498291
    ]
}