{
    "description": "Pipeline parallel OPT-1.3B benchmark",
    "model_name": "opt-1.3b-pipeline",
    "model_size": 2.6503753662109375,
    "max_prompt_len": 96,
    "max_new_tokens": 16,
    "dtype": "float32",
    "model_config_dir": null,
    "data_size": 8,
    "batch_size": 8,
    "inference_time": 1.2239360379990103,
    "throughput": 104.58062842014584,
    "max_memory_allocated_per_device": [
        3.502197742462158,
        3.4609456062316895
    ]
}