{
    "description": "Pipeline parallel OPT-1.3B benchmark",
    "model_name": "opt-1.3b-pipeline",
    "model_size": 2.6347503662109375,
    "max_prompt_len": 48,
    "max_new_tokens": 48,
    "dtype": "float32",
    "model_config_dir": null,
    "data_size": 64,
    "batch_size": 16,
    "inference_time": 9.213516865005658,
    "throughput": 333.42317000231736,
    "max_memory_allocated_per_device": [
        4.397172927856445,
        4.28923225402832
    ]
}