{
    "description": "Pipeline parallel OPT-1.3B benchmark",
    "model_name": "opt-1.3b-pipeline",
    "model_size": 2.6503753662109375,
    "max_prompt_len": 48,
    "max_new_tokens": 112,
    "dtype": "float32",
    "model_config_dir": null,
    "data_size": 8,
    "batch_size": 8,
    "inference_time": 3.9792562540005747,
    "throughput": 225.16770542213757,
    "max_memory_allocated_per_device": [
        3.4243197441101074,
        3.3891167640686035
    ]
}