{
    "description": "Pipeline parallel OPT-1.3B benchmark",
    "model_name": "opt-1.3b-pipeline",
    "model_size": 2.6503753662109375,
    "max_prompt_len": 32,
    "max_new_tokens": 48,
    "dtype": "float32",
    "model_config_dir": null,
    "data_size": 64,
    "batch_size": 16,
    "inference_time": 8.281893890001811,
    "throughput": 370.9296497638813,
    "max_memory_allocated_per_device": [
        4.192660331726074,
        4.097673416137695
    ]
}