{
    "description": "Pipeline parallel OPT-1.3B benchmark",
    "model_name": "opt-1.3b-pipeline",
    "model_size": 2.6347503662109375,
    "max_prompt_len": 16,
    "max_new_tokens": 128,
    "dtype": "float32",
    "model_config_dir": null,
    "data_size": 40,
    "batch_size": 5,
    "inference_time": 19.2147987640019,
    "throughput": 266.46128657834817,
    "max_memory_allocated_per_device": [
        4.337896823883057,
        4.2351861000061035
    ]
}