{
    "description": "Pipeline parallel OPT-1.3B benchmark",
    "model_name": "opt-1.3b-pipeline",
    "model_size": 2.6347503662109375,
    "max_prompt_len": 80,
    "max_new_tokens": 128,
    "dtype": "float32",
    "model_config_dir": null,
    "data_size": 64,
    "batch_size": 8,
    "inference_time": 25.42594026799634,
    "throughput": 322.1906412763535,
    "max_memory_allocated_per_device": [
        5.814612865447998,
        5.59389066696167
    ]
}