{
    "description": "Pipeline parallel OPT-1.3B benchmark",
    "model_name": "opt-1.3b-pipeline",
    "model_size": 2.6503753662109375,
    "max_prompt_len": 16,
    "max_new_tokens": 128,
    "dtype": "float32",
    "model_config_dir": null,
    "data_size": 64,
    "batch_size": 64,
    "inference_time": 16.30790075600089,
    "throughput": 502.33320171423986,
    "max_memory_allocated_per_device": [
        5.0699663162231445,
        4.91554069519043
    ]
}