{
    "description": "Pipeline parallel OPT-1.3B benchmark",
    "model_name": "opt-1.3b-pipeline",
    "model_size": 2.6503753662109375,
    "max_prompt_len": 32,
    "max_new_tokens": 112,
    "dtype": "float32",
    "model_config_dir": null,
    "data_size": 56,
    "batch_size": 56,
    "inference_time": 14.120055288003641,
    "throughput": 444.190895295479,
    "max_memory_allocated_per_device": [
        4.8203277587890625,
        4.683245658874512
    ]
}