{
    "description": "Pipeline parallel OPT-1.3B benchmark",
    "model_name": "opt-1.3b-pipeline",
    "model_size": 2.6503753662109375,
    "max_prompt_len": 64,
    "max_new_tokens": 80,
    "dtype": "float32",
    "model_config_dir": null,
    "data_size": 48,
    "batch_size": 6,
    "inference_time": 14.478767957996752,
    "throughput": 265.2159362688822,
    "max_memory_allocated_per_device": [
        4.543155670166016,
        4.421177387237549
    ]
}