{
    "description": "Pipeline parallel OPT-1.3B benchmark",
    "model_name": "opt-1.3b",
    "model_size": 2.6503753662109375,
    "dtype": "float32",
    "max_prompt_len": 320,
    "max_new_tokens": 1,
    "model_config_dir": null,
    "data_size": 16,
    "batch_size": 16,
    "inference_time": 5.346846944999925,
    "throughput": 2.992417805219264,
    "max_memory_allocated_per_device": [
        5.171976089477539,
        4.824281692504883
    ]
}