{
    "description": "Pipeline parallel OPT-1.3B benchmark",
    "model_name": "opt-1.3b-pipeline",
    "model_size": 2.6503753662109375,
    "max_prompt_len": 48,
    "max_new_tokens": 64,
    "dtype": "float32",
    "model_config_dir": null,
    "data_size": 16,
    "batch_size": 4,
    "inference_time": 5.2867386560028535,
    "throughput": 193.69219222465142,
    "max_memory_allocated_per_device": [
        3.5188913345336914,
        3.475828170776367
    ]
}