{
    "description": "Pipeline parallel OPT-6.7B benchmark",
    "model_name": "opt-6.7b",
    "model_size": 3.0248794555664062,
    "max_prompt_len": 384,
    "max_new_tokens": 384,
    "dtype": "float16",
    "model_config_dir": null,
    "data_size": 16,
    "batch_size": 4,
    "inference_time": 49.03921909699966,
    "throughput": 125.28747629213176,
    "max_memory_allocated_per_device": [
        4.836182594299316,
        5.562043190002441,
        5.561921119689941,
        4.6319475173950195
    ]
}