{
    "description": "Pipeline parallel OPT-1.3B benchmark",
    "model_name": "opt-1.3b-pipeline",
    "model_size": 2.6503753662109375,
    "max_prompt_len": 16,
    "max_new_tokens": 80,
    "dtype": "float32",
    "model_config_dir": null,
    "data_size": 24,
    "batch_size": 24,
    "inference_time": 6.185894021000422,
    "throughput": 310.38359103499243,
    "max_memory_allocated_per_device": [
        3.6359715461730957,
        3.5860276222229004
    ]
}