{
    "description": "Pipeline parallel OPT-1.3B benchmark",
    "model_name": "opt-1.3b-pipeline",
    "model_size": 2.6503753662109375,
    "max_prompt_len": 96,
    "max_new_tokens": 128,
    "dtype": "float32",
    "model_config_dir": null,
    "data_size": 16,
    "batch_size": 4,
    "inference_time": 10.828021909997915,
    "throughput": 189.1388858484859,
    "max_memory_allocated_per_device": [
        3.8764424324035645,
        3.805939197540283
    ]
}