{
    "description": "Pipeline parallel OPT-1.3B benchmark",
    "model_name": "opt-1.3b-pipeline",
    "model_size": 2.6503753662109375,
    "max_prompt_len": 32,
    "max_new_tokens": 32,
    "dtype": "float32",
    "model_config_dir": null,
    "data_size": 64,
    "batch_size": 8,
    "inference_time": 6.197742133001157,
    "throughput": 330.4429187356798,
    "max_memory_allocated_per_device": [
        3.9891414642333984,
        3.9108471870422363
    ]
}