{
    "description": "Pipeline parallel OPT-1.3B benchmark",
    "model_name": "opt-1.3b-pipeline",
    "model_size": 2.6503753662109375,
    "max_prompt_len": 64,
    "max_new_tokens": 16,
    "dtype": "float32",
    "model_config_dir": null,
    "data_size": 32,
    "batch_size": 4,
    "inference_time": 3.338572968998051,
    "throughput": 153.3589365140214,
    "max_memory_allocated_per_device": [
        3.959202289581299,
        3.9108471870422363
    ]
}