{
    "description": "Pipeline parallel OPT-1.3B benchmark",
    "model_name": "opt-1.3b-pipeline",
    "model_size": 2.6347503662109375,
    "max_prompt_len": 64,
    "max_new_tokens": 112,
    "dtype": "float32",
    "model_config_dir": null,
    "data_size": 16,
    "batch_size": 16,
    "inference_time": 7.467010644002585,
    "throughput": 239.98894409495898,
    "max_memory_allocated_per_device": [
        3.740593433380127,
        3.6824421882629395
    ]
}