{
    "description": "Pipeline parallel OPT-1.3B benchmark",
    "model_name": "opt-1.3b-pipeline",
    "model_size": 2.6503753662109375,
    "max_prompt_len": 96,
    "max_new_tokens": 32,
    "dtype": "float32",
    "model_config_dir": null,
    "data_size": 24,
    "batch_size": 3,
    "inference_time": 5.818880834001902,
    "throughput": 131.9841429836968,
    "max_memory_allocated_per_device": [
        4.058765888214111,
        4.006008625030518
    ]
}