{
    "description": "Pipeline parallel OPT-1.3B benchmark",
    "model_name": "opt-1.3b-pipeline",
    "model_size": 2.6347503662109375,
    "max_prompt_len": 128,
    "max_new_tokens": 128,
    "dtype": "float32",
    "model_config_dir": null,
    "data_size": 16,
    "batch_size": 16,
    "inference_time": 10.233311484000296,
    "throughput": 200.1307204615077,
    "max_memory_allocated_per_device": [
        4.0047078132629395,
        3.9270567893981934
    ]
}