{
    "description": "Pipeline parallel OPT-1.3B benchmark",
    "model_name": "opt-1.3b-pipeline",
    "model_size": 2.6347503662109375,
    "max_prompt_len": 112,
    "max_new_tokens": 112,
    "dtype": "float32",
    "model_config_dir": null,
    "data_size": 16,
    "batch_size": 8,
    "inference_time": 7.7762089440002455,
    "throughput": 230.44648271477098,
    "max_memory_allocated_per_device": [
        3.885486602783203,
        3.815680503845215
    ]
}