{
    "description": "Pipeline parallel OPT-1.3B benchmark",
    "model_name": "opt-1.3b-pipeline",
    "model_size": 2.6347503662109375,
    "max_prompt_len": 80,
    "max_new_tokens": 80,
    "dtype": "float32",
    "model_config_dir": null,
    "data_size": 24,
    "batch_size": 12,
    "inference_time": 8.484246985000937,
    "throughput": 226.30175705567206,
    "max_memory_allocated_per_device": [
        3.9377479553222656,
        3.8645763397216797
    ]
}