{
    "description": "Pipeline parallel OPT-1.3B benchmark",
    "model_name": "opt-1.3b-pipeline",
    "model_size": 2.6347503662109375,
    "max_prompt_len": 64,
    "max_new_tokens": 32,
    "dtype": "float32",
    "model_config_dir": null,
    "data_size": 56,
    "batch_size": 56,
    "inference_time": 7.395387075994222,
    "throughput": 242.3132124911916,
    "max_memory_allocated_per_device": [
        4.581741809844971,
        4.511401653289795
    ]
}