{
    "description": "Pipeline parallel OPT-1.3B benchmark",
    "model_name": "opt-1.3b-pipeline",
    "model_size": 2.6503753662109375,
    "max_prompt_len": 128,
    "max_new_tokens": 112,
    "dtype": "float32",
    "model_config_dir": null,
    "data_size": 64,
    "batch_size": 16,
    "inference_time": 25.225433745999908,
    "throughput": 284.15765105076366,
    "max_memory_allocated_per_device": [
        6.30417013168335,
        5.938586711883545
    ]
}