{
    "description": "Pipeline parallel OPT-6.7B benchmark",
    "model_name": "opt-6.7b",
    "model_size": 3.0092544555664062,
    "max_prompt_len": 384,
    "max_new_tokens": 256,
    "dtype": "float16",
    "model_config_dir": null,
    "data_size": 16,
    "batch_size": 16,
    "inference_time": 27.68290627999977,
    "throughput": 147.96134331312103,
    "max_memory_allocated_per_device": [
        4.717251777648926,
        5.301908016204834,
        5.301908016204834,
        4.576458930969238
    ]
}