{
    "description": "Pipeline parallel OPT-1.3B benchmark",
    "model_name": "opt-1.3b-pipeline",
    "model_size": 2.6347503662109375,
    "max_prompt_len": 32,
    "max_new_tokens": 16,
    "dtype": "float32",
    "model_config_dir": null,
    "data_size": 56,
    "batch_size": 56,
    "inference_time": 3.132539831996837,
    "throughput": 286.0298824768159,
    "max_memory_allocated_per_device": [
        4.758158206939697,
        4.619364261627197
    ]
}