{
    "description": "Pipeline parallel OPT-1.3B benchmark",
    "model_name": "opt-1.3b-pipeline",
    "model_size": 2.6503753662109375,
    "max_prompt_len": 64,
    "max_new_tokens": 32,
    "dtype": "float32",
    "model_config_dir": null,
    "data_size": 40,
    "batch_size": 5,
    "inference_time": 6.364106154000183,
    "throughput": 201.12800902848724,
    "max_memory_allocated_per_device": [
        4.153675556182861,
        4.098172664642334
    ]
}