{
    "description": "Pipeline parallel OPT-1.3B benchmark",
    "model_name": "opt-1.3b-pipeline",
    "model_size": 2.6503753662109375,
    "max_prompt_len": 48,
    "max_new_tokens": 16,
    "dtype": "float32",
    "model_config_dir": null,
    "data_size": 40,
    "batch_size": 40,
    "inference_time": 3.292100197999389,
    "throughput": 194.4047755256442,
    "max_memory_allocated_per_device": [
        4.435762882232666,
        4.3201470375061035
    ]
}