{
    "description": "Pipeline parallel OPT-1.3B benchmark",
    "model_name": "opt-1.3b",
    "model_size": 2.6347503662109375,
    "dtype": "float32",
    "max_prompt_len": 256,
    "max_new_tokens": 1,
    "model_config_dir": null,
    "data_size": 24,
    "batch_size": 12,
    "inference_time": 5.582780411000158,
    "throughput": 4.2989331897616925,
    "max_memory_allocated_per_device": [
        5.552858829498291,
        5.1895318031311035
    ]
}