{
    "description": "Pipeline parallel OPT-1.3B benchmark",
    "model_name": "opt-1.3b-pipeline",
    "model_size": 2.6347503662109375,
    "max_prompt_len": 80,
    "max_new_tokens": 96,
    "dtype": "float32",
    "model_config_dir": null,
    "data_size": 8,
    "batch_size": 4,
    "inference_time": 4.759915462000208,
    "throughput": 161.34740335856125,
    "max_memory_allocated_per_device": [
        3.4448137283325195,
        3.4066333770751953
    ]
}