{
    "description": "Pipeline parallel OPT-1.3B benchmark",
    "model_name": "opt-1.3b-pipeline",
    "model_size": 2.6347503662109375,
    "max_prompt_len": 80,
    "max_new_tokens": 96,
    "dtype": "float32",
    "model_config_dir": null,
    "data_size": 32,
    "batch_size": 4,
    "inference_time": 14.888176793003367,
    "throughput": 206.3382268165752,
    "max_memory_allocated_per_device": [
        4.2839250564575195,
        4.179571151733398
    ]
}