{
    "description": "Pipeline parallel OPT-1.3B benchmark",
    "model_name": "opt-1.3b-pipeline",
    "model_size": 2.6347503662109375,
    "max_prompt_len": 16,
    "max_new_tokens": 64,
    "dtype": "float32",
    "model_config_dir": null,
    "data_size": 56,
    "batch_size": 14,
    "inference_time": 8.927226504005375,
    "throughput": 401.4684738190487,
    "max_memory_allocated_per_device": [
        4.0660223960876465,
        3.982764720916748
    ]
}