{
    "description": "Pipeline parallel OPT-1.3B benchmark",
    "model_name": "opt-1.3b-pipeline",
    "model_size": 2.6503753662109375,
    "max_prompt_len": 16,
    "max_new_tokens": 48,
    "dtype": "float32",
    "model_config_dir": null,
    "data_size": 64,
    "batch_size": 16,
    "inference_time": 7.423834216002433,
    "throughput": 413.8023439933715,
    "max_memory_allocated_per_device": [
        3.9818172454833984,
        3.903749465942383
    ]
}