{
    "description": "Pipeline parallel OPT-1.3B benchmark",
    "model_name": "opt-1.3b-pipeline",
    "model_size": 2.6347503662109375,
    "max_prompt_len": 48,
    "max_new_tokens": 64,
    "dtype": "float32",
    "model_config_dir": null,
    "data_size": 32,
    "batch_size": 4,
    "inference_time": 9.528610460998607,
    "throughput": 214.9316532964207,
    "max_memory_allocated_per_device": [
        3.8780908584594727,
        3.8052988052368164
    ]
}