{
    "description": "Pipeline parallel OPT-1.3B benchmark",
    "model_name": "opt-1.3b-pipeline",
    "model_size": 2.6503753662109375,
    "max_prompt_len": 48,
    "max_new_tokens": 112,
    "dtype": "float32",
    "model_config_dir": null,
    "data_size": 48,
    "batch_size": 6,
    "inference_time": 18.654283659998327,
    "throughput": 288.19117892627145,
    "max_memory_allocated_per_device": [
        4.692927360534668,
        4.556702613830566
    ]
}