{
    "description": "Pipeline parallel OPT-1.3B benchmark",
    "model_name": "opt-1.3b-pipeline",
    "model_size": 2.6503753662109375,
    "max_prompt_len": 112,
    "max_new_tokens": 96,
    "dtype": "float32",
    "model_config_dir": null,
    "data_size": 56,
    "batch_size": 7,
    "inference_time": 20.523357384998235,
    "throughput": 261.9454458230915,
    "max_memory_allocated_per_device": [
        5.583561420440674,
        5.4716925621032715
    ]
}