{
    "description": "Pipeline parallel OPT-1.3B benchmark",
    "model_name": "opt-1.3b-pipeline",
    "model_size": 2.6503753662109375,
    "max_prompt_len": 48,
    "max_new_tokens": 128,
    "dtype": "float32",
    "model_config_dir": null,
    "data_size": 24,
    "batch_size": 6,
    "inference_time": 11.408296286997938,
    "throughput": 269.27771883880376,
    "max_memory_allocated_per_device": [
        4.006678581237793,
        3.9265928268432617
    ]
}