{
    "description": "Pipeline parallel OPT-1.3B benchmark",
    "model_name": "opt-1.3b-pipeline",
    "model_size": 2.6503753662109375,
    "max_prompt_len": 32,
    "max_new_tokens": 32,
    "dtype": "float32",
    "model_config_dir": null,
    "data_size": 40,
    "batch_size": 5,
    "inference_time": 5.455930836000334,
    "throughput": 234.60707961216568,
    "max_memory_allocated_per_device": [
        3.675112247467041,
        3.62278413772583
    ]
}