{
    "description": "Pipeline parallel OPT-1.3B benchmark",
    "model_name": "opt-1.3b-pipeline",
    "model_size": 2.6503753662109375,
    "max_prompt_len": 16,
    "max_new_tokens": 48,
    "dtype": "float32",
    "model_config_dir": null,
    "data_size": 64,
    "batch_size": 32,
    "inference_time": 6.5421958599981735,
    "throughput": 469.5671095363473,
    "max_memory_allocated_per_device": [
        3.994203567504883,
        3.9174461364746094
    ]
}