{
    "description": "Pipeline parallel OPT-1.3B benchmark",
    "model_name": "opt-1.3b-pipeline",
    "model_size": 2.6503753662109375,
    "max_prompt_len": 48,
    "max_new_tokens": 80,
    "dtype": "float32",
    "model_config_dir": null,
    "data_size": 8,
    "batch_size": 8,
    "inference_time": 2.8704246360011894,
    "throughput": 222.9635267106643,
    "max_memory_allocated_per_device": [
        3.3699965476989746,
        3.3395771980285645
    ]
}