{
    "description": "Pipeline parallel OPT-1.3B benchmark",
    "model_name": "opt-1.3b-pipeline",
    "model_size": 2.6503753662109375,
    "max_prompt_len": 32,
    "max_new_tokens": 64,
    "dtype": "float32",
    "model_config_dir": null,
    "data_size": 48,
    "batch_size": 24,
    "inference_time": 8.607521486999758,
    "throughput": 356.8971630962234,
    "max_memory_allocated_per_device": [
        4.093376159667969,
        4.008223533630371
    ]
}