{
    "description": "Pipeline parallel OPT-1.3B benchmark",
    "model_name": "opt-1.3b-pipeline",
    "model_size": 2.6503753662109375,
    "max_prompt_len": 80,
    "max_new_tokens": 16,
    "dtype": "float32",
    "model_config_dir": null,
    "data_size": 24,
    "batch_size": 12,
    "inference_time": 2.9655553529992176,
    "throughput": 129.4867079825845,
    "max_memory_allocated_per_device": [
        3.9059910774230957,
        3.861053943634033
    ]
}