{
    "description": "Pipeline parallel OPT-1.3B benchmark",
    "model_name": "opt-1.3b-pipeline",
    "model_size": 2.6347503662109375,
    "max_prompt_len": 32,
    "max_new_tokens": 64,
    "dtype": "float32",
    "model_config_dir": null,
    "data_size": 24,
    "batch_size": 24,
    "inference_time": 5.414595785001438,
    "throughput": 283.6776854617213,
    "max_memory_allocated_per_device": [
        3.6350455284118652,
        3.5847487449645996
    ]
}