{
    "description": "Pipeline parallel OPT-1.3B benchmark",
    "model_name": "opt-1.3b-pipeline",
    "model_size": 2.6503753662109375,
    "max_prompt_len": 16,
    "max_new_tokens": 64,
    "dtype": "float32",
    "model_config_dir": null,
    "data_size": 48,
    "batch_size": 6,
    "inference_time": 10.104650391003815,
    "throughput": 304.01843518851535,
    "max_memory_allocated_per_device": [
        3.9269838333129883,
        3.8545970916748047
    ]
}