{
    "description": "Pipeline parallel OPT-1.3B benchmark",
    "model_name": "opt-1.3b-pipeline",
    "model_size": 2.6503753662109375,
    "max_prompt_len": 96,
    "max_new_tokens": 16,
    "dtype": "float32",
    "model_config_dir": null,
    "data_size": 40,
    "batch_size": 5,
    "inference_time": 4.976297466993856,
    "throughput": 128.60967501338283,
    "max_memory_allocated_per_device": [
        4.688710689544678,
        4.606648921966553
    ]
}