{
    "description": "Pipeline parallel OPT-1.3B benchmark",
    "model_name": "opt-1.3b-pipeline",
    "model_size": 2.6503753662109375,
    "max_prompt_len": 16,
    "max_new_tokens": 16,
    "dtype": "float32",
    "model_config_dir": null,
    "data_size": 48,
    "batch_size": 24,
    "inference_time": 2.231851615004416,
    "throughput": 344.1088981170822,
    "max_memory_allocated_per_device": [
        3.4754600524902344,
        3.4377660751342773
    ]
}