{
    "description": "Pipeline parallel OPT-1.3B benchmark",
    "model_name": "opt-1.3b-pipeline",
    "model_size": 2.6503753662109375,
    "max_prompt_len": 16,
    "max_new_tokens": 16,
    "dtype": "float32",
    "model_config_dir": null,
    "data_size": 16,
    "batch_size": 2,
    "inference_time": 2.1893188479989476,
    "throughput": 116.93134612803692,
    "max_memory_allocated_per_device": [
        3.2053236961364746,
        3.118500232696533
    ]
}