{
    "description": "Pipeline parallel OPT-1.3B benchmark",
    "model_name": "opt-1.3b-pipeline",
    "model_size": 2.6503753662109375,
    "max_prompt_len": 32,
    "max_new_tokens": 80,
    "dtype": "float32",
    "model_config_dir": null,
    "data_size": 40,
    "batch_size": 10,
    "inference_time": 9.1008078570012,
    "throughput": 351.6171366631214,
    "max_memory_allocated_per_device": [
        4.059396266937256,
        3.975094795227051
    ]
}