{
    "description": "Pipeline parallel OPT-6.7B benchmark",
    "model_name": "opt-6.7b",
    "model_size": 3.0092544555664062,
    "max_prompt_len": 512,
    "max_new_tokens": 512,
    "dtype": "float16",
    "model_config_dir": null,
    "data_size": 16,
    "batch_size": 4,
    "inference_time": 69.23817483899984,
    "throughput": 118.31623261371249,
    "max_memory_allocated_per_device": [
        5.344539642333984,
        6.195309638977051,
        6.195248603820801,
        5.077210426330566
    ]
}