{
    "description": "Pipeline parallel OPT-1.3B benchmark",
    "model_name": "opt-1.3b-pipeline",
    "model_size": 2.6347503662109375,
    "max_prompt_len": 32,
    "max_new_tokens": 48,
    "dtype": "float32",
    "model_config_dir": null,
    "data_size": 48,
    "batch_size": 48,
    "inference_time": 5.757571982998343,
    "throughput": 400.16868339701716,
    "max_memory_allocated_per_device": [
        3.9539694786071777,
        3.8815245628356934
    ]
}