{
    "description": "Pipeline parallel OPT-1.3B benchmark",
    "model_name": "opt-1.3b-pipeline",
    "model_size": 2.6347503662109375,
    "max_prompt_len": 128,
    "max_new_tokens": 80,
    "dtype": "float32",
    "model_config_dir": null,
    "data_size": 24,
    "batch_size": 6,
    "inference_time": 9.214549951000663,
    "throughput": 208.366117738772,
    "max_memory_allocated_per_device": [
        4.351619243621826,
        4.289096355438232
    ]
}