{
    "description": "Pipeline parallel OPT-1.3B benchmark",
    "model_name": "opt-1.3b-pipeline",
    "model_size": 2.6503753662109375,
    "max_prompt_len": 64,
    "max_new_tokens": 16,
    "dtype": "float32",
    "model_config_dir": null,
    "data_size": 24,
    "batch_size": 3,
    "inference_time": 3.268003392000537,
    "throughput": 117.50293801406706,
    "max_memory_allocated_per_device": [
        3.7596707344055176,
        3.7183356285095215
    ]
}