{
    "description": "Pipeline parallel OPT-1.3B benchmark",
    "model_name": "opt-1.3b",
    "model_size": 2.6503753662109375,
    "dtype": "float32",
    "max_prompt_len": 384,
    "max_new_tokens": 1,
    "model_config_dir": null,
    "data_size": 16,
    "batch_size": 8,
    "inference_time": 5.641871091999974,
    "throughput": 2.835938598931759,
    "max_memory_allocated_per_device": [
        5.552858829498291,
        5.1895318031311035
    ]
}