{
    "description": "Pipeline parallel OPT-1.3B benchmark",
    "model_name": "opt-1.3b-pipeline",
    "model_size": 2.6503753662109375,
    "max_prompt_len": 96,
    "max_new_tokens": 128,
    "dtype": "float32",
    "model_config_dir": null,
    "data_size": 56,
    "batch_size": 28,
    "inference_time": 22.560283224003797,
    "throughput": 317.72650763414873,
    "max_memory_allocated_per_device": [
        5.69490385055542,
        5.488872051239014
    ]
}