{
    "description": "Pipeline parallel OPT-1.3B benchmark",
    "model_name": "opt-1.3b-pipeline",
    "model_size": 2.6503753662109375,
    "max_prompt_len": 80,
    "max_new_tokens": 96,
    "dtype": "float32",
    "model_config_dir": null,
    "data_size": 8,
    "batch_size": 1,
    "inference_time": 12.83761118700022,
    "throughput": 59.82421408569389,
    "max_memory_allocated_per_device": [
        3.495920181274414,
        3.4638900756835938
    ]
}}