{
    "description": "Pipeline parallel OPT-1.3B benchmark",
    "model_name": "opt-1.3b-pipeline",
    "model_size": 2.6503753662109375,
    "max_prompt_len": 80,
    "max_new_tokens": 128,
    "dtype": "float32",
    "model_config_dir": null,
    "data_size": 8,
    "batch_size": 4,
    "inference_time": 6.225590671001555,
    "throughput": 164.48238474298245,
    "max_memory_allocated_per_device": [
        3.4991087913513184,
        3.4586405754089355
    ]
}