{
    "description": "Pipeline parallel OPT-1.3B benchmark",
    "model_name": "opt-1.3b-pipeline",
    "model_size": 2.6503753662109375,
    "max_prompt_len": 96,
    "max_new_tokens": 128,
    "dtype": "float32",
    "model_config_dir": null,
    "data_size": 56,
    "batch_size": 14,
    "inference_time": 23.349503962999734,
    "throughput": 306.9872495517939,
    "max_memory_allocated_per_device": [
        5.670858860015869,
        5.464369297027588
    ]
}