{
    "description": "Pipeline parallel OPT-1.3B benchmark",
    "model_name": "opt-1.3b-pipeline",
    "model_size": 2.6503753662109375,
    "max_prompt_len": 80,
    "max_new_tokens": 48,
    "dtype": "float32",
    "model_config_dir": null,
    "data_size": 16,
    "batch_size": 16,
    "inference_time": 3.996481430000131,
    "throughput": 192.16904005481013,
    "max_memory_allocated_per_device": [
        3.6659369468688965,
        3.630770206451416
    ]
}