{
    "description": "Pipeline parallel OPT-1.3B benchmark",
    "model_name": "opt-1.3b-pipeline",
    "model_size": 2.6503753662109375,
    "max_prompt_len": 48,
    "max_new_tokens": 112,
    "dtype": "float32",
    "model_config_dir": null,
    "data_size": 16,
    "batch_size": 16,
    "inference_time": 7.002412265999737,
    "throughput": 255.9118103772708,
    "max_memory_allocated_per_device": [
        3.6887707710266113,
        3.6340928077697754
    ]
}