{
    "description": "Pipeline parallel OPT-1.3B benchmark",
    "model_name": "opt-1.3b-pipeline",
    "model_size": 2.6347503662109375,
    "max_prompt_len": 48,
    "max_new_tokens": 112,
    "dtype": "float32",
    "model_config_dir": null,
    "data_size": 48,
    "batch_size": 48,
    "inference_time": 14.178402710000228,
    "throughput": 379.1682398898313,
    "max_memory_allocated_per_device": [
        4.746255397796631,
        4.6144185066223145
    ]
}