{
    "description": "Pipeline parallel OPT-1.3B benchmark",
    "model_name": "opt-1.3b",
    "model_size": 2.6503753662109375,
    "dtype": "float32",
    "max_prompt_len": 128,
    "max_new_tokens": 1,
    "model_config_dir": null,
    "data_size": 24,
    "batch_size": 6,
    "inference_time": 2.141168070000049,
    "throughput": 11.208835184992953,
    "max_memory_allocated_per_device": [
        4.351619243621826,
        4.035190105438232
    ]
}