{
    "description": "Pipeline parallel OPT-1.3B benchmark",
    "model_name": "opt-1.3b-pipeline",
    "model_size": 2.6347503662109375,
    "max_prompt_len": 32,
    "max_new_tokens": 48,
    "dtype": "float32",
    "model_config_dir": null,
    "data_size": 48,
    "batch_size": 12,
    "inference_time": 7.627826654003002,
    "throughput": 302.05196112983054,
    "max_memory_allocated_per_device": [
        3.9273314476013184,
        3.8554234504699707
    ]
}