{
    "description": "Pipeline parallel OPT-1.3B benchmark",
    "model_name": "opt-1.3b-pipeline",
    "model_size": 2.6347503662109375,
    "max_prompt_len": 48,
    "max_new_tokens": 80,
    "dtype": "float32",
    "model_config_dir": null,
    "data_size": 40,
    "batch_size": 5,
    "inference_time": 12.928223720999085,
    "throughput": 247.52046909602103,
    "max_memory_allocated_per_device": [
        4.184036731719971,
        4.091690540313721
    ]
}