{
    "description": "Pipeline parallel OPT-6.7B benchmark",
    "model_name": "opt-6.7b",
    "model_size": 3.0092544555664062,
    "max_prompt_len": 384,
    "max_new_tokens": 256,
    "dtype": "float16",
    "model_config_dir": null,
    "data_size": 48,
    "batch_size": 48,
    "inference_time": 58.62282550499913,
    "throughput": 209.61118632796243,
    "max_memory_allocated_per_device": [
        7.531674385070801,
        8.583133697509766,
        8.583133697509766,
        7.138592720031738
    ]
}