{
    "description": "Pipeline parallel OPT-6.7B benchmark",
    "model_name": "opt-6.7b",
    "model_size": 3.3758926391601562,
    "max_prompt_len": 128,
    "max_new_tokens": 128,
    "dtype": "float16",
    "model_config_dir": null,
    "data_size": 32,
    "batch_size": 8,
    "inference_time": 16.127589607000118,
    "throughput": 253.97471660750512,
    "max_memory_allocated_per_device": [
        4.32804012298584,
        4.92844295501709,
        4.92819881439209,
        4.1877546310424805
    ]
}