{
    "description": "Pipeline parallel OPT-6.7B benchmark",
    "model_name": "opt-6.7b",
    "model_size": 3.0248794555664062,
    "max_prompt_len": 256,
    "max_new_tokens": 384,
    "dtype": "float16",
    "model_config_dir": null,
    "data_size": 16,
    "batch_size": 8,
    "inference_time": 36.935477386,
    "throughput": 166.34413400945556,
    "max_memory_allocated_per_device": [
        4.600529670715332,
        5.263859748840332,
        5.263859748840332,
        4.42825984954834
    ]
}