{
    "description": "Pipeline parallel OPT-1.3B benchmark",
    "model_name": "opt-1.3b-pipeline",
    "model_size": 2.6503753662109375,
    "max_prompt_len": 32,
    "max_new_tokens": 128,
    "dtype": "float32",
    "model_config_dir": null,
    "data_size": 24,
    "batch_size": 24,
    "inference_time": 10.960854182998446,
    "throughput": 280.2701275567581,
    "max_memory_allocated_per_device": [
        3.9541773796081543,
        3.8803811073303223
    ]
}