{
    "description": "Pipeline parallel OPT-1.3B benchmark",
    "model_name": "opt-1.3b-pipeline",
    "model_size": 2.6347503662109375,
    "max_prompt_len": 80,
    "max_new_tokens": 128,
    "dtype": "float32",
    "model_config_dir": null,
    "data_size": 32,
    "batch_size": 32,
    "inference_time": 14.949379530000442,
    "throughput": 273.9913045742226,
    "max_memory_allocated_per_device": [
        4.533657550811768,
        4.416085720062256
    ]
}