{
    "description": "Pipeline parallel OPT-1.3B benchmark",
    "model_name": "opt-1.3b-pipeline",
    "model_size": 2.6503753662109375,
    "max_prompt_len": 128,
    "max_new_tokens": 128,
    "dtype": "float32",
    "model_config_dir": null,
    "data_size": 56,
    "batch_size": 56,
    "inference_time": 25.721925011006533,
    "throughput": 278.67276640192284,
    "max_memory_allocated_per_device": [
        6.1198410987854,
        5.8865742683410645
    ]
}