{
    "description": "Pipeline parallel OPT-1.3B benchmark",
    "model_name": "opt-1.3b-pipeline",
    "model_size": 2.6347503662109375,
    "max_prompt_len": 48,
    "max_new_tokens": 128,
    "dtype": "float32",
    "model_config_dir": null,
    "data_size": 48,
    "batch_size": 24,
    "inference_time": 18.09593709899491,
    "throughput": 339.5237265906087,
    "max_memory_allocated_per_device": [
        4.866657733917236,
        4.722965717315674
    ]
}