{
    "description": "Pipeline parallel OPT-1.3B benchmark",
    "model_name": "opt-1.3b-pipeline",
    "model_size": 2.6347503662109375,
    "max_prompt_len": 32,
    "max_new_tokens": 96,
    "dtype": "float32",
    "model_config_dir": null,
    "data_size": 8,
    "batch_size": 2,
    "inference_time": 6.848256716999458,
    "throughput": 112.14532861970407,
    "max_memory_allocated_per_device": [
        3.3656363487243652,
        3.3341736793518066
    ]
}