{
    "description": "Pipeline parallel OPT-1.3B benchmark",
    "model_name": "opt-1.3b-pipeline",
    "model_size": 2.6503753662109375,
    "max_prompt_len": 96,
    "max_new_tokens": 16,
    "dtype": "float32",
    "model_config_dir": null,
    "data_size": 24,
    "batch_size": 3,
    "inference_time": 3.7350165539974114,
    "throughput": 102.81078930936009,
    "max_memory_allocated_per_device": [
        4.060108661651611,
        4.004787921905518
    ]
}