{
    "description": "Pipeline parallel OPT-1.3B benchmark",
    "model_name": "opt-1.3b-pipeline",
    "model_size": 2.6503753662109375,
    "max_prompt_len": 16,
    "max_new_tokens": 112,
    "dtype": "float32",
    "model_config_dir": null,
    "data_size": 16,
    "batch_size": 4,
    "inference_time": 8.741695201999391,
    "throughput": 204.9945643941161,
    "max_memory_allocated_per_device": [
        3.5719523429870605,
        3.525635242462158
    ]
}