{
    "description": "Pipeline parallel OPT-1.3B benchmark",
    "model_name": "opt-1.3b-pipeline",
    "model_size": 2.6503753662109375,
    "max_prompt_len": 112,
    "max_new_tokens": 96,
    "dtype": "float32",
    "model_config_dir": null,
    "data_size": 32,
    "batch_size": 4,
    "inference_time": 15.916312053999718,
    "throughput": 193.00953572520692,
    "max_memory_allocated_per_device": [
        4.545361042022705,
        4.4758734703063965
    ]
}