{
    "description": "Pipeline parallel OPT-1.3B benchmark",
    "model_name": "opt-1.3b-pipeline",
    "model_size": 2.6503753662109375,
    "max_prompt_len": 80,
    "max_new_tokens": 32,
    "dtype": "float32",
    "model_config_dir": null,
    "data_size": 64,
    "batch_size": 64,
    "inference_time": 9.0064402709977,
    "throughput": 227.3928365011108,
    "max_memory_allocated_per_device": [
        5.1872124671936035,
        5.093423366546631
    ]
}