{
    "description": "Pipeline parallel OPT-1.3B benchmark",
    "model_name": "opt-1.3b-pipeline",
    "model_size": 2.6347503662109375,
    "max_prompt_len": 80,
    "max_new_tokens": 80,
    "dtype": "float32",
    "model_config_dir": null,
    "data_size": 32,
    "batch_size": 8,
    "inference_time": 9.062327010997251,
    "throughput": 282.48815087928375,
    "max_memory_allocated_per_device": [
        4.189464569091797,
        4.097679138183594
    ]
}