{
    "description": "Pipeline parallel OPT-1.3B benchmark",
    "model_name": "opt-1.3b-pipeline",
    "model_size": 2.6347503662109375,
    "max_prompt_len": 80,
    "max_new_tokens": 112,
    "dtype": "float32",
    "model_config_dir": null,
    "data_size": 40,
    "batch_size": 10,
    "inference_time": 14.687954553002783,
    "throughput": 305.01183700109664,
    "max_memory_allocated_per_device": [
        4.700562477111816,
        4.564157485961914
    ]
}