{
    "description": "Pipeline parallel OPT-1.3B benchmark",
    "model_name": "opt-1.3b-pipeline",
    "model_size": 2.6347503662109375,
    "max_prompt_len": 112,
    "max_new_tokens": 32,
    "dtype": "float32",
    "model_config_dir": null,
    "data_size": 16,
    "batch_size": 2,
    "inference_time": 5.3142011249983625,
    "throughput": 96.34561958739523,
    "max_memory_allocated_per_device": [
        3.8568778038024902,
        3.8146262168884277
    ]
}