{
    "description": "Pipeline parallel OPT-1.3B benchmark",
    "model_name": "opt-1.3b-pipeline",
    "model_size": 2.6503753662109375,
    "max_prompt_len": 128,
    "max_new_tokens": 32,
    "dtype": "float32",
    "model_config_dir": null,
    "data_size": 40,
    "batch_size": 20,
    "inference_time": 8.574181683005008,
    "throughput": 149.2853834129855,
    "max_memory_allocated_per_device": [
        5.152323246002197,
        5.058535099029541
    ]
}