{
    "description": "Pipeline parallel OPT-1.3B benchmark",
    "model_name": "opt-1.3b-pipeline",
    "model_size": 2.6347503662109375,
    "max_prompt_len": 48,
    "max_new_tokens": 112,
    "dtype": "float32",
    "model_config_dir": null,
    "data_size": 48,
    "batch_size": 12,
    "inference_time": 17.889659086999018,
    "throughput": 300.50880085841936,
    "max_memory_allocated_per_device": [
        4.699790954589844,
        4.567451477050781
    ]
}