{
    "description": "Pipeline parallel OPT-1.3B benchmark",
    "model_name": "opt-1.3b-pipeline",
    "model_size": 2.6347503662109375,
    "max_prompt_len": 48,
    "max_new_tokens": 80,
    "dtype": "float32",
    "model_config_dir": null,
    "data_size": 56,
    "batch_size": 28,
    "inference_time": 12.375903924999875,
    "throughput": 361.99376038708584,
    "max_memory_allocated_per_device": [
        4.613099575042725,
        4.4881415367126465
    ]
}