{
    "description": "Pipeline parallel OPT-1.3B benchmark",
    "model_name": "opt-1.3b-pipeline",
    "model_size": 2.6503753662109375,
    "max_prompt_len": 64,
    "max_new_tokens": 96,
    "dtype": "float32",
    "model_config_dir": null,
    "data_size": 64,
    "batch_size": 32,
    "inference_time": 16.90786279099848,
    "throughput": 363.3812313210268,
    "max_memory_allocated_per_device": [
        5.2345781326293945,
        5.064200401306152
    ]
}