{
    "description": "Pipeline parallel OPT-1.3B benchmark",
    "model_name": "opt-1.3b-pipeline",
    "model_size": 2.6347503662109375,
    "max_prompt_len": 48,
    "max_new_tokens": 16,
    "dtype": "float32",
    "model_config_dir": null,
    "data_size": 8,
    "batch_size": 8,
    "inference_time": 0.8320159939994483,
    "throughput": 153.84319643269367,
    "max_memory_allocated_per_device": [
        3.4357457160949707,
        3.3997349739074707
    ]
}