{
    "description": "Pipeline parallel OPT-1.3B benchmark",
    "model_name": "opt-1.3b-pipeline",
    "model_size": 2.6503753662109375,
    "max_prompt_len": 48,
    "max_new_tokens": 48,
    "dtype": "float32",
    "model_config_dir": null,
    "data_size": 16,
    "batch_size": 8,
    "inference_time": 2.9513146419994882,
    "throughput": 260.2230169127908,
    "max_memory_allocated_per_device": [
        3.471919059753418,
        3.4327001571655273
    ]
}