{
    "description": "Pipeline parallel OPT-1.3B benchmark",
    "model_name": "opt-1.3b-pipeline",
    "model_size": 2.6503753662109375,
    "max_prompt_len": 32,
    "max_new_tokens": 96,
    "dtype": "float32",
    "model_config_dir": null,
    "data_size": 56,
    "batch_size": 7,
    "inference_time": 16.38611557299737,
    "throughput": 328.0826365498785,
    "max_memory_allocated_per_device": [
        4.590487003326416,
        4.466375827789307
    ]
}