{
    "description": "Pipeline parallel OPT-1.3B benchmark",
    "model_name": "opt-1.3b-pipeline",
    "model_size": 2.6503753662109375,
    "max_prompt_len": 80,
    "max_new_tokens": 112,
    "dtype": "float32",
    "model_config_dir": null,
    "data_size": 32,
    "batch_size": 8,
    "inference_time": 12.37763882100262,
    "throughput": 289.5544175936527,
    "max_memory_allocated_per_device": [
        4.391753196716309,
        4.282729148864746
    ]
}