{
    "description": "Pipeline parallel OPT-1.3B benchmark",
    "model_name": "opt-1.3b-pipeline",
    "model_size": 2.6347503662109375,
    "max_prompt_len": 112,
    "max_new_tokens": 16,
    "dtype": "float32",
    "model_config_dir": null,
    "data_size": 48,
    "batch_size": 6,
    "inference_time": 6.151394405998872,
    "throughput": 124.84974126371127,
    "max_memory_allocated_per_device": [
        5.260098934173584,
        5.1623969078063965
    ]
}