{
    "description": "Pipeline parallel OPT-6.7B benchmark",
    "model_name": "opt-6.7b",
    "model_size": 3.0092544555664062,
    "max_prompt_len": 512,
    "max_new_tokens": 512,
    "dtype": "float16",
    "model_config_dir": null,
    "data_size": 16,
    "batch_size": 16,
    "inference_time": 64.98395076799989,
    "throughput": 126.0618953323779,
    "max_memory_allocated_per_device": [
        5.438421726226807,
        6.289190769195557,
        6.289190769195557,
        5.1720051765441895
    ]
}