{
    "description": "Pipeline parallel OPT-6.7B benchmark",
    "model_name": "opt-6.7b",
    "model_size": 3.0248794555664062,
    "max_prompt_len": 128,
    "max_new_tokens": 384,
    "dtype": "float16",
    "model_config_dir": null,
    "data_size": 32,
    "batch_size": 32,
    "inference_time": 45.17881351300002,
    "throughput": 271.9858943720197,
    "max_memory_allocated_per_device": [
        5.438827991485596,
        6.290085315704346,
        6.290085315704346,
        5.173783779144287
    ]
}