{
    "description": "Pipeline parallel OPT-1.3B benchmark",
    "model_name": "opt-1.3b-pipeline",
    "model_size": 2.6503753662109375,
    "max_prompt_len": 112,
    "max_new_tokens": 32,
    "dtype": "float32",
    "model_config_dir": null,
    "data_size": 40,
    "batch_size": 10,
    "inference_time": 6.776893870999629,
    "throughput": 188.87709094538218,
    "max_memory_allocated_per_device": [
        4.907209873199463,
        4.821238994598389
    ]
}