{
    "description": "Pipeline parallel OPT-1.3B benchmark",
    "model_name": "opt-1.3b-pipeline",
    "model_size": 2.6347503662109375,
    "max_prompt_len": 112,
    "max_new_tokens": 96,
    "dtype": "float32",
    "model_config_dir": null,
    "data_size": 48,
    "batch_size": 24,
    "inference_time": 17.27053500799957,
    "throughput": 266.8128114077307,
    "max_memory_allocated_per_device": [
        5.266708850860596,
        5.168035984039307
    ]
}