{
    "description": "Pipeline parallel OPT-1.3B benchmark",
    "model_name": "opt-1.3b",
    "model_size": 2.6503753662109375,
    "dtype": "float32",
    "max_prompt_len": 256,
    "max_new_tokens": 1,
    "model_config_dir": null,
    "data_size": 16,
    "batch_size": 4,
    "inference_time": 2.815076551999937,
    "throughput": 5.683682025852191,
    "max_memory_allocated_per_device": [
        4.74568510055542,
        4.413623332977295
    ]
}