{
    "description": "Pipeline parallel OPT-1.3B benchmark",
    "model_name": "opt-1.3b-pipeline",
    "model_size": 2.6347503662109375,
    "max_prompt_len": 32,
    "max_new_tokens": 32,
    "dtype": "float32",
    "model_config_dir": null,
    "data_size": 24,
    "batch_size": 6,
    "inference_time": 2.9966683790007664,
    "throughput": 256.2846144010397,
    "max_memory_allocated_per_device": [
        3.474487781524658,
        3.431342601776123
    ]
}