{
    "description": "Pipeline parallel OPT-1.3B benchmark",
    "model_name": "opt-1.3b-pipeline",
    "model_size": 2.6503753662109375,
    "max_prompt_len": 48,
    "max_new_tokens": 80,
    "dtype": "float32",
    "model_config_dir": null,
    "data_size": 16,
    "batch_size": 2,
    "inference_time": 10.807349568000063,
    "throughput": 118.43791967181352,
    "max_memory_allocated_per_device": [
        3.5703306198120117,
        3.5231189727783203
    ]
}