{
    "description": "Pipeline parallel OPT-1.3B benchmark",
    "model_name": "opt-1.3b",
    "model_size": 2.6347503662109375,
    "dtype": "float32",
    "max_prompt_len": 192,
    "max_new_tokens": 1,
    "model_config_dir": null,
    "data_size": 8,
    "batch_size": 2,
    "inference_time": 1.0458771099999922,
    "throughput": 7.64908221387507,
    "max_memory_allocated_per_device": [
        3.4692606925964355,
        3.4301867485046387
    ]
}