{
    "description": "Pipeline parallel OPT-6.7B benchmark",
    "model_name": "opt-6.7b",
    "model_size": 3.3758926391601562,
    "max_prompt_len": 256,
    "max_new_tokens": 128,
    "dtype": "float16",
    "model_config_dir": null,
    "data_size": 48,
    "batch_size": 48,
    "inference_time": 24.170696753999437,
    "throughput": 254.19209311719055,
    "max_memory_allocated_per_device": [
        6.124462127685547,
        6.850475311279297,
        6.850475311279297,
        5.859356880187988
    ]
}