{
    "description": "Pipeline parallel OPT-1.3B benchmark",
    "model_name": "opt-1.3b-pipeline",
    "model_size": 2.6503753662109375,
    "max_prompt_len": 16,
    "max_new_tokens": 112,
    "dtype": "float32",
    "model_config_dir": null,
    "data_size": 40,
    "batch_size": 40,
    "inference_time": 11.09779239099953,
    "throughput": 403.6838897466982,
    "max_memory_allocated_per_device": [
        4.221229076385498,
        4.128589153289795
    ]
}