{
    "description": "Pipeline parallel OPT-1.3B benchmark",
    "model_name": "opt-1.3b-pipeline",
    "model_size": 2.6347503662109375,
    "max_prompt_len": 32,
    "max_new_tokens": 48,
    "dtype": "float32",
    "model_config_dir": null,
    "data_size": 16,
    "batch_size": 4,
    "inference_time": 3.915483683002094,
    "throughput": 196.14434950502877,
    "max_memory_allocated_per_device": [
        3.4172239303588867,
        3.3826475143432617
    ]
}