{
    "description": "Pipeline parallel OPT-1.3B benchmark",
    "model_name": "opt-1.3b-pipeline",
    "model_size": 2.6503753662109375,
    "max_prompt_len": 32,
    "max_new_tokens": 80,
    "dtype": "float32",
    "model_config_dir": null,
    "data_size": 32,
    "batch_size": 4,
    "inference_time": 11.258603827001934,
    "throughput": 227.38165756043884,
    "max_memory_allocated_per_device": [
        3.874878406524658,
        3.804230213165283
    ]
}