{
    "description": "Pipeline parallel OPT-1.3B benchmark",
    "model_name": "opt-1.3b-pipeline",
    "model_size": 2.6503753662109375,
    "max_prompt_len": 16,
    "max_new_tokens": 32,
    "dtype": "float32",
    "model_config_dir": null,
    "data_size": 32,
    "batch_size": 4,
    "inference_time": 4.441900591999001,
    "throughput": 230.5319488339036,
    "max_memory_allocated_per_device": [
        3.508183479309082,
        3.475050449371338
    ]
}