{
    "description": "Pipeline parallel OPT-1.3B benchmark",
    "model_name": "opt-1.3b-pipeline",
    "model_size": 2.6503753662109375,
    "max_prompt_len": 96,
    "max_new_tokens": 80,
    "dtype": "float32",
    "model_config_dir": null,
    "data_size": 16,
    "batch_size": 2,
    "inference_time": 11.235105685002054,
    "throughput": 113.92861232348666,
    "max_memory_allocated_per_device": [
        3.763455867767334,
        3.722240924835205
    ]
}