{
    "description": "Pipeline parallel OPT-1.3B benchmark",
    "model_name": "opt-1.3b-pipeline",
    "model_size": 2.6347503662109375,
    "max_prompt_len": 48,
    "max_new_tokens": 128,
    "dtype": "float32",
    "model_config_dir": null,
    "data_size": 8,
    "batch_size": 1,
    "inference_time": 16.842220705000727,
    "throughput": 60.799583257803874,
    "max_memory_allocated_per_device": [
        3.4973363876342773,
        3.4638142585754395
    ]
}