{
    "description": "Pipeline parallel OPT-1.3B benchmark",
    "model_name": "opt-1.3b-pipeline",
    "model_size": 2.6503753662109375,
    "max_prompt_len": 80,
    "max_new_tokens": 16,
    "dtype": "float32",
    "model_config_dir": null,
    "data_size": 64,
    "batch_size": 16,
    "inference_time": 5.916698213004565,
    "throughput": 173.06949976750656,
    "max_memory_allocated_per_device": [
        5.144633769989014,
        5.050845623016357
    ]
}