{
    "description": "Pipeline parallel OPT-1.3B benchmark",
    "model_name": "opt-1.3b-pipeline",
    "model_size": 2.6503753662109375,
    "max_prompt_len": 48,
    "max_new_tokens": 32,
    "dtype": "float32",
    "model_config_dir": null,
    "data_size": 56,
    "batch_size": 14,
    "inference_time": 6.007324947997404,
    "throughput": 298.3024916268895,
    "max_memory_allocated_per_device": [
        4.215613842010498,
        4.158950328826904
    ]
}