{
    "description": "Pipeline parallel OPT-1.3B benchmark",
    "model_name": "opt-1.3b-pipeline",
    "model_size": 2.6347503662109375,
    "max_prompt_len": 112,
    "max_new_tokens": 48,
    "dtype": "float32",
    "model_config_dir": null,
    "data_size": 24,
    "batch_size": 12,
    "inference_time": 6.418013433998567,
    "throughput": 179.4947941207842,
    "max_memory_allocated_per_device": [
        4.2056145668029785,
        4.148952960968018
    ]
}