{
    "description": "Pipeline parallel OPT-1.3B benchmark",
    "model_name": "opt-1.3b-pipeline",
    "model_size": 2.6347503662109375,
    "max_prompt_len": 16,
    "max_new_tokens": 64,
    "dtype": "float32",
    "model_config_dir": null,
    "data_size": 24,
    "batch_size": 6,
    "inference_time": 5.458384445002594,
    "throughput": 281.40194511331646,
    "max_memory_allocated_per_device": [
        3.5468244552612305,
        3.5002851486206055
    ]
}