{
    "description": "Pipeline parallel OPT-1.3B benchmark",
    "model_name": "opt-1.3b-pipeline",
    "model_size": 2.6503753662109375,
    "max_prompt_len": 16,
    "max_new_tokens": 112,
    "dtype": "float32",
    "model_config_dir": null,
    "data_size": 40,
    "batch_size": 10,
    "inference_time": 11.995603393999772,
    "throughput": 373.4701667646753,
    "max_memory_allocated_per_device": [
        4.191910266876221,
        4.10004186630249
    ]
}