{
    "description": "Pipeline parallel OPT-1.3B benchmark",
    "model_name": "opt-1.3b-pipeline",
    "model_size": 2.6503753662109375,
    "max_prompt_len": 32,
    "max_new_tokens": 128,
    "dtype": "float32",
    "model_config_dir": null,
    "data_size": 48,
    "batch_size": 48,
    "inference_time": 15.020239439996658,
    "throughput": 409.04807307128834,
    "max_memory_allocated_per_device": [
        4.749556064605713,
        4.618075847625732
    ]
}