{
    "description": "Pipeline parallel OPT-1.3B benchmark",
    "model_name": "opt-1.3b-pipeline",
    "model_size": 2.6347503662109375,
    "max_prompt_len": 112,
    "max_new_tokens": 96,
    "dtype": "float32",
    "model_config_dir": null,
    "data_size": 16,
    "batch_size": 4,
    "inference_time": 8.782264003999444,
    "throughput": 174.8979533410184,
    "max_memory_allocated_per_device": [
        3.8556199073791504,
        3.811781406402588
    ]
}