{
    "description": "Pipeline parallel OPT-1.3B benchmark",
    "model_name": "opt-1.3b-pipeline",
    "model_size": 2.6347503662109375,
    "max_prompt_len": 128,
    "max_new_tokens": 16,
    "dtype": "float32",
    "model_config_dir": null,
    "data_size": 64,
    "batch_size": 64,
    "inference_time": 10.815618962998997,
    "throughput": 94.67789162166095,
    "max_memory_allocated_per_device": [
        5.904379367828369,
        5.763692378997803
    ]
}