{
    "description": "Pipeline parallel OPT-1.3B benchmark",
    "model_name": "opt-1.3b-pipeline",
    "model_size": 2.6503753662109375,
    "max_prompt_len": 80,
    "max_new_tokens": 112,
    "dtype": "float32",
    "model_config_dir": null,
    "data_size": 16,
    "batch_size": 8,
    "inference_time": 6.993257426998753,
    "throughput": 256.2468232731796,
    "max_memory_allocated_per_device": [
        3.7802515029907227,
        3.7178354263305664
    ]
}