{
    "description": "Pipeline parallel OPT-1.3B benchmark",
    "model_name": "opt-1.3b-pipeline",
    "model_size": 2.6347503662109375,
    "max_prompt_len": 48,
    "max_new_tokens": 80,
    "dtype": "float32",
    "model_config_dir": null,
    "data_size": 64,
    "batch_size": 32,
    "inference_time": 13.051468644000124,
    "throughput": 392.2930161850949,
    "max_memory_allocated_per_device": [
        4.820187568664551,
        4.680610656738281
    ]
}