{
    "description": "Pipeline parallel OPT-1.3B benchmark",
    "model_name": "opt-1.3b-pipeline",
    "model_size": 2.6347503662109375,
    "max_prompt_len": 16,
    "max_new_tokens": 128,
    "dtype": "float32",
    "model_config_dir": null,
    "data_size": 16,
    "batch_size": 2,
    "inference_time": 16.820947538999462,
    "throughput": 121.7529509114573,
    "max_memory_allocated_per_device": [
        3.6224617958068848,
        3.5679430961608887
    ]
}