{
    "description": "Pipeline parallel OPT-1.3B benchmark",
    "model_name": "opt-1.3b-pipeline",
    "model_size": 2.6503753662109375,
    "max_prompt_len": 112,
    "max_new_tokens": 80,
    "dtype": "float32",
    "model_config_dir": null,
    "data_size": 16,
    "batch_size": 16,
    "inference_time": 6.65462571900207,
    "throughput": 192.34740675873041,
    "max_memory_allocated_per_device": [
        3.8671298027038574,
        3.8241467475891113
    ]
}