{
    "description": "Pipeline parallel OPT-1.3B benchmark",
    "model_name": "opt-1.3b-pipeline",
    "model_size": 2.6347503662109375,
    "max_prompt_len": 16,
    "max_new_tokens": 80,
    "dtype": "float32",
    "model_config_dir": null,
    "data_size": 40,
    "batch_size": 5,
    "inference_time": 12.123513004000415,
    "throughput": 263.9498962837002,
    "max_memory_allocated_per_device": [
        3.9242305755615234,
        3.851499557495117
    ]
}