{
    "description": "Pipeline parallel OPT-1.3B benchmark",
    "model_name": "opt-1.3b-pipeline",
    "model_size": 2.6503753662109375,
    "max_prompt_len": 32,
    "max_new_tokens": 80,
    "dtype": "float32",
    "model_config_dir": null,
    "data_size": 16,
    "batch_size": 4,
    "inference_time": 6.334076428996923,
    "throughput": 202.0815527485991,
    "max_memory_allocated_per_device": [
        3.518430233001709,
        3.4754605293273926
    ]
}