{
    "description": "Pipeline parallel OPT-1.3B benchmark",
    "model_name": "opt-1.3b-pipeline",
    "model_size": 2.6347503662109375,
    "max_prompt_len": 48,
    "max_new_tokens": 80,
    "dtype": "float32",
    "model_config_dir": null,
    "data_size": 48,
    "batch_size": 48,
    "inference_time": 10.501806051994208,
    "throughput": 365.65139186424176,
    "max_memory_allocated_per_device": [
        4.428679943084717,
        4.321410655975342
    ]
}