{
    "description": "Pipeline parallel OPT-1.3B benchmark",
    "model_name": "opt-1.3b-pipeline",
    "model_size": 2.6503753662109375,
    "max_prompt_len": 48,
    "max_new_tokens": 16,
    "dtype": "float32",
    "model_config_dir": null,
    "data_size": 24,
    "batch_size": 3,
    "inference_time": 2.867274311000074,
    "throughput": 133.9251004087101,
    "max_memory_allocated_per_device": [
        3.6142849922180176,
        3.581310749053955
    ]
}