{
    "description": "Pipeline parallel OPT-1.3B benchmark",
    "model_name": "opt-1.3b-pipeline",
    "model_size": 2.6503753662109375,
    "max_prompt_len": 32,
    "max_new_tokens": 112,
    "dtype": "float32",
    "model_config_dir": null,
    "data_size": 24,
    "batch_size": 3,
    "inference_time": 15.272136472001876,
    "throughput": 176.00680853840328,
    "max_memory_allocated_per_device": [
        3.8508763313293457,
        3.7816853523254395
    ]
}