{
    "description": "Pipeline parallel OPT-1.3B benchmark",
    "model_name": "opt-1.3b-pipeline",
    "model_size": 2.6503753662109375,
    "max_prompt_len": 64,
    "max_new_tokens": 80,
    "dtype": "float32",
    "model_config_dir": null,
    "data_size": 56,
    "batch_size": 28,
    "inference_time": 13.24772656699497,
    "throughput": 338.17123091605407,
    "max_memory_allocated_per_device": [
        4.803099155426025,
        4.666172504425049
    ]
}