{
    "description": "Pipeline parallel OPT-1.3B benchmark",
    "model_name": "opt-1.3b-pipeline",
    "model_size": 2.6347503662109375,
    "max_prompt_len": 32,
    "max_new_tokens": 16,
    "dtype": "float32",
    "model_config_dir": null,
    "data_size": 8,
    "batch_size": 1,
    "inference_time": 2.299258192999332,
    "throughput": 55.67012890928391,
    "max_memory_allocated_per_device": [
        3.257842540740967,
        3.2383036613464355
    ]
}