{
    "description": "Pipeline parallel OPT-1.3B benchmark",
    "model_name": "opt-1.3b-pipeline",
    "model_size": 2.6347503662109375,
    "max_prompt_len": 48,
    "max_new_tokens": 96,
    "dtype": "float32",
    "model_config_dir": null,
    "data_size": 64,
    "batch_size": 32,
    "inference_time": 15.38471948300139,
    "throughput": 399.3572977907409,
    "max_memory_allocated_per_device": [
        5.029223442077637,
        4.873502731323242
    ]
}