{
    "description": "Pipeline parallel OPT-1.3B benchmark",
    "model_name": "opt-1.3b-pipeline",
    "model_size": 2.6347503662109375,
    "max_prompt_len": 64,
    "max_new_tokens": 128,
    "dtype": "float32",
    "model_config_dir": null,
    "data_size": 48,
    "batch_size": 48,
    "inference_time": 17.521561651999946,
    "throughput": 350.65367585535455,
    "max_memory_allocated_per_device": [
        5.063095569610596,
        4.906701564788818
    ]
}