{
    "description": "Pipeline parallel OPT-1.3B benchmark",
    "model_name": "opt-1.3b-pipeline",
    "model_size": 2.6503753662109375,
    "max_prompt_len": 112,
    "max_new_tokens": 128,
    "dtype": "float32",
    "model_config_dir": null,
    "data_size": 40,
    "batch_size": 20,
    "inference_time": 20.5644658980018,
    "throughput": 248.9731571631772,
    "max_memory_allocated_per_device": [
        5.110507965087891,
        4.949679374694824
    ]
}