{
    "description": "Pipeline parallel OPT-1.3B benchmark",
    "model_name": "opt-1.3b-pipeline",
    "model_size": 2.6347503662109375,
    "max_prompt_len": 16,
    "max_new_tokens": 80,
    "dtype": "float32",
    "model_config_dir": null,
    "data_size": 32,
    "batch_size": 16,
    "inference_time": 6.944970745000319,
    "throughput": 368.6120638942853,
    "max_memory_allocated_per_device": [
        3.7837772369384766,
        3.7217321395874023
    ]
}