{
    "description": "Pipeline parallel OPT-1.3B benchmark",
    "model_name": "opt-1.3b-pipeline",
    "model_size": 2.6503753662109375,
    "max_prompt_len": 112,
    "max_new_tokens": 64,
    "dtype": "float32",
    "model_config_dir": null,
    "data_size": 8,
    "batch_size": 1,
    "inference_time": 9.312037188999966,
    "throughput": 54.98259828738769,
    "max_memory_allocated_per_device": [
        3.509345531463623,
        3.480041027069092
    ]
}