{
    "description": "Pipeline parallel OPT-1.3B benchmark",
    "model_name": "opt-1.3b-pipeline",
    "model_size": 2.6347503662109375,
    "max_prompt_len": 64,
    "max_new_tokens": 128,
    "dtype": "float32",
    "model_config_dir": null,
    "data_size": 40,
    "batch_size": 20,
    "inference_time": 17.642707145001623,
    "throughput": 290.2048964436024,
    "max_memory_allocated_per_device": [
        4.715183258056641,
        4.58287239074707
    ]
}