{
    "description": "Pipeline parallel OPT-1.3B benchmark",
    "model_name": "opt-1.3b-pipeline",
    "model_size": 2.6347503662109375,
    "max_prompt_len": 112,
    "max_new_tokens": 112,
    "dtype": "float32",
    "model_config_dir": null,
    "data_size": 8,
    "batch_size": 8,
    "inference_time": 4.978214519000176,
    "throughput": 179.98420851095676,
    "max_memory_allocated_per_device": [
        3.5298380851745605,
        3.4871840476989746
    ]
}