{
    "description": "Pipeline parallel OPT-1.3B benchmark",
    "model_name": "opt-1.3b-pipeline",
    "model_size": 2.6503753662109375,
    "max_prompt_len": 32,
    "max_new_tokens": 64,
    "dtype": "float32",
    "model_config_dir": null,
    "data_size": 24,
    "batch_size": 12,
    "inference_time": 5.660969420001493,
    "throughput": 271.33161938182576,
    "max_memory_allocated_per_device": [
        3.6251635551452637,
        3.5746846199035645
    ]
}