{
    "description": "Pipeline parallel OPT-1.3B benchmark",
    "model_name": "opt-1.3b-pipeline",
    "model_size": 2.6503753662109375,
    "max_prompt_len": 64,
    "max_new_tokens": 48,
    "dtype": "float32",
    "model_config_dir": null,
    "data_size": 16,
    "batch_size": 8,
    "inference_time": 3.3481539799977327,
    "throughput": 229.38013143604587,
    "max_memory_allocated_per_device": [
        3.5570168495178223,
        3.525759220123291
    ]
}