{
    "description": "Pipeline parallel OPT-1.3B benchmark",
    "model_name": "opt-1.3b-pipeline",
    "model_size": 2.6503753662109375,
    "max_prompt_len": 64,
    "max_new_tokens": 80,
    "dtype": "float32",
    "model_config_dir": null,
    "data_size": 32,
    "batch_size": 32,
    "inference_time": 9.131621921998885,
    "throughput": 280.3445019808292,
    "max_memory_allocated_per_device": [
        4.111918926239014,
        4.024914264678955
    ]
}