{
    "description": "Pipeline parallel OPT-1.3B benchmark",
    "model_name": "opt-1.3b-pipeline",
    "model_size": 2.6503753662109375,
    "max_prompt_len": 32,
    "max_new_tokens": 48,
    "dtype": "float32",
    "model_config_dir": null,
    "data_size": 16,
    "batch_size": 8,
    "inference_time": 2.7207264680000662,
    "throughput": 282.277549409271,
    "max_memory_allocated_per_device": [
        3.4201531410217285,
        3.3834452629089355
    ]
}