{
    "description": "Pipeline parallel OPT-1.3B benchmark",
    "model_name": "opt-1.3b-pipeline",
    "model_size": 2.6347503662109375,
    "max_prompt_len": 64,
    "max_new_tokens": 80,
    "dtype": "float32",
    "model_config_dir": null,
    "data_size": 8,
    "batch_size": 2,
    "inference_time": 5.92116193900074,
    "throughput": 108.08689351739076,
    "max_memory_allocated_per_device": [
        3.390687942504883,
        3.3594465255737305
    ]
}