{
    "description": "Pipeline parallel OPT-1.3B benchmark",
    "model_name": "opt-1.3b-pipeline",
    "model_size": 2.6347503662109375,
    "max_prompt_len": 64,
    "max_new_tokens": 64,
    "dtype": "float32",
    "model_config_dir": null,
    "data_size": 64,
    "batch_size": 16,
    "inference_time": 12.289224321000802,
    "throughput": 333.3001248093771,
    "max_memory_allocated_per_device": [
        4.8060197830200195,
        4.668910026550293
    ]
}