{
    "description": "Pipeline parallel OPT-1.3B benchmark",
    "model_name": "opt-1.3b-pipeline",
    "model_size": 2.6347503662109375,
    "max_prompt_len": 96,
    "max_new_tokens": 64,
    "dtype": "float32",
    "model_config_dir": null,
    "data_size": 64,
    "batch_size": 8,
    "inference_time": 14.81332313099847,
    "throughput": 276.50784120334754,
    "max_memory_allocated_per_device": [
        5.54016637802124,
        5.429769039154053
    ]
}