{
    "description": "Pipeline parallel OPT-1.3B benchmark",
    "model_name": "opt-1.3b-pipeline",
    "model_size": 2.6347503662109375,
    "max_prompt_len": 64,
    "max_new_tokens": 96,
    "dtype": "float32",
    "model_config_dir": null,
    "data_size": 56,
    "batch_size": 28,
    "inference_time": 15.47849538599985,
    "throughput": 347.32058032349454,
    "max_memory_allocated_per_device": [
        4.970139980316162,
        4.8188700675964355
    ]
}