{
    "description": "Pipeline parallel OPT-1.3B benchmark",
    "model_name": "opt-1.3b-pipeline",
    "model_size": 2.6347503662109375,
    "max_prompt_len": 64,
    "max_new_tokens": 80,
    "dtype": "float32",
    "model_config_dir": null,
    "data_size": 40,
    "batch_size": 10,
    "inference_time": 10.253536977001204,
    "throughput": 312.08742965258085,
    "max_memory_allocated_per_device": [
        4.3346171379089355,
        4.2288737297058105
    ]
}