{
    "description": "Pipeline parallel OPT-1.3B benchmark",
    "model_name": "opt-1.3b-pipeline",
    "model_size": 2.6503753662109375,
    "max_prompt_len": 32,
    "max_new_tokens": 80,
    "dtype": "float32",
    "model_config_dir": null,
    "data_size": 16,
    "batch_size": 8,
    "inference_time": 4.362457564999204,
    "throughput": 293.41259620945647,
    "max_memory_allocated_per_device": [
        3.520695209503174,
        3.478602886199951
    ]
}