{
    "description": "Pipeline parallel OPT-1.3B benchmark",
    "model_name": "opt-1.3b-pipeline",
    "model_size": 2.6503753662109375,
    "max_prompt_len": 64,
    "max_new_tokens": 96,
    "dtype": "float32",
    "model_config_dir": null,
    "data_size": 56,
    "batch_size": 7,
    "inference_time": 17.71859254100127,
    "throughput": 303.4101036840144,
    "max_memory_allocated_per_device": [
        4.956726551055908,
        4.8000874519348145
    ]
}