{
    "description": "Pipeline parallel OPT-1.3B benchmark",
    "model_name": "opt-1.3b-pipeline",
    "model_size": 2.6347503662109375,
    "max_prompt_len": 32,
    "max_new_tokens": 80,
    "dtype": "float32",
    "model_config_dir": null,
    "data_size": 40,
    "batch_size": 40,
    "inference_time": 8.612325059002615,
    "throughput": 371.56052263203696,
    "max_memory_allocated_per_device": [
        4.08172607421875,
        3.99887752532959
    ]
}