{
    "description": "Pipeline parallel OPT-1.3B benchmark",
    "model_name": "opt-1.3b",
    "model_size": 2.6503753662109375,
    "dtype": "float32",
    "max_prompt_len": 384,
    "max_new_tokens": 1,
    "model_config_dir": null,
    "data_size": 16,
    "batch_size": 4,
    "inference_time": 4.487015123999981,
    "throughput": 3.565844900860661,
    "max_memory_allocated_per_device": [
        5.539432048797607,
        5.17610502243042
    ]
}