{
    "description": "Pipeline parallel OPT-1.3B benchmark",
    "model_name": "opt-1.3b-pipeline",
    "model_size": 2.6347503662109375,
    "max_prompt_len": 16,
    "max_new_tokens": 80,
    "dtype": "float32",
    "model_config_dir": null,
    "data_size": 16,
    "batch_size": 4,
    "inference_time": 6.144694339000125,
    "throughput": 208.30979205521942,
    "max_memory_allocated_per_device": [
        3.4678573608398438,
        3.4300460815429688
    ]
}