{
    "description": "Pipeline parallel OPT-1.3B benchmark",
    "model_name": "opt-1.3b-pipeline",
    "model_size": 2.6347503662109375,
    "max_prompt_len": 80,
    "max_new_tokens": 48,
    "dtype": "float32",
    "model_config_dir": null,
    "data_size": 24,
    "batch_size": 12,
    "inference_time": 5.845878955999069,
    "throughput": 197.06189756423404,
    "max_memory_allocated_per_device": [
        3.9059910774230957,
        3.861053943634033
    ]
}