{
    "description": "Pipeline parallel OPT-6.7B benchmark",
    "model_name": "opt-6.7b",
    "model_size": 3.3758926391601562,
    "max_prompt_len": 128,
    "max_new_tokens": 384,
    "dtype": "float16",
    "model_config_dir": null,
    "data_size": 16,
    "batch_size": 8,
    "inference_time": 33.51894816500044,
    "throughput": 183.29930789461335,
    "max_memory_allocated_per_device": [
        4.343510627746582,
        4.944523811340332,
        4.944523811340332,
        4.202506065368652
    ]
}