{
    "description": "Pipeline parallel OPT-1.3B benchmark",
    "model_name": "opt-1.3b-pipeline",
    "model_size": 2.6347503662109375,
    "max_prompt_len": 48,
    "max_new_tokens": 96,
    "dtype": "float32",
    "model_config_dir": null,
    "data_size": 56,
    "batch_size": 56,
    "inference_time": 13.252391500995145,
    "throughput": 405.66263074829226,
    "max_memory_allocated_per_device": [
        4.821689605712891,
        4.683252334594727
    ]
}