{
    "description": "Pipeline parallel OPT-1.3B benchmark",
    "model_name": "opt-1.3b-pipeline",
    "model_size": 2.6503753662109375,
    "max_prompt_len": 96,
    "max_new_tokens": 128,
    "dtype": "float32",
    "model_config_dir": null,
    "data_size": 16,
    "batch_size": 2,
    "inference_time": 17.603747277000366,
    "throughput": 116.33886625240021,
    "max_memory_allocated_per_device": [
        3.878270149230957,
        3.804257392883301
    ]
}