{
    "description": "Pipeline parallel OPT-1.3B benchmark",
    "model_name": "opt-1.3b-pipeline",
    "model_size": 2.6503753662109375,
    "max_prompt_len": 48,
    "max_new_tokens": 112,
    "dtype": "float32",
    "model_config_dir": null,
    "data_size": 56,
    "batch_size": 28,
    "inference_time": 17.089532199999667,
    "throughput": 367.00829060728313,
    "max_memory_allocated_per_device": [
        4.970161437988281,
        4.818866729736328
    ]
}