{
    "description": "Pipeline parallel OPT-6.7B benchmark",
    "model_name": "opt-6.7b",
    "model_size": 3.0248794555664062,
    "max_prompt_len": 384,
    "max_new_tokens": 256,
    "dtype": "float16",
    "model_config_dir": null,
    "data_size": 16,
    "batch_size": 8,
    "inference_time": 26.759093899999698,
    "throughput": 153.06945800582756,
    "max_memory_allocated_per_device": [
        4.6763739585876465,
        5.262661933898926,
        5.262722969055176,
        4.549509525299072
    ]
}