{
    "description": "Pipeline parallel OPT-1.3B benchmark",
    "model_name": "opt-1.3b-pipeline",
    "model_size": 2.6503753662109375,
    "max_prompt_len": 32,
    "max_new_tokens": 128,
    "dtype": "float32",
    "model_config_dir": null,
    "data_size": 8,
    "batch_size": 8,
    "inference_time": 4.2861968359993625,
    "throughput": 238.90643364754524,
    "max_memory_allocated_per_device": [
        3.4250950813293457,
        3.3899989128112793
    ]
}