{
    "description": "Pipeline parallel OPT-1.3B benchmark",
    "model_name": "opt-1.3b-pipeline",
    "model_size": 2.6347503662109375,
    "max_prompt_len": 48,
    "max_new_tokens": 48,
    "dtype": "float32",
    "model_config_dir": null,
    "data_size": 24,
    "batch_size": 12,
    "inference_time": 4.73163202700016,
    "throughput": 243.46779154133938,
    "max_memory_allocated_per_device": [
        3.6273245811462402,
        3.5765671730041504
    ]
}