{
    "description": "Pipeline parallel OPT-1.3B benchmark",
    "model_name": "opt-1.3b-pipeline",
    "model_size": 2.6347503662109375,
    "max_prompt_len": 112,
    "max_new_tokens": 64,
    "dtype": "float32",
    "model_config_dir": null,
    "data_size": 32,
    "batch_size": 8,
    "inference_time": 8.730869196999265,
    "throughput": 234.57000142710675,
    "max_memory_allocated_per_device": [
        4.547919750213623,
        4.477580547332764
    ]
}