{
    "description": "Pipeline parallel OPT-1.3B benchmark",
    "model_name": "opt-1.3b-pipeline",
    "model_size": 2.6347503662109375,
    "max_prompt_len": 32,
    "max_new_tokens": 80,
    "dtype": "float32",
    "model_config_dir": null,
    "data_size": 48,
    "batch_size": 12,
    "inference_time": 12.308453956000449,
    "throughput": 311.98069341015616,
    "max_memory_allocated_per_device": [
        4.236511707305908,
        4.13795280456543
    ]
}