{
    "description": "Pipeline parallel OPT-6.7B benchmark",
    "model_name": "opt-6.7b",
    "model_size": 3.3758926391601562,
    "max_prompt_len": 384,
    "max_new_tokens": 384,
    "dtype": "float16",
    "model_config_dir": null,
    "data_size": 16,
    "batch_size": 8,
    "inference_time": 40.71554597500017,
    "throughput": 150.9005922153786,
    "max_memory_allocated_per_device": [
        4.859135627746582,
        5.584782600402832,
        5.584660530090332,
        4.655661582946777
    ]
}