{
    "description": "Pipeline parallel OPT-1.3B benchmark",
    "model_name": "opt-1.3b-pipeline",
    "model_size": 2.6503753662109375,
    "max_prompt_len": 96,
    "max_new_tokens": 128,
    "dtype": "float32",
    "model_config_dir": null,
    "data_size": 64,
    "batch_size": 64,
    "inference_time": 24.819219686003635,
    "throughput": 330.06678306730714,
    "max_memory_allocated_per_device": [
        6.117051124572754,
        5.884950637817383
    ]
}