{
    "description": "Pipeline parallel OPT-1.3B benchmark",
    "model_name": "opt-1.3b-pipeline",
    "model_size": 2.6503753662109375,
    "max_prompt_len": 16,
    "max_new_tokens": 64,
    "dtype": "float32",
    "model_config_dir": null,
    "data_size": 48,
    "batch_size": 12,
    "inference_time": 9.134151876001852,
    "throughput": 336.32022345403107,
    "max_memory_allocated_per_device": [
        3.9319944381713867,
        3.8565926551818848
    ]
}