{
    "description": "Pipeline parallel OPT-1.3B benchmark",
    "model_name": "opt-1.3b-pipeline",
    "model_size": 2.6347503662109375,
    "max_prompt_len": 112,
    "max_new_tokens": 128,
    "dtype": "float32",
    "model_config_dir": null,
    "data_size": 16,
    "batch_size": 4,
    "inference_time": 11.168259886999294,
    "throughput": 183.3768215211421,
    "max_memory_allocated_per_device": [
        3.9277210235595703,
        3.8533077239990234
    ]
}