{
    "description": "Pipeline parallel OPT-1.3B benchmark",
    "model_name": "opt-1.3b-pipeline",
    "model_size": 2.6503753662109375,
    "max_prompt_len": 64,
    "max_new_tokens": 32,
    "dtype": "float32",
    "model_config_dir": null,
    "data_size": 16,
    "batch_size": 16,
    "inference_time": 2.643167987000197,
    "throughput": 193.7069465573706,
    "max_memory_allocated_per_device": [
        3.564730167388916,
        3.5334715843200684
    ]
}