{
    "description": "Pipeline parallel OPT-1.3B benchmark",
    "model_name": "opt-1.3b-pipeline",
    "model_size": 2.6503753662109375,
    "max_prompt_len": 16,
    "max_new_tokens": 96,
    "dtype": "float32",
    "model_config_dir": null,
    "data_size": 56,
    "batch_size": 14,
    "inference_time": 13.408537975999934,
    "throughput": 400.93856687601226,
    "max_memory_allocated_per_device": [
        4.417266368865967,
        4.303852081298828
    ]
}