{
    "description": "Pipeline parallel OPT-1.3B benchmark",
    "model_name": "opt-1.3b-pipeline",
    "model_size": 2.6503753662109375,
    "max_prompt_len": 32,
    "max_new_tokens": 48,
    "dtype": "float32",
    "model_config_dir": null,
    "data_size": 40,
    "batch_size": 10,
    "inference_time": 5.772102939001343,
    "throughput": 332.63440037197046,
    "max_memory_allocated_per_device": [
        3.8031134605407715,
        3.736992359161377
    ]
}