{
    "description": "Pipeline parallel OPT-1.3B benchmark",
    "model_name": "opt-1.3b-pipeline",
    "model_size": 2.6347503662109375,
    "max_prompt_len": 80,
    "max_new_tokens": 64,
    "dtype": "float32",
    "model_config_dir": null,
    "data_size": 24,
    "batch_size": 6,
    "inference_time": 6.719532041002822,
    "throughput": 228.58734665260525,
    "max_memory_allocated_per_device": [
        3.924121379852295,
        3.875216007232666
    ]
}