{
    "description": "Pipeline parallel OPT-1.3B benchmark",
    "model_name": "opt-1.3b-pipeline",
    "model_size": 2.6347503662109375,
    "max_prompt_len": 96,
    "max_new_tokens": 32,
    "dtype": "float32",
    "model_config_dir": null,
    "data_size": 16,
    "batch_size": 8,
    "inference_time": 2.813274909996835,
    "throughput": 181.99430072782187,
    "max_memory_allocated_per_device": [
        3.757833957672119,
        3.7187600135803223
    ]
}