{
    "description": "Pipeline parallel OPT-6.7B benchmark",
    "model_name": "opt-6.7b",
    "model_size": 3.3758926391601562,
    "max_prompt_len": 512,
    "max_new_tokens": 256,
    "dtype": "float16",
    "model_config_dir": null,
    "data_size": 32,
    "batch_size": 16,
    "inference_time": 41.576749673999075,
    "throughput": 197.03319918543428,
    "max_memory_allocated_per_device": [
        6.954084873199463,
        7.805098056793213,
        7.805098056793213,
        6.642313480377197
    ]
}