{
    "description": "Pipeline parallel OPT-1.3B benchmark",
    "model_name": "opt-1.3b-pipeline",
    "model_size": 2.6347503662109375,
    "max_prompt_len": 32,
    "max_new_tokens": 48,
    "dtype": "float32",
    "model_config_dir": null,
    "data_size": 40,
    "batch_size": 20,
    "inference_time": 6.181792329000018,
    "throughput": 310.58953420238623,
    "max_memory_allocated_per_device": [
        3.805896759033203,
        3.742002487182617
    ]
}