{
    "description": "Pipeline parallel OPT-1.3B benchmark",
    "model_name": "opt-1.3b-pipeline",
    "model_size": 2.6503753662109375,
    "max_prompt_len": 16,
    "max_new_tokens": 128,
    "dtype": "float32",
    "model_config_dir": null,
    "data_size": 64,
    "batch_size": 32,
    "inference_time": 18.068628802000603,
    "throughput": 453.38249458602866,
    "max_memory_allocated_per_device": [
        5.033657073974609,
        4.878622055053711
    ]
}