{
    "description": "Pipeline parallel OPT-1.3B benchmark",
    "model_name": "opt-1.3b-pipeline",
    "model_size": 2.6347503662109375,
    "max_prompt_len": 16,
    "max_new_tokens": 112,
    "dtype": "float32",
    "model_config_dir": null,
    "data_size": 64,
    "batch_size": 8,
    "inference_time": 18.79088669599878,
    "throughput": 381.46150929249717,
    "max_memory_allocated_per_device": [
        4.796300888061523,
        4.65555477142334
    ]
}