{
    "description": "Pipeline parallel OPT-1.3B benchmark",
    "model_name": "opt-1.3b-pipeline",
    "model_size": 2.6347503662109375,
    "max_prompt_len": 64,
    "max_new_tokens": 96,
    "dtype": "float32",
    "model_config_dir": null,
    "data_size": 8,
    "batch_size": 1,
    "inference_time": 12.706568612999035,
    "throughput": 60.4411799432872,
    "max_memory_allocated_per_device": [
        3.4959654808044434,
        3.4648361206054688
    ]
}}