{
    "description": "Pipeline parallel OPT-6.7B benchmark",
    "model_name": "opt-6.7b",
    "model_size": 3.0248794555664062,
    "max_prompt_len": 256,
    "max_new_tokens": 256,
    "dtype": "float16",
    "model_config_dir": null,
    "data_size": 16,
    "batch_size": 4,
    "inference_time": 30.722491613999864,
    "throughput": 133.3225199135054,
    "max_memory_allocated_per_device": [
        4.327763557434082,
        4.928563117980957,
        4.928013801574707,
        4.186562538146973
    ]
}