{
    "description": "Pipeline parallel OPT-1.3B benchmark",
    "model_name": "opt-1.3b-pipeline",
    "model_size": 2.6347503662109375,
    "max_prompt_len": 48,
    "max_new_tokens": 128,
    "dtype": "float32",
    "model_config_dir": null,
    "data_size": 48,
    "batch_size": 6,
    "inference_time": 21.31562254200253,
    "throughput": 288.23929434353704,
    "max_memory_allocated_per_device": [
        4.845944404602051,
        4.698818683624268
    ]
}