{
    "description": "Pipeline parallel OPT-1.3B benchmark",
    "model_name": "opt-1.3b-pipeline",
    "model_size": 2.6503753662109375,
    "max_prompt_len": 48,
    "max_new_tokens": 96,
    "dtype": "float32",
    "model_config_dir": null,
    "data_size": 8,
    "batch_size": 8,
    "inference_time": 3.584722874000363,
    "throughput": 214.24250269671535,
    "max_memory_allocated_per_device": [
        3.3971424102783203,
        3.3639955520629883
    ]
}