{
    "description": "Pipeline parallel OPT-1.3B benchmark",
    "model_name": "opt-1.3b-pipeline",
    "model_size": 2.6347503662109375,
    "max_prompt_len": 112,
    "max_new_tokens": 64,
    "dtype": "float32",
    "model_config_dir": null,
    "data_size": 40,
    "batch_size": 10,
    "inference_time": 10.380971815997327,
    "throughput": 246.60504289733052,
    "max_memory_allocated_per_device": [
        4.907209873199463,
        4.822214603424072
    ]
}