{
    "description": "Pipeline parallel OPT-1.3B benchmark",
    "model_name": "opt-1.3b-pipeline",
    "model_size": 2.6503753662109375,
    "max_prompt_len": 48,
    "max_new_tokens": 112,
    "dtype": "float32",
    "model_config_dir": null,
    "data_size": 24,
    "batch_size": 3,
    "inference_time": 15.44747347700104,
    "throughput": 174.0090380476799,
    "max_memory_allocated_per_device": [
        3.9272780418395996,
        3.849825382232666
    ]
}