{
    "description": "Pipeline parallel OPT-1.3B benchmark",
    "model_name": "opt-1.3b-pipeline",
    "model_size": 2.6503753662109375,
    "max_prompt_len": 16,
    "max_new_tokens": 48,
    "dtype": "float32",
    "model_config_dir": null,
    "data_size": 48,
    "batch_size": 48,
    "inference_time": 4.7998268289957196,
    "throughput": 480.0173177252047,
    "max_memory_allocated_per_device": [
        3.7997632026672363,
        3.7394537925720215
    ]
}