{
    "description": "Pipeline parallel OPT-1.3B benchmark",
    "model_name": "opt-1.3b-pipeline",
    "model_size": 2.6503753662109375,
    "max_prompt_len": 32,
    "max_new_tokens": 128,
    "dtype": "float32",
    "model_config_dir": null,
    "data_size": 16,
    "batch_size": 8,
    "inference_time": 6.826278484000795,
    "throughput": 300.0170597786238,
    "max_memory_allocated_per_device": [
        3.679854393005371,
        3.6249818801879883
    ]
}