{
    "description": "Pipeline parallel OPT-1.3B benchmark",
    "model_name": "opt-1.3b-pipeline",
    "model_size": 2.6347503662109375,
    "max_prompt_len": 80,
    "max_new_tokens": 80,
    "dtype": "float32",
    "model_config_dir": null,
    "data_size": 64,
    "batch_size": 32,
    "inference_time": 15.708545157998742,
    "throughput": 325.9372493443743,
    "max_memory_allocated_per_device": [
        5.235048294067383,
        5.066645622253418
    ]
}