{
    "description": "Pipeline parallel OPT-1.3B benchmark",
    "model_name": "opt-1.3b-pipeline",
    "model_size": 2.6503753662109375,
    "max_prompt_len": 32,
    "max_new_tokens": 16,
    "dtype": "float32",
    "model_config_dir": null,
    "data_size": 24,
    "batch_size": 24,
    "inference_time": 1.8144519240013324,
    "throughput": 211.63415515203147,
    "max_memory_allocated_per_device": [
        3.8475632667541504,
        3.7785935401916504
    ]
}