{
    "description": "Pipeline parallel OPT-6.7B benchmark",
    "model_name": "opt-6.7b",
    "model_size": 3.0092544555664062,
    "max_prompt_len": 128,
    "max_new_tokens": 512,
    "dtype": "float16",
    "model_config_dir": null,
    "data_size": 48,
    "batch_size": 48,
    "inference_time": 88.80742852399999,
    "throughput": 276.7336067315404,
    "max_memory_allocated_per_device": [
        7.300906658172607,
        8.589420318603516,
        8.589420318603516,
        6.817463397979736
    ]
}