{
    "description": "Pipeline parallel OPT-1.3B benchmark",
    "model_name": "opt-1.3b-pipeline",
    "model_size": 2.6503753662109375,
    "max_prompt_len": 96,
    "max_new_tokens": 80,
    "dtype": "float32",
    "model_config_dir": null,
    "data_size": 56,
    "batch_size": 56,
    "inference_time": 15.48382013200171,
    "throughput": 289.33428325874235,
    "max_memory_allocated_per_device": [
        5.285886287689209,
        5.1881890296936035
    ]
}