{
    "description": "Pipeline parallel OPT-1.3B benchmark",
    "model_name": "opt-1.3b",
    "model_size": 2.6347503662109375,
    "dtype": "float32",
    "max_prompt_len": 128,
    "max_new_tokens": 1,
    "model_config_dir": null,
    "data_size": 24,
    "batch_size": 24,
    "inference_time": 3.3765928440000152,
    "throughput": 7.107756578542311,
    "max_memory_allocated_per_device": [
        4.367242813110352,
        4.050813674926758
    ]
}