{
    "description": "Pipeline parallel OPT-1.3B benchmark",
    "model_name": "opt-1.3b-pipeline",
    "model_size": 2.6503753662109375,
    "max_prompt_len": 32,
    "max_new_tokens": 96,
    "dtype": "float32",
    "model_config_dir": null,
    "data_size": 16,
    "batch_size": 16,
    "inference_time": 5.689160358000663,
    "throughput": 269.987116436246,
    "max_memory_allocated_per_device": [
        3.582902431488037,
        3.5365443229675293
    ]
}