{
    "description": "Pipeline parallel OPT-1.3B benchmark",
    "model_name": "opt-1.3b-pipeline",
    "model_size": 2.6347503662109375,
    "max_prompt_len": 32,
    "max_new_tokens": 16,
    "dtype": "float32",
    "model_config_dir": null,
    "data_size": 8,
    "batch_size": 4,
    "inference_time": 0.8550303279989748,
    "throughput": 149.70229219770258,
    "max_memory_allocated_per_device": [
        3.2585625648498535,
        3.2390294075012207
    ]
}