{
    "description": "Pipeline parallel OPT-1.3B benchmark",
    "model_name": "opt-1.3b-pipeline",
    "model_size": 2.6347503662109375,
    "max_prompt_len": 64,
    "max_new_tokens": 16,
    "dtype": "float32",
    "model_config_dir": null,
    "data_size": 8,
    "batch_size": 8,
    "inference_time": 0.9632860940000683,
    "throughput": 132.87848832995914,
    "max_memory_allocated_per_device": [
        3.4481968879699707,
        3.409393787384033
    ]
}