{
    "description": "Pipeline parallel OPT-1.3B benchmark",
    "model_name": "opt-1.3b-pipeline",
    "model_size": 2.6347503662109375,
    "max_prompt_len": 128,
    "max_new_tokens": 32,
    "dtype": "float32",
    "model_config_dir": null,
    "data_size": 16,
    "batch_size": 8,
    "inference_time": 3.3314853190022404,
    "throughput": 153.68520373769525,
    "max_memory_allocated_per_device": [
        3.955843448638916,
        3.9089531898498535
    ]
}