{
    "description": "Pipeline parallel OPT-1.3B benchmark",
    "model_name": "opt-1.3b-pipeline",
    "model_size": 2.6347503662109375,
    "max_prompt_len": 16,
    "max_new_tokens": 64,
    "dtype": "float32",
    "model_config_dir": null,
    "data_size": 56,
    "batch_size": 28,
    "inference_time": 8.06444761599414,
    "throughput": 444.4197756200794,
    "max_memory_allocated_per_device": [
        4.0875163078308105,
        4.003368377685547
    ]
}