{
    "description": "Pipeline parallel OPT-1.3B benchmark",
    "model_name": "opt-1.3b-pipeline",
    "model_size": 2.6503753662109375,
    "max_prompt_len": 16,
    "max_new_tokens": 96,
    "dtype": "float32",
    "model_config_dir": null,
    "data_size": 48,
    "batch_size": 6,
    "inference_time": 14.964044658001512,
    "throughput": 307.938134729906,
    "max_memory_allocated_per_device": [
        4.230469703674316,
        4.132595539093018
    ]
}