{
    "description": "Pipeline parallel OPT-1.3B benchmark",
    "model_name": "opt-1.3b-pipeline",
    "model_size": 2.6503753662109375,
    "max_prompt_len": 48,
    "max_new_tokens": 16,
    "dtype": "float32",
    "model_config_dir": null,
    "data_size": 64,
    "batch_size": 16,
    "inference_time": 4.484459295999841,
    "throughput": 228.3441397078602,
    "max_memory_allocated_per_device": [
        4.351619243621826,
        4.289096355438232
    ]
}