{
    "description": "Pipeline parallel OPT-1.3B benchmark",
    "model_name": "opt-1.3b-pipeline",
    "model_size": 2.6347503662109375,
    "max_prompt_len": 16,
    "max_new_tokens": 96,
    "dtype": "float32",
    "model_config_dir": null,
    "data_size": 64,
    "batch_size": 32,
    "inference_time": 13.20116205499653,
    "throughput": 465.41357301757745,
    "max_memory_allocated_per_device": [
        4.6190032958984375,
        4.495279312133789
    ]
}