{
    "description": "Pipeline parallel OPT-1.3B benchmark",
    "model_name": "opt-1.3b-pipeline",
    "model_size": 2.6503753662109375,
    "max_prompt_len": 64,
    "max_new_tokens": 96,
    "dtype": "float32",
    "model_config_dir": null,
    "data_size": 40,
    "batch_size": 5,
    "inference_time": 16.168197707000218,
    "throughput": 237.50328079779885,
    "max_memory_allocated_per_device": [
        4.434573650360107,
        4.321475505828857
    ]
}