{
    "description": "Pipeline parallel OPT-1.3B benchmark",
    "model_name": "opt-1.3b-pipeline",
    "model_size": 2.6503753662109375,
    "max_prompt_len": 80,
    "max_new_tokens": 80,
    "dtype": "float32",
    "model_config_dir": null,
    "data_size": 16,
    "batch_size": 4,
    "inference_time": 6.924997808000626,
    "throughput": 184.83760363377783,
    "max_memory_allocated_per_device": [
        3.675281524658203,
        3.629523754119873
    ]
}