{
    "description": "Pipeline parallel OPT-1.3B benchmark",
    "model_name": "opt-1.3b-pipeline",
    "model_size": 2.6503753662109375,
    "max_prompt_len": 32,
    "max_new_tokens": 128,
    "dtype": "float32",
    "model_config_dir": null,
    "data_size": 64,
    "batch_size": 64,
    "inference_time": 17.964465778000886,
    "throughput": 456.0113337760283,
    "max_memory_allocated_per_device": [
        5.279969215393066,
        5.10991096496582
    ]
}