{
    "description": "Pipeline parallel OPT-1.3B benchmark",
    "model_name": "opt-1.3b-pipeline",
    "model_size": 2.6347503662109375,
    "max_prompt_len": 16,
    "max_new_tokens": 128,
    "dtype": "float32",
    "model_config_dir": null,
    "data_size": 32,
    "batch_size": 16,
    "inference_time": 11.525331632001325,
    "throughput": 355.3910751363557,
    "max_memory_allocated_per_device": [
        4.095179557800293,
        4.00924015045166
    ]
}