{
    "description": "Pipeline parallel OPT-6.7B benchmark",
    "model_name": "opt-6.7b",
    "model_size": 3.0092544555664062,
    "max_prompt_len": 256,
    "max_new_tokens": 256,
    "dtype": "float16",
    "model_config_dir": null,
    "data_size": 48,
    "batch_size": 12,
    "inference_time": 41.08228994000092,
    "throughput": 299.1069879002885,
    "max_memory_allocated_per_device": [
        6.361811637878418,
        7.461909294128418,
        7.461634635925293,
        5.971495628356934
    ]
}