{
    "description": "Pipeline parallel OPT-1.3B benchmark",
    "model_name": "opt-1.3b-pipeline",
    "model_size": 2.6503753662109375,
    "max_prompt_len": 48,
    "max_new_tokens": 48,
    "dtype": "float32",
    "model_config_dir": null,
    "data_size": 32,
    "batch_size": 32,
    "inference_time": 5.458316551997996,
    "throughput": 281.4054453177057,
    "max_memory_allocated_per_device": [
        3.7961668968200684,
        3.7343430519104004
    ]
}