{
    "description": "Pipeline parallel OPT-1.3B benchmark",
    "model_name": "opt-1.3b-pipeline",
    "model_size": 2.6503753662109375,
    "max_prompt_len": 32,
    "max_new_tokens": 96,
    "dtype": "float32",
    "model_config_dir": null,
    "data_size": 64,
    "batch_size": 8,
    "inference_time": 16.764766565000173,
    "throughput": 366.482883980433,
    "max_memory_allocated_per_device": [
        4.794966697692871,
        4.657502174377441
    ]
}