{
    "description": "Pipeline parallel OPT-1.3B benchmark",
    "model_name": "opt-1.3b-pipeline",
    "model_size": 2.6347503662109375,
    "max_prompt_len": 48,
    "max_new_tokens": 64,
    "dtype": "float32",
    "model_config_dir": null,
    "data_size": 56,
    "batch_size": 28,
    "inference_time": 10.294065783993574,
    "throughput": 348.1617540829033,
    "max_memory_allocated_per_device": [
        4.426558017730713,
        4.316370487213135
    ]
}