{
    "description": "Pipeline parallel OPT-1.3B benchmark",
    "model_name": "opt-1.3b",
    "model_size": 2.6347503662109375,
    "dtype": "float32",
    "max_prompt_len": 256,
    "max_new_tokens": 1,
    "model_config_dir": null,
    "data_size": 16,
    "batch_size": 8,
    "inference_time": 3.5696201339999334,
    "throughput": 4.4822696531776955,
    "max_memory_allocated_per_device": [
        4.7534966468811035,
        4.4214348793029785
    ]
}