{
    "description": "Pipeline parallel OPT-1.3B benchmark",
    "model_name": "opt-1.3b-pipeline",
    "model_size": 2.6347503662109375,
    "max_prompt_len": 32,
    "max_new_tokens": 16,
    "dtype": "float32",
    "model_config_dir": null,
    "data_size": 32,
    "batch_size": 32,
    "inference_time": 2.113491233001696,
    "throughput": 242.25319320242912,
    "max_memory_allocated_per_device": [
        4.072874546051025,
        3.9864487648010254
    ]
}