{
    "description": "Pipeline parallel OPT-1.3B benchmark",
    "model_name": "opt-1.3b-pipeline",
    "model_size": 2.6347503662109375,
    "max_prompt_len": 64,
    "max_new_tokens": 112,
    "dtype": "float32",
    "model_config_dir": null,
    "data_size": 48,
    "batch_size": 48,
    "inference_time": 15.744335857998522,
    "throughput": 341.4561305403591,
    "max_memory_allocated_per_device": [
        4.905589580535889,
        4.760929584503174
    ]
}