{
    "description": "Pipeline parallel OPT-1.3B benchmark",
    "model_name": "opt-1.3b-pipeline",
    "model_size": 2.6503753662109375,
    "max_prompt_len": 80,
    "max_new_tokens": 80,
    "dtype": "float32",
    "model_config_dir": null,
    "data_size": 64,
    "batch_size": 16,
    "inference_time": 15.983813412996824,
    "throughput": 320.32405957872385,
    "max_memory_allocated_per_device": [
        5.215991020202637,
        5.050845623016357
    ]
}