{
    "description": "Pipeline parallel OPT-1.3B benchmark",
    "model_name": "opt-1.3b-pipeline",
    "model_size": 2.6503753662109375,
    "max_prompt_len": 112,
    "max_new_tokens": 64,
    "dtype": "float32",
    "model_config_dir": null,
    "data_size": 56,
    "batch_size": 14,
    "inference_time": 14.272242999002628,
    "throughput": 251.11680064937633,
    "max_memory_allocated_per_device": [
        5.600764751434326,
        5.489387035369873
    ]
}