{
    "description": "Pipeline parallel OPT-1.3B benchmark",
    "model_name": "opt-1.3b",
    "model_size": 2.6347503662109375,
    "dtype": "float32",
    "max_prompt_len": 128,
    "max_new_tokens": 1,
    "model_config_dir": null,
    "data_size": 24,
    "batch_size": 12,
    "inference_time": 2.449427732999993,
    "throughput": 9.798207016544819,
    "max_memory_allocated_per_device": [
        4.35467004776001,
        4.038240909576416
    ]
}