{
    "description": "Pipeline parallel OPT-1.3B benchmark",
    "model_name": "opt-1.3b-pipeline",
    "model_size": 2.6503753662109375,
    "max_prompt_len": 64,
    "max_new_tokens": 128,
    "dtype": "float32",
    "model_config_dir": null,
    "data_size": 48,
    "batch_size": 12,
    "inference_time": 21.117803330998868,
    "throughput": 290.9393512052084,
    "max_memory_allocated_per_device": [
        5.0080671310424805,
        4.851676940917969
    ]
}