{
    "description": "Pipeline parallel OPT-6.7B benchmark",
    "model_name": "opt-6.7b",
    "model_size": 3.3758926391601562,
    "max_prompt_len": 256,
    "max_new_tokens": 512,
    "dtype": "float16",
    "model_config_dir": null,
    "data_size": 32,
    "batch_size": 32,
    "inference_time": 78.78236515200024,
    "throughput": 207.96532280275187,
    "max_memory_allocated_per_device": [
        6.500772953033447,
        7.602030277252197,
        7.602030277252197,
        6.110576152801514
    ]
}