{
    "description": "Pipeline parallel OPT-1.3B benchmark",
    "model_name": "opt-1.3b-pipeline",
    "model_size": 2.6503753662109375,
    "max_prompt_len": 32,
    "max_new_tokens": 112,
    "dtype": "float32",
    "model_config_dir": null,
    "data_size": 32,
    "batch_size": 4,
    "inference_time": 15.766196340999159,
    "throughput": 227.3217916663893,
    "max_memory_allocated_per_device": [
        4.077319145202637,
        3.9910764694213867
    ]
}