{
    "description": "Pipeline parallel OPT-1.3B benchmark",
    "model_name": "opt-1.3b-pipeline",
    "model_size": 2.6347503662109375,
    "max_prompt_len": 80,
    "max_new_tokens": 32,
    "dtype": "float32",
    "model_config_dir": null,
    "data_size": 32,
    "batch_size": 32,
    "inference_time": 5.775579188000847,
    "throughput": 177.29823566914789,
    "max_memory_allocated_per_device": [
        4.172642230987549,
        4.117934703826904
    ]
}