{
    "description": "Pipeline parallel OPT-1.3B benchmark",
    "model_name": "opt-1.3b-pipeline",
    "model_size": 2.6347503662109375,
    "max_prompt_len": 48,
    "max_new_tokens": 48,
    "dtype": "float32",
    "model_config_dir": null,
    "data_size": 56,
    "batch_size": 14,
    "inference_time": 8.346921684002155,
    "throughput": 322.03488923968996,
    "max_memory_allocated_per_device": [
        4.235925674438477,
        4.158950328826904
    ]
}