{
    "description": "Pipeline parallel OPT-1.3B benchmark",
    "model_name": "opt-1.3b-pipeline",
    "model_size": 2.6503753662109375,
    "max_prompt_len": 128,
    "max_new_tokens": 80,
    "dtype": "float32",
    "model_config_dir": null,
    "data_size": 48,
    "batch_size": 48,
    "inference_time": 16.641208184999414,
    "throughput": 230.7524764615001,
    "max_memory_allocated_per_device": [
        5.586058139801025,
        5.4766364097595215
    ]
}