{
    "description": "Pipeline parallel OPT-1.3B benchmark",
    "model_name": "opt-1.3b-pipeline",
    "model_size": 2.6347503662109375,
    "max_prompt_len": 48,
    "max_new_tokens": 96,
    "dtype": "float32",
    "model_config_dir": null,
    "data_size": 48,
    "batch_size": 6,
    "inference_time": 16.1826694650008,
    "throughput": 284.74906503936137,
    "max_memory_allocated_per_device": [
        4.543507099151611,
        4.424129009246826
    ]
}