{
    "description": "Pipeline parallel OPT-1.3B benchmark",
    "model_name": "opt-1.3b-pipeline",
    "model_size": 2.6503753662109375,
    "max_prompt_len": 16,
    "max_new_tokens": 80,
    "dtype": "float32",
    "model_config_dir": null,
    "data_size": 32,
    "batch_size": 8,
    "inference_time": 7.398263074999704,
    "throughput": 346.02716530191816,
    "max_memory_allocated_per_device": [
        3.778609275817871,
        3.714000701904297
    ]
}