{
    "description": "Pipeline parallel OPT-1.3B benchmark",
    "model_name": "opt-1.3b-pipeline",
    "model_size": 2.6347503662109375,
    "max_prompt_len": 112,
    "max_new_tokens": 16,
    "dtype": "float32",
    "model_config_dir": null,
    "data_size": 16,
    "batch_size": 16,
    "inference_time": 2.766129137999087,
    "throughput": 92.54810141842499,
    "max_memory_allocated_per_device": [
        3.8729119300842285,
        3.8241467475891113
    ]
}