{
    "description": "Pipeline parallel OPT-1.3B benchmark",
    "model_name": "opt-1.3b-pipeline",
    "model_size": 2.6503753662109375,
    "max_prompt_len": 112,
    "max_new_tokens": 32,
    "dtype": "float32",
    "model_config_dir": null,
    "data_size": 40,
    "batch_size": 20,
    "inference_time": 7.880694637999113,
    "throughput": 162.42223037396974,
    "max_memory_allocated_per_device": [
        4.910732746124268,
        4.825737476348877
    ]
}