{
    "description": "Pipeline parallel OPT-1.3B benchmark",
    "model_name": "opt-1.3b-pipeline",
    "model_size": 2.6347503662109375,
    "max_prompt_len": 112,
    "max_new_tokens": 80,
    "dtype": "float32",
    "model_config_dir": null,
    "data_size": 56,
    "batch_size": 14,
    "inference_time": 16.753053660999285,
    "throughput": 267.4139348356136,
    "max_memory_allocated_per_device": [
        5.600764751434326,
        5.489387035369873
    ]
}