{
    "description": "Pipeline parallel OPT-1.3B benchmark",
    "model_name": "opt-1.3b-pipeline",
    "model_size": 2.6347503662109375,
    "max_prompt_len": 96,
    "max_new_tokens": 112,
    "dtype": "float32",
    "model_config_dir": null,
    "data_size": 32,
    "batch_size": 4,
    "inference_time": 17.426925409999967,
    "throughput": 205.65876743486945,
    "max_memory_allocated_per_device": [
        4.50015926361084,
        4.379324913024902
    ]
}