{
    "description": "Pipeline parallel OPT-1.3B benchmark",
    "model_name": "opt-1.3b-pipeline",
    "model_size": 2.6347503662109375,
    "max_prompt_len": 96,
    "max_new_tokens": 80,
    "dtype": "float32",
    "model_config_dir": null,
    "data_size": 32,
    "batch_size": 16,
    "inference_time": 9.862444829999731,
    "throughput": 259.5705267940211,
    "max_memory_allocated_per_device": [
        4.35467004776001,
        4.292147159576416
    ]
}