{
    "description": "Pipeline parallel OPT-1.3B benchmark",
    "model_name": "opt-1.3b-pipeline",
    "model_size": 2.6347503662109375,
    "max_prompt_len": 48,
    "max_new_tokens": 64,
    "dtype": "float32",
    "model_config_dir": null,
    "data_size": 40,
    "batch_size": 20,
    "inference_time": 8.847488554998563,
    "throughput": 289.3476475370717,
    "max_memory_allocated_per_device": [
        4.074456214904785,
        3.9848432540893555
    ]
}