{
    "description": "Pipeline parallel OPT-1.3B benchmark",
    "model_name": "opt-1.3b-pipeline",
    "model_size": 2.6503753662109375,
    "max_prompt_len": 96,
    "max_new_tokens": 64,
    "dtype": "float32",
    "model_config_dir": null,
    "data_size": 56,
    "batch_size": 7,
    "inference_time": 23.07657680199918,
    "throughput": 155.30899711648345,
    "max_memory_allocated_per_device": [
        5.263028621673584,
        5.1643500328063965
    ]
}