{
    "description": "Pipeline parallel OPT-1.3B benchmark",
    "model_name": "opt-1.3b-pipeline",
    "model_size": 2.6347503662109375,
    "max_prompt_len": 80,
    "max_new_tokens": 16,
    "dtype": "float32",
    "model_config_dir": null,
    "data_size": 32,
    "batch_size": 4,
    "inference_time": 3.7335527510003885,
    "throughput": 137.13479737571993,
    "max_memory_allocated_per_device": [
        4.172413349151611,
        4.114040851593018
    ]
}