{
    "description": "Pipeline parallel OPT-1.3B benchmark",
    "model_name": "opt-1.3b-pipeline",
    "model_size": 2.6347503662109375,
    "max_prompt_len": 32,
    "max_new_tokens": 96,
    "dtype": "float32",
    "model_config_dir": null,
    "data_size": 40,
    "batch_size": 10,
    "inference_time": 10.678248796000844,
    "throughput": 359.60952712004,
    "max_memory_allocated_per_device": [
        4.191246509552002,
        4.098574161529541
    ]
}