{
    "description": "Pipeline parallel OPT-1.3B benchmark",
    "model_name": "opt-1.3b-pipeline",
    "model_size": 2.6503753662109375,
    "max_prompt_len": 64,
    "max_new_tokens": 80,
    "dtype": "float32",
    "model_config_dir": null,
    "data_size": 32,
    "batch_size": 4,
    "inference_time": 12.194257544997527,
    "throughput": 209.93488045938423,
    "max_memory_allocated_per_device": [
        4.083675384521484,
        3.9971799850463867
    ]
}