{
    "description": "Pipeline parallel OPT-1.3B benchmark",
    "model_name": "opt-1.3b-pipeline",
    "model_size": 2.6347503662109375,
    "max_prompt_len": 64,
    "max_new_tokens": 112,
    "dtype": "float32",
    "model_config_dir": null,
    "data_size": 56,
    "batch_size": 14,
    "inference_time": 18.51294629300537,
    "throughput": 338.78994195374025,
    "max_memory_allocated_per_device": [
        5.173526287078857,
        5.006511211395264
    ]
}