{
    "description": "Pipeline parallel OPT-1.3B benchmark",
    "model_name": "opt-1.3b-pipeline",
    "model_size": 2.6503753662109375,
    "max_prompt_len": 32,
    "max_new_tokens": 16,
    "dtype": "float32",
    "model_config_dir": null,
    "data_size": 24,
    "batch_size": 3,
    "inference_time": 2.5926011349984037,
    "throughput": 148.11379768999308,
    "max_memory_allocated_per_device": [
        3.498868465423584,
        3.466330051422119
    ]
}