{
    "description": "Pipeline parallel OPT-1.3B benchmark",
    "model_name": "opt-1.3b-pipeline",
    "model_size": 2.6347503662109375,
    "max_prompt_len": 32,
    "max_new_tokens": 128,
    "dtype": "float32",
    "model_config_dir": null,
    "data_size": 16,
    "batch_size": 2,
    "inference_time": 16.57759155000167,
    "throughput": 123.54026179392709,
    "max_memory_allocated_per_device": [
        3.6729989051818848,
        3.6174263954162598
    ]
}