{
    "description": "Pipeline parallel OPT-1.3B benchmark",
    "model_name": "opt-1.3b-pipeline",
    "model_size": 2.6503753662109375,
    "max_prompt_len": 112,
    "max_new_tokens": 16,
    "dtype": "float32",
    "model_config_dir": null,
    "data_size": 32,
    "batch_size": 16,
    "inference_time": 4.5348947050006245,
    "throughput": 112.90229063872597,
    "max_memory_allocated_per_device": [
        4.554754734039307,
        4.484415531158447
    ]
}