{
    "description": "Pipeline parallel OPT-1.3B benchmark",
    "model_name": "opt-1.3b-pipeline",
    "model_size": 2.6347503662109375,
    "max_prompt_len": 128,
    "max_new_tokens": 96,
    "dtype": "float32",
    "model_config_dir": null,
    "data_size": 16,
    "batch_size": 2,
    "inference_time": 13.794693875999656,
    "throughput": 111.34716100314267,
    "max_memory_allocated_per_device": [
        3.9576163291931152,
        3.9108481407165527
    ]
}