{
    "description": "Pipeline parallel OPT-1.3B benchmark",
    "model_name": "opt-1.3b-pipeline",
    "model_size": 2.6347503662109375,
    "max_prompt_len": 16,
    "max_new_tokens": 128,
    "dtype": "float32",
    "model_config_dir": null,
    "data_size": 48,
    "batch_size": 12,
    "inference_time": 18.705136605000007,
    "throughput": 328.46592514901323,
    "max_memory_allocated_per_device": [
        4.573958873748779,
        4.450081825256348
    ]
}