{
    "description": "Pipeline parallel OPT-1.3B benchmark",
    "model_name": "opt-1.3b-pipeline",
    "model_size": 2.6347503662109375,
    "max_prompt_len": 128,
    "max_new_tokens": 112,
    "dtype": "float32",
    "model_config_dir": null,
    "data_size": 24,
    "batch_size": 3,
    "inference_time": 17.46305315200152,
    "throughput": 153.92497386357184,
    "max_memory_allocated_per_device": [
        4.349668025970459,
        4.286168575286865
    ]
}