{
    "description": "Pipeline parallel OPT-1.3B benchmark",
    "model_name": "opt-1.3b-pipeline",
    "model_size": 2.6503753662109375,
    "max_prompt_len": 80,
    "max_new_tokens": 112,
    "dtype": "float32",
    "model_config_dir": null,
    "data_size": 32,
    "batch_size": 32,
    "inference_time": 13.236715344999539,
    "throughput": 270.7620362444324,
    "max_memory_allocated_per_device": [
        4.427403926849365,
        4.31841516494751
    ]
}