{
    "description": "Pipeline parallel OPT-1.3B benchmark",
    "model_name": "opt-1.3b-pipeline",
    "model_size": 2.6503753662109375,
    "max_prompt_len": 16,
    "max_new_tokens": 112,
    "dtype": "float32",
    "model_config_dir": null,
    "data_size": 24,
    "batch_size": 3,
    "inference_time": 14.76819719299965,
    "throughput": 182.0127375651615,
    "max_memory_allocated_per_device": [
        3.777252197265625,
        3.7143096923828125
    ]
}