{
    "description": "Pipeline parallel OPT-1.3B benchmark",
    "model_name": "opt-1.3b-pipeline",
    "model_size": 2.6347503662109375,
    "max_prompt_len": 96,
    "max_new_tokens": 16,
    "dtype": "float32",
    "model_config_dir": null,
    "data_size": 56,
    "batch_size": 14,
    "inference_time": 6.909806563002348,
    "throughput": 129.6707790341794,
    "max_memory_allocated_per_device": [
        5.242785930633545,
        5.145087718963623
    ]
}