{
    "description": "Pipeline parallel OPT-1.3B benchmark",
    "model_name": "opt-1.3b-pipeline",
    "model_size": 2.6503753662109375,
    "max_prompt_len": 80,
    "max_new_tokens": 32,
    "dtype": "float32",
    "model_config_dir": null,
    "data_size": 56,
    "batch_size": 14,
    "inference_time": 7.5972724450039095,
    "throughput": 235.8741262699416,
    "max_memory_allocated_per_device": [
        4.908186435699463,
        4.826121807098389
    ]
}