{
    "description": "Pipeline parallel OPT-6.7B benchmark",
    "model_name": "opt-6.7b",
    "model_size": 3.3758926391601562,
    "max_prompt_len": 512,
    "max_new_tokens": 512,
    "dtype": "float16",
    "model_config_dir": null,
    "data_size": 48,
    "batch_size": 48,
    "inference_time": 147.0501600080006,
    "throughput": 167.1266457558624,
    "max_memory_allocated_per_device": [
        9.547077178955078,
        11.397357940673828,
        11.397357940673828,
        8.782978057861328
    ]
}