{
    "description": "Pipeline parallel OPT-1.3B benchmark",
    "model_name": "opt-1.3b-pipeline",
    "model_size": 2.6503753662109375,
    "max_prompt_len": 96,
    "max_new_tokens": 112,
    "dtype": "float32",
    "model_config_dir": null,
    "data_size": 48,
    "batch_size": 48,
    "inference_time": 17.633464555998216,
    "throughput": 304.8748578549355,
    "max_memory_allocated_per_device": [
        5.220226764678955,
        5.054349422454834
    ]
}