{
    "description": "Pipeline parallel OPT-1.3B benchmark",
    "model_name": "opt-1.3b-pipeline",
    "model_size": 2.6347503662109375,
    "max_prompt_len": 112,
    "max_new_tokens": 80,
    "dtype": "float32",
    "model_config_dir": null,
    "data_size": 48,
    "batch_size": 24,
    "inference_time": 15.019022233995202,
    "throughput": 255.67576505135273,
    "max_memory_allocated_per_device": [
        5.266708850860596,
        5.16705846786499
    ]
}