{
    "description": "Pipeline parallel OPT-1.3B benchmark",
    "model_name": "opt-1.3b-pipeline",
    "model_size": 2.6503753662109375,
    "max_prompt_len": 48,
    "max_new_tokens": 96,
    "dtype": "float32",
    "model_config_dir": null,
    "data_size": 32,
    "batch_size": 32,
    "inference_time": 9.794711439000821,
    "throughput": 313.63864256049806,
    "max_memory_allocated_per_device": [
        4.110706806182861,
        4.0261311531066895
    ]
}