{
    "description": "Pipeline parallel OPT-1.3B benchmark",
    "model_name": "opt-1.3b-pipeline",
    "model_size": 2.6503753662109375,
    "max_prompt_len": 48,
    "max_new_tokens": 48,
    "dtype": "float32",
    "model_config_dir": null,
    "data_size": 32,
    "batch_size": 16,
    "inference_time": 5.180658679000771,
    "throughput": 296.48739574873105,
    "max_memory_allocated_per_device": [
        3.7829952239990234,
        3.7212600708007812
    ]
}