{
    "description": "Pipeline parallel OPT-1.3B benchmark",
    "model_name": "opt-1.3b-pipeline",
    "model_size": 2.6347503662109375,
    "max_prompt_len": 32,
    "max_new_tokens": 80,
    "dtype": "float32",
    "model_config_dir": null,
    "data_size": 56,
    "batch_size": 56,
    "inference_time": 10.085295565004344,
    "throughput": 444.21107652466407,
    "max_memory_allocated_per_device": [
        4.451109886169434,
        4.341402053833008
    ]
}