{
    "description": "Pipeline parallel OPT-1.3B benchmark",
    "model_name": "opt-1.3b-pipeline",
    "model_size": 2.6503753662109375,
    "max_prompt_len": 96,
    "max_new_tokens": 112,
    "dtype": "float32",
    "model_config_dir": null,
    "data_size": 64,
    "batch_size": 8,
    "inference_time": 23.501258618001884,
    "throughput": 305.0049410761914,
    "max_memory_allocated_per_device": [
        5.813435077667236,
        5.59489107131958
    ]
}