{
    "description": "Pipeline parallel OPT-1.3B benchmark",
    "model_name": "opt-1.3b-pipeline",
    "model_size": 2.6503753662109375,
    "max_prompt_len": 128,
    "max_new_tokens": 80,
    "dtype": "float32",
    "model_config_dir": null,
    "data_size": 40,
    "batch_size": 10,
    "inference_time": 12.625869682000484,
    "throughput": 253.44788759874018,
    "max_memory_allocated_per_device": [
        5.144633769989014,
        5.050845623016357
    ]
}