{
    "description": "Pipeline parallel OPT-1.3B benchmark",
    "model_name": "opt-1.3b-pipeline",
    "model_size": 2.6347503662109375,
    "max_prompt_len": 32,
    "max_new_tokens": 32,
    "dtype": "float32",
    "model_config_dir": null,
    "data_size": 32,
    "batch_size": 8,
    "inference_time": 3.3655127820020425,
    "throughput": 304.2626982360926,
    "max_memory_allocated_per_device": [
        3.576080322265625,
        3.5274429321289062
    ]
}