{
    "description": "Pipeline parallel OPT-1.3B benchmark",
    "model_name": "opt-1.3b-pipeline",
    "model_size": 2.6347503662109375,
    "max_prompt_len": 64,
    "max_new_tokens": 64,
    "dtype": "float32",
    "model_config_dir": null,
    "data_size": 40,
    "batch_size": 20,
    "inference_time": 9.27635946800001,
    "throughput": 275.97033176981205,
    "max_memory_allocated_per_device": [
        4.1986494064331055,
        4.105371475219727
    ]
}