{
    "description": "Pipeline parallel OPT-1.3B benchmark",
    "model_name": "opt-1.3b-pipeline",
    "model_size": 2.6347503662109375,
    "max_prompt_len": 96,
    "max_new_tokens": 96,
    "dtype": "float32",
    "model_config_dir": null,
    "data_size": 64,
    "batch_size": 64,
    "inference_time": 19.62337972399837,
    "throughput": 313.09591346725097,
    "max_memory_allocated_per_device": [
        5.69851016998291,
        5.497201919555664
    ]
}