{
    "description": "Pipeline parallel OPT-1.3B benchmark",
    "model_name": "opt-1.3b-pipeline",
    "model_size": 2.6503753662109375,
    "max_prompt_len": 96,
    "max_new_tokens": 80,
    "dtype": "float32",
    "model_config_dir": null,
    "data_size": 64,
    "batch_size": 64,
    "inference_time": 17.327501282998128,
    "throughput": 295.48403525578044,
    "max_memory_allocated_per_device": [
        5.589842319488525,
        5.4804205894470215
    ]
}