{
    "description": "Pipeline parallel OPT-1.3B benchmark",
    "model_name": "opt-1.3b-pipeline",
    "model_size": 2.6347503662109375,
    "max_prompt_len": 16,
    "max_new_tokens": 48,
    "dtype": "float32",
    "model_config_dir": null,
    "data_size": 40,
    "batch_size": 5,
    "inference_time": 7.33674185199925,
    "throughput": 261.6965457871198,
    "max_memory_allocated_per_device": [
        3.6769580841064453,
        3.6230878829956055
    ]
}