{
    "description": "Pipeline parallel OPT-6.7B benchmark",
    "model_name": "opt-6.7b",
    "model_size": 3.0248794555664062,
    "max_prompt_len": 128,
    "max_new_tokens": 256,
    "dtype": "float16",
    "model_config_dir": null,
    "data_size": 48,
    "batch_size": 24,
    "inference_time": 31.63089894099903,
    "throughput": 388.48089720500036,
    "max_memory_allocated_per_device": [
        5.632815361022949,
        6.546145439147949,
        6.546511650085449,
        5.3365068435668945
    ]
}