{
    "description": "Pipeline parallel OPT-1.3B benchmark",
    "model_name": "opt-1.3b-pipeline",
    "model_size": 2.6503753662109375,
    "max_prompt_len": 96,
    "max_new_tokens": 96,
    "dtype": "float32",
    "model_config_dir": null,
    "data_size": 64,
    "batch_size": 16,
    "inference_time": 19.709524859004887,
    "throughput": 311.72745380479984,
    "max_memory_allocated_per_device": [
        5.628134727478027,
        5.43001127243042
    ]
}