{
    "description": "Pipeline parallel OPT-1.3B benchmark",
    "model_name": "opt-1.3b-pipeline",
    "model_size": 2.6347503662109375,
    "max_prompt_len": 32,
    "max_new_tokens": 96,
    "dtype": "float32",
    "model_config_dir": null,
    "data_size": 48,
    "batch_size": 12,
    "inference_time": 14.558564951003063,
    "throughput": 316.5147125082899,
    "max_memory_allocated_per_device": [
        4.394598484039307,
        4.2862229347229
    ]
}