{
    "description": "Pipeline parallel OPT-1.3B benchmark",
    "model_name": "opt-1.3b-pipeline",
    "model_size": 2.6503753662109375,
    "max_prompt_len": 96,
    "max_new_tokens": 64,
    "dtype": "float32",
    "model_config_dir": null,
    "data_size": 16,
    "batch_size": 2,
    "inference_time": 9.343974294002692,
    "throughput": 109.58934258383407,
    "max_memory_allocated_per_device": [
        3.763211727142334,
        3.722240924835205
    ]
}