{
    "description": "Pipeline parallel OPT-1.3B benchmark",
    "model_name": "opt-1.3b-pipeline",
    "model_size": 2.6347503662109375,
    "max_prompt_len": 32,
    "max_new_tokens": 48,
    "dtype": "float32",
    "model_config_dir": null,
    "data_size": 32,
    "batch_size": 32,
    "inference_time": 4.81918223500179,
    "throughput": 318.7262745210193,
    "max_memory_allocated_per_device": [
        3.688969135284424,
        3.6355605125427246
    ]
}