{
    "description": "Pipeline parallel OPT-1.3B benchmark",
    "model_name": "opt-1.3b-pipeline",
    "model_size": 2.6347503662109375,
    "max_prompt_len": 128,
    "max_new_tokens": 80,
    "dtype": "float32",
    "model_config_dir": null,
    "data_size": 56,
    "batch_size": 56,
    "inference_time": 18.692730598995695,
    "throughput": 239.66535955109185,
    "max_memory_allocated_per_device": [
        5.990702152252197,
        5.865647792816162
    ]
}