{
    "description": "Pipeline parallel OPT-1.3B benchmark",
    "model_name": "opt-1.3b-pipeline",
    "model_size": 2.6503753662109375,
    "max_prompt_len": 80,
    "max_new_tokens": 64,
    "dtype": "float32",
    "model_config_dir": null,
    "data_size": 16,
    "batch_size": 4,
    "inference_time": 5.723403697000322,
    "throughput": 178.91451559439813,
    "max_memory_allocated_per_device": [
        3.66310453414917,
        3.6308045387268066
    ]
}