{
    "description": "Pipeline parallel OPT-1.3B benchmark",
    "model_name": "opt-1.3b-pipeline",
    "model_size": 2.6347503662109375,
    "max_prompt_len": 64,
    "max_new_tokens": 64,
    "dtype": "float32",
    "model_config_dir": null,
    "data_size": 32,
    "batch_size": 32,
    "inference_time": 7.685795426998084,
    "throughput": 266.46558829889483,
    "max_memory_allocated_per_device": [
        4.005934238433838,
        3.9296860694885254
    ]
}