{
    "description": "Pipeline parallel OPT-1.3B benchmark",
    "model_name": "opt-1.3b-pipeline",
    "model_size": 2.6503753662109375,
    "max_prompt_len": 32,
    "max_new_tokens": 128,
    "dtype": "float32",
    "model_config_dir": null,
    "data_size": 48,
    "batch_size": 6,
    "inference_time": 20.62524937800481,
    "throughput": 297.8873073191584,
    "max_memory_allocated_per_device": [
        4.701694488525391,
        4.563263416290283
    ]
}