{
    "description": "Pipeline parallel OPT-1.3B benchmark",
    "model_name": "opt-1.3b-pipeline",
    "model_size": 2.6347503662109375,
    "max_prompt_len": 80,
    "max_new_tokens": 16,
    "dtype": "float32",
    "model_config_dir": null,
    "data_size": 16,
    "batch_size": 16,
    "inference_time": 2.0278472270001657,
    "throughput": 126.24225168022437,
    "max_memory_allocated_per_device": [
        3.7721047401428223,
        3.7081246376037598
    ]
}