{
    "description": "Pipeline parallel OPT-1.3B benchmark",
    "model_name": "opt-1.3b-pipeline",
    "model_size": 2.6347503662109375,
    "max_prompt_len": 32,
    "max_new_tokens": 32,
    "dtype": "float32",
    "model_config_dir": null,
    "data_size": 56,
    "batch_size": 7,
    "inference_time": 5.975848793998011,
    "throughput": 299.8737186589859,
    "max_memory_allocated_per_device": [
        3.877988338470459,
        3.8197531700134277
    ]
}