{
    "description": "Pipeline parallel OPT-1.3B benchmark",
    "model_name": "opt-1.3b-pipeline",
    "model_size": 2.6503753662109375,
    "max_prompt_len": 16,
    "max_new_tokens": 96,
    "dtype": "float32",
    "model_config_dir": null,
    "data_size": 24,
    "batch_size": 3,
    "inference_time": 13.34617531800177,
    "throughput": 172.6337280233602,
    "max_memory_allocated_per_device": [
        3.694549560546875,
        3.6375885009765625
    ]
}