{
    "description": "Pipeline parallel OPT-1.3B benchmark",
    "model_name": "opt-1.3b-pipeline",
    "model_size": 2.6503753662109375,
    "max_prompt_len": 16,
    "max_new_tokens": 80,
    "dtype": "float32",
    "model_config_dir": null,
    "data_size": 56,
    "batch_size": 7,
    "inference_time": 12.944579954004439,
    "throughput": 346.090797532144,
    "max_memory_allocated_per_device": [
        4.230226039886475,
        4.133026599884033
    ]
}