{
    "description": "Pipeline parallel OPT-1.3B benchmark",
    "model_name": "opt-1.3b-pipeline",
    "model_size": 2.6503753662109375,
    "max_prompt_len": 128,
    "max_new_tokens": 80,
    "dtype": "float32",
    "model_config_dir": null,
    "data_size": 16,
    "batch_size": 2,
    "inference_time": 11.53727759100002,
    "throughput": 110.9447172354161,
    "max_memory_allocated_per_device": [
        3.9592032432556152,
        3.9108481407165527
    ]
}