{
    "description": "Pipeline parallel OPT-1.3B benchmark",
    "model_name": "opt-1.3b-pipeline",
    "model_size": 2.6503753662109375,
    "max_prompt_len": 64,
    "max_new_tokens": 128,
    "dtype": "float32",
    "model_config_dir": null,
    "data_size": 32,
    "batch_size": 4,
    "inference_time": 18.9642052220006,
    "throughput": 215.98585082005872,
    "max_memory_allocated_per_device": [
        4.3841142654418945,
        4.27381706237793
    ]
}