{
    "description": "Pipeline parallel OPT-1.3B benchmark",
    "model_name": "opt-1.3b-pipeline",
    "model_size": 2.6347503662109375,
    "max_prompt_len": 112,
    "max_new_tokens": 128,
    "dtype": "float32",
    "model_config_dir": null,
    "data_size": 56,
    "batch_size": 56,
    "inference_time": 23.439041728997836,
    "throughput": 305.8145500518496,
    "max_memory_allocated_per_device": [
        5.927971839904785,
        5.708809852600098
    ]
}