{
    "description": "Pipeline parallel OPT-1.3B benchmark",
    "model_name": "opt-1.3b-pipeline",
    "model_size": 2.6347503662109375,
    "max_prompt_len": 64,
    "max_new_tokens": 112,
    "dtype": "float32",
    "model_config_dir": null,
    "data_size": 40,
    "batch_size": 20,
    "inference_time": 15.439823814998817,
    "throughput": 290.1587514002564,
    "max_memory_allocated_per_device": [
        4.597311496734619,
        4.475285053253174
    ]
}