{
    "description": "Pipeline parallel OPT-1.3B benchmark",
    "model_name": "opt-1.3b-pipeline",
    "model_size": 2.6347503662109375,
    "max_prompt_len": 112,
    "max_new_tokens": 16,
    "dtype": "float32",
    "model_config_dir": null,
    "data_size": 8,
    "batch_size": 1,
    "inference_time": 2.63454548899972,
    "throughput": 48.5852305585351,
    "max_memory_allocated_per_device": [
        3.509345531463623,
        3.480041027069092
    ]
}]
}