{
    "description": "Pipeline parallel OPT-1.3B benchmark",
    "model_name": "opt-1.3b-pipeline",
    "model_size": 2.6503753662109375,
    "max_prompt_len": 112,
    "max_new_tokens": 96,
    "dtype": "float32",
    "model_config_dir": null,
    "data_size": 24,
    "batch_size": 24,
    "inference_time": 10.942775395000353,
    "throughput": 210.54987577033472,
    "max_memory_allocated_per_device": [
        4.229531288146973,
        4.172077178955078
    ]
}