{
    "description": "Pipeline parallel OPT-1.3B benchmark",
    "model_name": "opt-1.3b-pipeline",
    "model_size": 2.6503753662109375,
    "max_prompt_len": 16,
    "max_new_tokens": 48,
    "dtype": "float32",
    "model_config_dir": null,
    "data_size": 8,
    "batch_size": 8,
    "inference_time": 1.4992324800005008,
    "throughput": 256.1310571392315,
    "max_memory_allocated_per_device": [
        3.2506842613220215,
        3.1957077980041504
    ]
}