{
    "description": "Pipeline parallel OPT-6.7B benchmark",
    "model_name": "opt-6.7b",
    "model_size": 3.0092544555664062,
    "max_prompt_len": 128,
    "max_new_tokens": 256,
    "dtype": "float16",
    "model_config_dir": null,
    "data_size": 32,
    "batch_size": 16,
    "inference_time": 26.22609339200062,
    "throughput": 312.360666057061,
    "max_memory_allocated_per_device": [
        4.8587188720703125,
        5.5847320556640625,
        5.5849761962890625,
        4.65580940246582
    ]
}