{
    "description": "Pipeline parallel OPT-1.3B benchmark",
    "model_name": "opt-1.3b-pipeline",
    "model_size": 2.6503753662109375,
    "max_prompt_len": 48,
    "max_new_tokens": 96,
    "dtype": "float32",
    "model_config_dir": null,
    "data_size": 16,
    "batch_size": 4,
    "inference_time": 7.789239699999598,
    "throughput": 197.1951126372551,
    "max_memory_allocated_per_device": [
        3.6229357719421387,
        3.569098949432373
    ]
}