{
    "description": "Pipeline parallel OPT-1.3B benchmark",
    "model_name": "opt-1.3b",
    "model_size": 2.6503753662109375,
    "dtype": "float32",
    "max_prompt_len": 256,
    "max_new_tokens": 1,
    "model_config_dir": null,
    "data_size": 24,
    "batch_size": 3,
    "inference_time": 4.067898152999987,
    "throughput": 5.899852724262655,
    "max_memory_allocated_per_device": [
        5.35669469833374,
        5.175862789154053
    ]
}