{
    "description": "Pipeline parallel OPT-1.3B benchmark",
    "model_name": "opt-1.3b",
    "model_size": 2.6347503662109375,
    "dtype": "float32",
    "max_prompt_len": 384,
    "max_new_tokens": 1,
    "model_config_dir": null,
    "data_size": 24,
    "batch_size": 3,
    "inference_time": 6.492978245000359,
    "throughput": 3.6963006950593402,
    "max_memory_allocated_per_device": [
        6.6022467613220215,
        6.31104040145874
    ]
}