{
    "description": "Pipeline parallel OPT-1.3B benchmark",
    "model_name": "opt-1.3b-pipeline",
    "model_size": 2.6347503662109375,
    "max_prompt_len": 96,
    "max_new_tokens": 64,
    "dtype": "float32",
    "model_config_dir": null,
    "data_size": 32,
    "batch_size": 32,
    "inference_time": 9.316807856997912,
    "throughput": 219.81777787353795,
    "max_memory_allocated_per_device": [
        4.37487268447876,
        4.31234884262085
    ]
}