{
    "description": "Pipeline parallel OPT-1.3B benchmark",
    "model_name": "opt-1.3b-pipeline",
    "model_size": 2.6503753662109375,
    "max_prompt_len": 128,
    "max_new_tokens": 80,
    "dtype": "float32",
    "model_config_dir": null,
    "data_size": 32,
    "batch_size": 16,
    "inference_time": 11.170503371999075,
    "throughput": 229.1749901277602,
    "max_memory_allocated_per_device": [
        4.7534966468811035,
        4.6753411293029785
    ]
}