{
    "description": "Pipeline parallel OPT-1.3B benchmark",
    "model_name": "opt-1.3b-pipeline",
    "model_size": 2.6503753662109375,
    "max_prompt_len": 96,
    "max_new_tokens": 96,
    "dtype": "float32",
    "model_config_dir": null,
    "data_size": 8,
    "batch_size": 2,
    "inference_time": 7.225736213000346,
    "throughput": 106.28674744841024,
    "max_memory_allocated_per_device": [
        3.469822883605957,
        3.4342894554138184
    ]
}