{
    "description": "Pipeline parallel OPT-1.3B benchmark",
    "model_name": "opt-1.3b-pipeline",
    "model_size": 2.6503753662109375,
    "max_prompt_len": 80,
    "max_new_tokens": 80,
    "dtype": "float32",
    "model_config_dir": null,
    "data_size": 32,
    "batch_size": 16,
    "inference_time": 9.139294978001999,
    "throughput": 280.1091338185102,
    "max_memory_allocated_per_device": [
        4.197970390319824,
        4.1055707931518555
    ]
}