{
    "description": "Pipeline parallel OPT-1.3B benchmark",
    "model_name": "opt-1.3b-pipeline",
    "model_size": 2.6347503662109375,
    "max_prompt_len": 64,
    "max_new_tokens": 112,
    "dtype": "float32",
    "model_config_dir": null,
    "data_size": 8,
    "batch_size": 1,
    "inference_time": 14.820764022999356,
    "throughput": 60.455722701579845,
    "max_memory_allocated_per_device": [
        3.4959654808044434,
        3.4638142585754395
    ]
}