{
    "description": "Pipeline parallel OPT-1.3B benchmark",
    "model_name": "opt-1.3b",
    "model_size": 2.6347503662109375,
    "dtype": "float32",
    "max_prompt_len": 128,
    "max_new_tokens": 1,
    "model_config_dir": null,
    "data_size": 16,
    "batch_size": 16,
    "inference_time": 2.1528712699998778,
    "throughput": 7.431935305635301,
    "max_memory_allocated_per_device": [
        3.868440628051758,
        3.6628589630126953
    ]
}