{
    "description": "Pipeline parallel OPT-1.3B benchmark",
    "model_name": "opt-1.3b-pipeline",
    "model_size": 2.6347503662109375,
    "max_prompt_len": 48,
    "max_new_tokens": 112,
    "dtype": "float32",
    "model_config_dir": null,
    "data_size": 32,
    "batch_size": 8,
    "inference_time": 11.04553776299872,
    "throughput": 324.4749216290752,
    "max_memory_allocated_per_device": [
        4.189054489135742,
        4.095236778259277
    ]
}