{
    "description": "Pipeline parallel OPT-1.3B benchmark",
    "model_name": "opt-1.3b-pipeline",
    "model_size": 2.6347503662109375,
    "max_prompt_len": 80,
    "max_new_tokens": 112,
    "dtype": "float32",
    "model_config_dir": null,
    "data_size": 40,
    "batch_size": 40,
    "inference_time": 14.951915411998925,
    "throughput": 299.6271632465762,
    "max_memory_allocated_per_device": [
        4.7443766593933105,
        4.6126837730407715
    ]
}