{
    "description": "Pipeline parallel OPT-1.3B benchmark",
    "model_name": "opt-1.3b-pipeline",
    "model_size": 2.6503753662109375,
    "max_prompt_len": 32,
    "max_new_tokens": 64,
    "dtype": "float32",
    "model_config_dir": null,
    "data_size": 32,
    "batch_size": 32,
    "inference_time": 6.034462263996829,
    "throughput": 339.38400977646353,
    "max_memory_allocated_per_device": [
        3.7949538230895996,
        3.732875347137451
    ]
}