{
    "description": "Pipeline parallel OPT-6.7B benchmark",
    "model_name": "opt-6.7b",
    "model_size": 3.3758926391601562,
    "max_prompt_len": 256,
    "max_new_tokens": 256,
    "dtype": "float16",
    "model_config_dir": null,
    "data_size": 16,
    "batch_size": 16,
    "inference_time": 23.769724544999917,
    "throughput": 172.32004486402911,
    "max_memory_allocated_per_device": [
        4.3747687339782715,
        4.9754157066345215,
        4.9754157066345215,
        4.234358310699463
    ]
}