{
    "description": "Pipeline parallel OPT-1.3B benchmark",
    "model_name": "opt-1.3b-pipeline",
    "model_size": 2.6347503662109375,
    "max_prompt_len": 16,
    "max_new_tokens": 48,
    "dtype": "float32",
    "model_config_dir": null,
    "data_size": 24,
    "batch_size": 12,
    "inference_time": 4.050731418999931,
    "throughput": 284.393083825936,
    "max_memory_allocated_per_device": [
        3.470909595489502,
        3.431295871734619
    ]
}