{
    "description": "Pipeline parallel OPT-1.3B benchmark",
    "model_name": "opt-1.3b-pipeline",
    "model_size": 2.6503753662109375,
    "max_prompt_len": 112,
    "max_new_tokens": 16,
    "dtype": "float32",
    "model_config_dir": null,
    "data_size": 24,
    "batch_size": 6,
    "inference_time": 3.1930494610023743,
    "throughput": 120.26121257747546,
    "max_memory_allocated_per_device": [
        4.211035251617432,
        4.156020641326904
    ]
}