{
    "description": "Pipeline parallel OPT-1.3B benchmark",
    "model_name": "opt-1.3b-pipeline",
    "model_size": 2.6503753662109375,
    "max_prompt_len": 48,
    "max_new_tokens": 112,
    "dtype": "float32",
    "model_config_dir": null,
    "data_size": 40,
    "batch_size": 10,
    "inference_time": 13.28724077699735,
    "throughput": 337.1655616985357,
    "max_memory_allocated_per_device": [
        4.443077087402344,
        4.3273162841796875
    ]
}