{
    "description": "Pipeline parallel OPT-1.3B benchmark",
    "model_name": "opt-1.3b-pipeline",
    "model_size": 2.6503753662109375,
    "max_prompt_len": 64,
    "max_new_tokens": 112,
    "dtype": "float32",
    "model_config_dir": null,
    "data_size": 64,
    "batch_size": 8,
    "inference_time": 21.527303146998747,
    "throughput": 332.97250245669227,
    "max_memory_allocated_per_device": [
        5.405690670013428,
        5.21938943862915
    ]
}