{
    "description": "Pipeline parallel OPT-1.3B benchmark",
    "model_name": "opt-1.3b-pipeline",
    "model_size": 2.6347503662109375,
    "max_prompt_len": 48,
    "max_new_tokens": 80,
    "dtype": "float32",
    "model_config_dir": null,
    "data_size": 8,
    "batch_size": 1,
    "inference_time": 10.559870150000279,
    "throughput": 60.60680585167831,
    "max_memory_allocated_per_device": [
        3.3636016845703125,
        3.3320469856262207
    ]
}