{
    "description": "Pipeline parallel OPT-1.3B benchmark",
    "model_name": "opt-1.3b-pipeline",
    "model_size": 2.6503753662109375,
    "max_prompt_len": 16,
    "max_new_tokens": 16,
    "dtype": "float32",
    "model_config_dir": null,
    "data_size": 8,
    "batch_size": 8,
    "inference_time": 0.5655537629991159,
    "throughput": 226.32684702020117,
    "max_memory_allocated_per_device": [
        2.7196764945983887,
        2.7016239166259766
    ]
}