{
    "description": "Pipeline parallel OPT-1.3B benchmark",
    "model_name": "opt-1.3b-pipeline",
    "model_size": 2.6503753662109375,
    "max_prompt_len": 16,
    "max_new_tokens": 128,
    "dtype": "float32",
    "model_config_dir": null,
    "data_size": 8,
    "batch_size": 1,
    "inference_time": 16.776211831000182,
    "throughput": 61.038809614205384,
    "max_memory_allocated_per_device": [
        3.4963316917419434,
        3.4638142585754395
    ]
}