{
    "description": "Pipeline parallel OPT-1.3B benchmark",
    "model_name": "opt-1.3b-pipeline",
    "model_size": 2.6503753662109375,
    "max_prompt_len": 16,
    "max_new_tokens": 112,
    "dtype": "float32",
    "model_config_dir": null,
    "data_size": 24,
    "batch_size": 12,
    "inference_time": 9.311219644998346,
    "throughput": 288.6839858239084,
    "max_memory_allocated_per_device": [
        3.7827391624450684,
        3.719421863555908
    ]
}