{
    "description": "Pipeline parallel OPT-1.3B benchmark",
    "model_name": "opt-1.3b-pipeline",
    "model_size": 2.6347503662109375,
    "max_prompt_len": 32,
    "max_new_tokens": 96,
    "dtype": "float32",
    "model_config_dir": null,
    "data_size": 56,
    "batch_size": 14,
    "inference_time": 14.002912882999226,
    "throughput": 383.92012040058745,
    "max_memory_allocated_per_device": [
        4.601981163024902,
        4.4755120277404785
    ]
}