{
    "description": "Pipeline parallel OPT-1.3B benchmark",
    "model_name": "opt-1.3b-pipeline",
    "model_size": 2.6347503662109375,
    "max_prompt_len": 128,
    "max_new_tokens": 48,
    "dtype": "float32",
    "model_config_dir": null,
    "data_size": 64,
    "batch_size": 64,
    "inference_time": 14.92795569899863,
    "throughput": 205.7883920573311,
    "max_memory_allocated_per_device": [
        6.311039447784424,
        5.977925777435303
    ]
}
}