{
    "description": "Pipeline parallel OPT-1.3B benchmark",
    "model_name": "opt-1.3b-pipeline",
    "model_size": 2.6503753662109375,
    "max_prompt_len": 112,
    "max_new_tokens": 128,
    "dtype": "float32",
    "model_config_dir": null,
    "data_size": 16,
    "batch_size": 8,
    "inference_time": 8.653851338000095,
    "throughput": 236.65763600617765,
    "max_memory_allocated_per_device": [
        3.934905529022217,
        3.86079740524292
    ]
}