{
    "description": "Pipeline parallel OPT-1.3B benchmark",
    "model_name": "opt-1.3b-pipeline",
    "model_size": 2.6347503662109375,
    "max_prompt_len": 96,
    "max_new_tokens": 96,
    "dtype": "float32",
    "model_config_dir": null,
    "data_size": 8,
    "batch_size": 4,
    "inference_time": 4.834402395999859,
    "throughput": 158.86141390205086,
    "max_memory_allocated_per_device": [
        3.470635414123535,
        3.4315385818481445
    ]
}