{
    "description": "Pipeline parallel OPT-1.3B benchmark",
    "model_name": "opt-1.3b-pipeline",
    "model_size": 2.6347503662109375,
    "max_prompt_len": 112,
    "max_new_tokens": 128,
    "dtype": "float32",
    "model_config_dir": null,
    "data_size": 8,
    "batch_size": 2,
    "inference_time": 9.620424018999984,
    "throughput": 106.44021489880672,
    "max_memory_allocated_per_device": [
        3.543929100036621,
        3.4986677169799805
    ]
}