{
    "description": "Pipeline parallel OPT-1.3B benchmark",
    "model_name": "opt-1.3b-pipeline",
    "model_size": 2.6347503662109375,
    "max_prompt_len": 48,
    "max_new_tokens": 96,
    "dtype": "float32",
    "model_config_dir": null,
    "data_size": 48,
    "batch_size": 12,
    "inference_time": 15.21507739899971,
    "throughput": 302.857480061386,
    "max_memory_allocated_per_device": [
        4.55967903137207,
        4.4389753341674805
    ]
}