{
    "description": "Pipeline parallel OPT-1.3B benchmark",
    "model_name": "opt-1.3b-pipeline",
    "model_size": 2.6503753662109375,
    "max_prompt_len": 96,
    "max_new_tokens": 48,
    "dtype": "float32",
    "model_config_dir": null,
    "data_size": 32,
    "batch_size": 16,
    "inference_time": 6.877935316999356,
    "throughput": 223.32283297338603,
    "max_memory_allocated_per_device": [
        4.35467004776001,
        4.292147159576416
    ]
}