{
    "description": "Pipeline parallel OPT-1.3B benchmark",
    "model_name": "opt-1.3b-pipeline",
    "model_size": 2.6347503662109375,
    "max_prompt_len": 48,
    "max_new_tokens": 48,
    "dtype": "float32",
    "model_config_dir": null,
    "data_size": 8,
    "batch_size": 2,
    "inference_time": 3.6297958840004867,
    "throughput": 105.7910726309999,
    "max_memory_allocated_per_device": [
        3.329812526702881,
        3.305741786956787
    ]
}}