{
    "description": "Pipeline parallel OPT-1.3B benchmark",
    "model_name": "opt-1.3b-pipeline",
    "model_size": 2.6503753662109375,
    "max_prompt_len": 48,
    "max_new_tokens": 16,
    "dtype": "float32",
    "model_config_dir": null,
    "data_size": 40,
    "batch_size": 20,
    "inference_time": 3.238320765001845,
    "throughput": 197.63329405684598,
    "max_memory_allocated_per_device": [
        3.9059910774230957,
        3.861053943634033
    ]
}