{
    "description": "Pipeline parallel OPT-1.3B benchmark",
    "model_name": "opt-1.3b-pipeline",
    "model_size": 2.6503753662109375,
    "max_prompt_len": 80,
    "max_new_tokens": 112,
    "dtype": "float32",
    "model_config_dir": null,
    "data_size": 56,
    "batch_size": 7,
    "inference_time": 21.395802191997063,
    "throughput": 293.1416145895195,
    "max_memory_allocated_per_device": [
        5.307483196258545,
        5.123965740203857
    ]
}