{
    "description": "Pipeline parallel OPT-1.3B benchmark",
    "model_name": "opt-1.3b-pipeline",
    "model_size": 2.6347503662109375,
    "max_prompt_len": 48,
    "max_new_tokens": 80,
    "dtype": "float32",
    "model_config_dir": null,
    "data_size": 56,
    "batch_size": 56,
    "inference_time": 11.344224234002468,
    "throughput": 394.9146197738166,
    "max_memory_allocated_per_device": [
        4.639989376068115,
        4.517030239105225
    ]
}