{
    "description": "Pipeline parallel OPT-1.3B benchmark",
    "model_name": "opt-1.3b-pipeline",
    "model_size": 2.6347503662109375,
    "max_prompt_len": 16,
    "max_new_tokens": 16,
    "dtype": "float32",
    "model_config_dir": null,
    "data_size": 56,
    "batch_size": 7,
    "inference_time": 2.9390675910035498,
    "throughput": 304.8585894188501,
    "max_memory_allocated_per_device": [
        3.5332283973693848,
        3.500063419342041
    ]
}