{
    "description": "Pipeline parallel OPT-1.3B benchmark",
    "model_name": "opt-1.3b-pipeline",
    "model_size": 2.6347503662109375,
    "max_prompt_len": 48,
    "max_new_tokens": 16,
    "dtype": "float32",
    "model_config_dir": null,
    "data_size": 16,
    "batch_size": 8,
    "inference_time": 1.32962971699817,
    "throughput": 192.53480629024807,
    "max_memory_allocated_per_device": [
        3.459599018096924,
        3.431394100189209
    ]
}