{
    "description": "Pipeline parallel OPT-1.3B benchmark",
    "model_name": "opt-1.3b-pipeline",
    "model_size": 2.6347503662109375,
    "max_prompt_len": 16,
    "max_new_tokens": 112,
    "dtype": "float32",
    "model_config_dir": null,
    "data_size": 16,
    "batch_size": 8,
    "inference_time": 5.9328938869984995,
    "throughput": 302.04484255601403,
    "max_memory_allocated_per_device": [
        3.573820114135742,
        3.5264320373535156
    ]
}