{
    "description": "Pipeline parallel OPT-1.3B benchmark",
    "model_name": "opt-1.3b-pipeline",
    "model_size": 2.6347503662109375,
    "max_prompt_len": 64,
    "max_new_tokens": 16,
    "dtype": "float32",
    "model_config_dir": null,
    "data_size": 56,
    "batch_size": 56,
    "inference_time": 5.616922813998826,
    "throughput": 159.51794775725526,
    "max_memory_allocated_per_device": [
        5.163524150848389,
        4.987093448638916
    ]
}