{
    "description": "Pipeline parallel OPT-1.3B benchmark",
    "model_name": "opt-1.3b-pipeline",
    "model_size": 2.6503753662109375,
    "max_prompt_len": 80,
    "max_new_tokens": 48,
    "dtype": "float32",
    "model_config_dir": null,
    "data_size": 32,
    "batch_size": 8,
    "inference_time": 6.316545252000651,
    "throughput": 243.17090097842643,
    "max_memory_allocated_per_device": [
        4.150374889373779,
        4.095668315887451
    ]
}