{
    "description": "Pipeline parallel OPT-1.3B benchmark",
    "model_name": "opt-1.3b-pipeline",
    "model_size": 2.6503753662109375,
    "max_prompt_len": 64,
    "max_new_tokens": 128,
    "dtype": "float32",
    "model_config_dir": null,
    "data_size": 48,
    "batch_size": 6,
    "inference_time": 21.89474774599512,
    "throughput": 280.6152448650079,
    "max_memory_allocated_per_device": [
        5.003078460693359,
        4.846168041229248
    ]
}