{
    "description": "Pipeline parallel OPT-1.3B benchmark",
    "model_name": "opt-1.3b-pipeline",
    "model_size": 2.6347503662109375,
    "max_prompt_len": 80,
    "max_new_tokens": 16,
    "dtype": "float32",
    "model_config_dir": null,
    "data_size": 16,
    "batch_size": 8,
    "inference_time": 1.7696402509973268,
    "throughput": 144.6621706619323,
    "max_memory_allocated_per_device": [
        3.6567234992980957,
        3.6215577125549316
    ]
}