{
    "description": "Pipeline parallel OPT-1.3B benchmark",
    "model_name": "opt-1.3b-pipeline",
    "model_size": 2.6347503662109375,
    "max_prompt_len": 128,
    "max_new_tokens": 32,
    "dtype": "float32",
    "model_config_dir": null,
    "data_size": 8,
    "batch_size": 4,
    "inference_time": 2.19921300399983,
    "throughput": 116.40527749444854,
    "max_memory_allocated_per_device": [
        3.557682514190674,
        3.5264248847961426
    ]
}