{
    "description": "Pipeline parallel OPT-1.3B benchmark",
    "model_name": "opt-1.3b-pipeline",
    "model_size": 2.6503753662109375,
    "max_prompt_len": 80,
    "max_new_tokens": 96,
    "dtype": "float32",
    "model_config_dir": null,
    "data_size": 48,
    "batch_size": 12,
    "inference_time": 17.048586292003165,
    "throughput": 270.28634052557396,
    "max_memory_allocated_per_device": [
        4.850379467010498,
        4.706370830535889
    ]
}