{
    "description": "Pipeline parallel OPT-1.3B benchmark",
    "model_name": "opt-1.3b-pipeline",
    "model_size": 2.6347503662109375,
    "max_prompt_len": 48,
    "max_new_tokens": 80,
    "dtype": "float32",
    "model_config_dir": null,
    "data_size": 40,
    "batch_size": 10,
    "inference_time": 9.657257194001431,
    "throughput": 331.35702360579853,
    "max_memory_allocated_per_device": [
        4.189364433288574,
        4.094504356384277
    ]
}