{
    "description": "Pipeline parallel OPT-1.3B benchmark",
    "model_name": "opt-1.3b-pipeline",
    "model_size": 2.6503753662109375,
    "max_prompt_len": 96,
    "max_new_tokens": 128,
    "dtype": "float32",
    "model_config_dir": null,
    "data_size": 64,
    "batch_size": 8,
    "inference_time": 26.400758073999896,
    "throughput": 310.2941202308762,
    "max_memory_allocated_per_device": [
        6.019906044006348,
        5.785248756408691
    ]
}