{
    "description": "Pipeline parallel OPT-1.3B benchmark",
    "model_name": "opt-1.3b-pipeline",
    "model_size": 2.6347503662109375,
    "max_prompt_len": 128,
    "max_new_tokens": 48,
    "dtype": "float32",
    "model_config_dir": null,
    "data_size": 64,
    "batch_size": 16,
    "inference_time": 13.825314161000279,
    "throughput": 222.20109895699738,
    "max_memory_allocated_per_device": [
        6.30343770980835,
        5.938586711883545
    ]
}