{
    "description": "Pipeline parallel OPT-6.7B benchmark",
    "model_name": "opt-6.7b",
    "model_size": 3.0248794555664062,
    "max_prompt_len": 384,
    "max_new_tokens": 128,
    "dtype": "float16",
    "model_config_dir": null,
    "data_size": 16,
    "batch_size": 16,
    "inference_time": 14.772722202000296,
    "throughput": 138.63389373982076,
    "max_memory_allocated_per_device": [
        4.717251777648926,
        5.255764961242676,
        5.255764961242676,
        4.576458930969238
    ]
}