{
    "description": "Pipeline parallel OPT-1.3B benchmark",
    "model_name": "opt-1.3b-pipeline",
    "model_size": 2.6347503662109375,
    "max_prompt_len": 80,
    "max_new_tokens": 128,
    "dtype": "float32",
    "model_config_dir": null,
    "data_size": 48,
    "batch_size": 12,
    "inference_time": 22.19905345999723,
    "throughput": 276.7685573203159,
    "max_memory_allocated_per_device": [
        5.184817314147949,
        5.016090393066406
    ]
}