{
    "description": "Pipeline parallel OPT-1.3B benchmark",
    "model_name": "opt-1.3b-pipeline",
    "model_size": 2.6347503662109375,
    "max_prompt_len": 32,
    "max_new_tokens": 96,
    "dtype": "float32",
    "model_config_dir": null,
    "data_size": 32,
    "batch_size": 32,
    "inference_time": 8.938941478998458,
    "throughput": 343.6648519533875,
    "max_memory_allocated_per_device": [
        4.0076584815979,
        3.9306559562683105
    ]
}