{
    "description": "Pipeline parallel OPT-1.3B benchmark",
    "model_name": "opt-1.3b-pipeline",
    "model_size": 2.6347503662109375,
    "max_prompt_len": 80,
    "max_new_tokens": 80,
    "dtype": "float32",
    "model_config_dir": null,
    "data_size": 48,
    "batch_size": 48,
    "inference_time": 12.399038761002885,
    "throughput": 309.7014271846187,
    "max_memory_allocated_per_device": [
        4.745516300201416,
        4.614064693450928
    ]
}