{
    "description": "Pipeline parallel OPT-1.3B benchmark",
    "model_name": "opt-1.3b",
    "model_size": 2.6503753662109375,
    "dtype": "float32",
    "max_prompt_len": 128,
    "max_new_tokens": 1,
    "model_config_dir": null,
    "data_size": 16,
    "batch_size": 4,
    "inference_time": 1.4239077909999196,
    "throughput": 11.236682670837991,
    "max_memory_allocated_per_device": [
        3.8567233085632324,
        3.65114164352417
    ]
}