{
    "description": "Pipeline parallel OPT-1.3B benchmark",
    "model_name": "opt-1.3b-pipeline",
    "model_size": 2.6503753662109375,
    "max_prompt_len": 16,
    "max_new_tokens": 64,
    "dtype": "float32",
    "model_config_dir": null,
    "data_size": 64,
    "batch_size": 8,
    "inference_time": 10.84402384400164,
    "throughput": 377.7195678397275,
    "max_memory_allocated_per_device": [
        4.188543796539307,
        4.096599102020264
    ]
}