{
    "description": "Pipeline parallel OPT-1.3B benchmark",
    "model_name": "opt-1.3b-pipeline",
    "model_size": 2.6503753662109375,
    "max_prompt_len": 64,
    "max_new_tokens": 32,
    "dtype": "float32",
    "model_config_dir": null,
    "data_size": 64,
    "batch_size": 8,
    "inference_time": 7.946623754003667,
    "throughput": 257.7195125122385,
    "max_memory_allocated_per_device": [
        4.742513179779053,
        4.663625240325928
    ]
}