{
    "description": "Pipeline parallel OPT-1.3B benchmark",
    "model_name": "opt-1.3b-pipeline",
    "model_size": 2.6503753662109375,
    "max_prompt_len": 80,
    "max_new_tokens": 128,
    "dtype": "float32",
    "model_config_dir": null,
    "data_size": 16,
    "batch_size": 16,
    "inference_time": 8.765611671999068,
    "throughput": 233.64028394528881,
    "max_memory_allocated_per_device": [
        3.8461623191833496,
        3.780235767364502
    ]
}