{
    "description": "Pipeline parallel OPT-1.3B benchmark",
    "model_name": "opt-1.3b-pipeline",
    "model_size": 2.6503753662109375,
    "max_prompt_len": 16,
    "max_new_tokens": 32,
    "dtype": "float32",
    "model_config_dir": null,
    "data_size": 40,
    "batch_size": 40,
    "inference_time": 3.18825341900083,
    "throughput": 401.47373241150336,
    "max_memory_allocated_per_device": [
        3.55426025390625,
        3.5105247497558594
    ]
}