{
    "description": "Pipeline parallel OPT-1.3B benchmark",
    "model_name": "opt-1.3b-pipeline",
    "model_size": 2.6503753662109375,
    "max_prompt_len": 48,
    "max_new_tokens": 80,
    "dtype": "float32",
    "model_config_dir": null,
    "data_size": 48,
    "batch_size": 12,
    "inference_time": 13.083739773996058,
    "throughput": 293.49406716510845,
    "max_memory_allocated_per_device": [
        4.3919806480407715,
        4.282071590423584
    ]
}