{
    "description": "Pipeline parallel OPT-1.3B benchmark",
    "model_name": "opt-1.3b-pipeline",
    "model_size": 2.6347503662109375,
    "max_prompt_len": 128,
    "max_new_tokens": 128,
    "dtype": "float32",
    "model_config_dir": null,
    "data_size": 64,
    "batch_size": 16,
    "inference_time": 28.18484695600091,
    "throughput": 290.65263376410917,
    "max_memory_allocated_per_device": [
        6.434909820556641,
        5.938586711883545
    ]
}