{
    "description": "Pipeline parallel OPT-1.3B benchmark",
    "model_name": "opt-1.3b-pipeline",
    "model_size": 2.6347503662109375,
    "max_prompt_len": 16,
    "max_new_tokens": 48,
    "dtype": "float32",
    "model_config_dir": null,
    "data_size": 24,
    "batch_size": 24,
    "inference_time": 3.8773345179979515,
    "throughput": 297.1113260031098,
    "max_memory_allocated_per_device": [
        3.4779229164123535,
        3.449057102203369
    ]
}