{
    "description": "Pipeline parallel OPT-1.3B benchmark",
    "model_name": "opt-1.3b-pipeline",
    "model_size": 2.6503753662109375,
    "max_prompt_len": 80,
    "max_new_tokens": 80,
    "dtype": "float32",
    "model_config_dir": null,
    "data_size": 40,
    "batch_size": 10,
    "inference_time": 10.972417888995551,
    "throughput": 291.64036882056246,
    "max_memory_allocated_per_device": [
        4.443170070648193,
        4.349891185760498
    ]
}