{
    "description": "Pipeline parallel OPT-1.3B benchmark",
    "model_name": "opt-1.3b-pipeline",
    "model_size": 2.6347503662109375,
    "max_prompt_len": 32,
    "max_new_tokens": 96,
    "dtype": "float32",
    "model_config_dir": null,
    "data_size": 40,
    "batch_size": 40,
    "inference_time": 10.215493064999464,
    "throughput": 375.89962379365596,
    "max_memory_allocated_per_device": [
        4.220306873321533,
        4.1276774406433105
    ]
}