{
    "description": "Pipeline parallel OPT-1.3B benchmark",
    "model_name": "opt-1.3b-pipeline",
    "model_size": 2.6347503662109375,
    "max_prompt_len": 64,
    "max_new_tokens": 80,
    "dtype": "float32",
    "model_config_dir": null,
    "data_size": 64,
    "batch_size": 64,
    "inference_time": 13.650255690001359,
    "throughput": 375.0845490572265,
    "max_memory_allocated_per_device": [
        5.065037727355957,
        4.908239364624023
    ]
}