{
    "description": "Pipeline parallel OPT-1.3B benchmark",
    "model_name": "opt-1.3b-pipeline",
    "model_size": 2.6503753662109375,
    "max_prompt_len": 128,
    "max_new_tokens": 80,
    "dtype": "float32",
    "model_config_dir": null,
    "data_size": 64,
    "batch_size": 32,
    "inference_time": 18.652911416998904,
    "throughput": 274.4879812882189,
    "max_memory_allocated_per_device": [
        5.9054436683654785,
        5.7488884925842285
    ]
}