{
    "description": "Pipeline parallel OPT-6.7B benchmark",
    "model_name": "opt-6.7b",
    "model_size": 3.0248794555664062,
    "max_prompt_len": 384,
    "max_new_tokens": 128,
    "dtype": "float16",
    "model_config_dir": null,
    "data_size": 32,
    "batch_size": 16,
    "inference_time": 19.343374113999744,
    "throughput": 211.75209536145636,
    "max_memory_allocated_per_device": [
        6.0435614585876465,
        6.7695746421813965,
        6.7695746421813965,
        5.806314945220947
    ]
}