{
    "description": "Pipeline parallel OPT-1.3B benchmark",
    "model_name": "opt-1.3b-pipeline",
    "model_size": 2.6347503662109375,
    "max_prompt_len": 48,
    "max_new_tokens": 112,
    "dtype": "float32",
    "model_config_dir": null,
    "data_size": 8,
    "batch_size": 4,
    "inference_time": 5.122458818001178,
    "throughput": 174.91599870970285,
    "max_memory_allocated_per_device": [
        3.419722557067871,
        3.3840465545654297
    ]
}