{
    "description": "Pipeline parallel OPT-1.3B benchmark",
    "model_name": "opt-1.3b-pipeline",
    "model_size": 2.6503753662109375,
    "max_prompt_len": 64,
    "max_new_tokens": 112,
    "dtype": "float32",
    "model_config_dir": null,
    "data_size": 48,
    "batch_size": 6,
    "inference_time": 19.3097270770013,
    "throughput": 278.40890648335693,
    "max_memory_allocated_per_device": [
        4.852049350738525,
        4.70211124420166
    ]
}