{
    "description": "Pipeline parallel OPT-1.3B benchmark",
    "model_name": "opt-1.3b-pipeline",
    "model_size": 2.6503753662109375,
    "max_prompt_len": 32,
    "max_new_tokens": 64,
    "dtype": "float32",
    "model_config_dir": null,
    "data_size": 48,
    "batch_size": 6,
    "inference_time": 10.442008898004133,
    "throughput": 294.1962633825352,
    "max_memory_allocated_per_device": [
        4.083281517028809,
        3.993342399597168
    ]
}