{
    "description": "Pipeline parallel OPT-1.3B benchmark",
    "model_name": "opt-1.3b-pipeline",
    "model_size": 2.6347503662109375,
    "max_prompt_len": 32,
    "max_new_tokens": 96,
    "dtype": "float32",
    "model_config_dir": null,
    "data_size": 16,
    "batch_size": 4,
    "inference_time": 7.535926877997554,
    "throughput": 203.82363375693288,
    "max_memory_allocated_per_device": [
        3.5716257095336914,
        3.524690628051758
    ]
}