{
    "description": "Pipeline parallel OPT-1.3B benchmark",
    "model_name": "opt-1.3b-pipeline",
    "model_size": 2.6347503662109375,
    "max_prompt_len": 80,
    "max_new_tokens": 16,
    "dtype": "float32",
    "model_config_dir": null,
    "data_size": 8,
    "batch_size": 8,
    "inference_time": 1.4141637489992718,
    "throughput": 90.51285616010081,
    "max_memory_allocated_per_device": [
        3.4755406379699707,
        3.4408116340637207
    ]
}