{
    "description": "Pipeline parallel OPT-1.3B benchmark",
    "model_name": "opt-1.3b-pipeline",
    "model_size": 2.6503753662109375,
    "max_prompt_len": 48,
    "max_new_tokens": 128,
    "dtype": "float32",
    "model_config_dir": null,
    "data_size": 64,
    "batch_size": 8,
    "inference_time": 23.450684580995585,
    "throughput": 349.3288211568369,
    "max_memory_allocated_per_device": [
        5.407308101654053,
        5.217817783355713
    ]
}