{
    "description": "Pipeline parallel OPT-1.3B benchmark",
    "model_name": "opt-1.3b-pipeline",
    "model_size": 2.6503753662109375,
    "max_prompt_len": 32,
    "max_new_tokens": 48,
    "dtype": "float32",
    "model_config_dir": null,
    "data_size": 8,
    "batch_size": 4,
    "inference_time": 2.2085745360000146,
    "throughput": 173.8678019422739,
    "max_memory_allocated_per_device": [
        3.2901296615600586,
        3.2650146484375
    ]
}