{
    "description": "Pipeline parallel OPT-1.3B benchmark",
    "model_name": "opt-1.3b-pipeline",
    "model_size": 2.6347503662109375,
    "max_prompt_len": 96,
    "max_new_tokens": 96,
    "dtype": "float32",
    "model_config_dir": null,
    "data_size": 24,
    "batch_size": 12,
    "inference_time": 10.21868633700069,
    "throughput": 225.46929458608398,
    "max_memory_allocated_per_device": [
        4.092979431152344,
        4.007668495178223
    ]
}