{
    "description": "Pipeline parallel OPT-1.3B benchmark",
    "model_name": "opt-1.3b-pipeline",
    "model_size": 2.6503753662109375,
    "max_prompt_len": 112,
    "max_new_tokens": 16,
    "dtype": "float32",
    "model_config_dir": null,
    "data_size": 16,
    "batch_size": 4,
    "inference_time": 2.498837025003013,
    "throughput": 102.44765762572744,
    "max_memory_allocated_per_device": [
        3.853057384490967,
        3.8117823600769043
    ]
}