{
    "description": "Pipeline parallel OPT-1.3B benchmark",
    "model_name": "opt-1.3b-pipeline",
    "model_size": 2.6347503662109375,
    "max_prompt_len": 80,
    "max_new_tokens": 64,
    "dtype": "float32",
    "model_config_dir": null,
    "data_size": 8,
    "batch_size": 1,
    "inference_time": 8.758357106999028,
    "throughput": 58.458452166885,
    "max_memory_allocated_per_device": [
        3.49599552154541,
        3.4638900756835938
    ]
}
}