{
    "description": "Pipeline parallel OPT-6.7B benchmark",
    "model_name": "opt-6.7b",
    "model_size": 3.0092544555664062,
    "max_prompt_len": 256,
    "max_new_tokens": 384,
    "dtype": "float16",
    "model_config_dir": null,
    "data_size": 32,
    "batch_size": 16,
    "inference_time": 48.43870453599993,
    "throughput": 253.68143342618683,
    "max_memory_allocated_per_device": [
        5.890289306640625,
        6.866058349609375,
        6.865936279296875,
        5.561983108520508
    ]
}