{
    "description": "Pipeline parallel OPT-1.3B benchmark",
    "model_name": "opt-1.3b-pipeline",
    "model_size": 2.6347503662109375,
    "max_prompt_len": 96,
    "max_new_tokens": 64,
    "dtype": "float32",
    "model_config_dir": null,
    "data_size": 32,
    "batch_size": 16,
    "inference_time": 8.35765296200043,
    "throughput": 245.04487196484467,
    "max_memory_allocated_per_device": [
        4.35467004776001,
        4.292147159576416
    ]
}