{
    "description": "Pipeline parallel OPT-1.3B benchmark",
    "model_name": "opt-1.3b-pipeline",
    "model_size": 2.6347503662109375,
    "max_prompt_len": 16,
    "max_new_tokens": 80,
    "dtype": "float32",
    "model_config_dir": null,
    "data_size": 56,
    "batch_size": 28,
    "inference_time": 10.366140883001208,
    "throughput": 432.17626024613213,
    "max_memory_allocated_per_device": [
        4.245397567749023,
        4.14886474609375
    ]
}