{
    "description": "Pipeline parallel OPT-1.3B benchmark",
    "model_name": "opt-1.3b-pipeline",
    "model_size": 2.6347503662109375,
    "max_prompt_len": 64,
    "max_new_tokens": 16,
    "dtype": "float32",
    "model_config_dir": null,
    "data_size": 48,
    "batch_size": 12,
    "inference_time": 4.326631593998172,
    "throughput": 177.50529096707845,
    "max_memory_allocated_per_device": [
        4.351619243621826,
        4.289096355438232
    ]
}