{
    "description": "Pipeline parallel OPT-1.3B benchmark",
    "model_name": "opt-1.3b-pipeline",
    "model_size": 2.6503753662109375,
    "max_prompt_len": 16,
    "max_new_tokens": 80,
    "dtype": "float32",
    "model_config_dir": null,
    "data_size": 32,
    "batch_size": 4,
    "inference_time": 10.81843839800058,
    "throughput": 236.63304312692011,
    "max_memory_allocated_per_device": [
        3.7770004272460938,
        3.7144384384155273
    ]
}