{
    "description": "Pipeline parallel OPT-1.3B benchmark",
    "model_name": "opt-1.3b-pipeline",
    "model_size": 2.6347503662109375,
    "max_prompt_len": 48,
    "max_new_tokens": 32,
    "dtype": "float32",
    "model_config_dir": null,
    "data_size": 32,
    "batch_size": 16,
    "inference_time": 3.8102908410000964,
    "throughput": 268.74588915402273,
    "max_memory_allocated_per_device": [
        3.758078098297119,
        3.7187600135803223
    ]
}