{
    "description": "Pipeline parallel OPT-1.3B benchmark",
    "model_name": "opt-1.3b-pipeline",
    "model_size": 2.6347503662109375,
    "max_prompt_len": 32,
    "max_new_tokens": 112,
    "dtype": "float32",
    "model_config_dir": null,
    "data_size": 32,
    "batch_size": 16,
    "inference_time": 10.55056978200082,
    "throughput": 339.697293516249,
    "max_memory_allocated_per_device": [
        4.09576416015625,
        4.009974479675293
    ]
}