{
    "description": "Pipeline parallel OPT-1.3B benchmark",
    "model_name": "opt-1.3b-pipeline",
    "model_size": 2.6347503662109375,
    "max_prompt_len": 64,
    "max_new_tokens": 48,
    "dtype": "float32",
    "model_config_dir": null,
    "data_size": 40,
    "batch_size": 20,
    "inference_time": 7.391846874001203,
    "throughput": 259.74564039645816,
    "max_memory_allocated_per_device": [
        4.156294345855713,
        4.101587772369385
    ]
}