{
    "description": "Pipeline parallel OPT-1.3B benchmark",
    "model_name": "opt-1.3b-pipeline",
    "model_size": 2.6347503662109375,
    "max_prompt_len": 48,
    "max_new_tokens": 96,
    "dtype": "float32",
    "model_config_dir": null,
    "data_size": 32,
    "batch_size": 16,
    "inference_time": 9.76754554299987,
    "throughput": 314.5109471438931,
    "max_memory_allocated_per_device": [
        4.093121528625488,
        4.007356643676758
    ]
}