{
    "description": "Pipeline parallel OPT-1.3B benchmark",
    "model_name": "opt-1.3b-pipeline",
    "model_size": 2.6347503662109375,
    "max_prompt_len": 48,
    "max_new_tokens": 112,
    "dtype": "float32",
    "model_config_dir": null,
    "data_size": 64,
    "batch_size": 8,
    "inference_time": 20.609394969003915,
    "throughput": 347.8025439747512,
    "max_memory_allocated_per_device": [
        5.210074424743652,
        5.037636756896973
    ]
}