{
    "description": "Pipeline parallel OPT-1.3B benchmark",
    "model_name": "opt-1.3b-pipeline",
    "model_size": 2.6347503662109375,
    "max_prompt_len": 64,
    "max_new_tokens": 96,
    "dtype": "float32",
    "model_config_dir": null,
    "data_size": 8,
    "batch_size": 2,
    "inference_time": 7.103984590999971,
    "throughput": 108.10834260155606,
    "max_memory_allocated_per_device": [
        3.416851043701172,
        3.381481170654297
    ]
}