{
    "description": "Pipeline parallel OPT-1.3B benchmark",
    "model_name": "opt-1.3b-pipeline",
    "model_size": 2.6503753662109375,
    "max_prompt_len": 64,
    "max_new_tokens": 112,
    "dtype": "float32",
    "model_config_dir": null,
    "data_size": 16,
    "batch_size": 2,
    "inference_time": 15.070337545999791,
    "throughput": 118.90908179927669,
    "max_memory_allocated_per_device": [
        3.733891010284424,
        3.6758008003234863
    ]
}