{
    "description": "Pipeline parallel OPT-1.3B benchmark",
    "model_name": "opt-1.3b-pipeline",
    "model_size": 2.6347503662109375,
    "max_prompt_len": 32,
    "max_new_tokens": 128,
    "dtype": "float32",
    "model_config_dir": null,
    "data_size": 64,
    "batch_size": 16,
    "inference_time": 20.92579844699503,
    "throughput": 391.4784910477994,
    "max_memory_allocated_per_device": [
        5.224916458129883,
        5.054495811462402
    ]
}