{
    "description": "Pipeline parallel OPT-1.3B benchmark",
    "model_name": "opt-1.3b-pipeline",
    "model_size": 2.6503753662109375,
    "max_prompt_len": 128,
    "max_new_tokens": 16,
    "dtype": "float32",
    "model_config_dir": null,
    "data_size": 56,
    "batch_size": 7,
    "inference_time": 7.546971727999335,
    "throughput": 118.72311601166223,
    "max_memory_allocated_per_device": [
        5.930814266204834,
        5.805760860443115
    ]
}