{
    "description": "Pipeline parallel OPT-1.3B benchmark",
    "model_name": "opt-1.3b-pipeline",
    "model_size": 2.6347503662109375,
    "max_prompt_len": 32,
    "max_new_tokens": 80,
    "dtype": "float32",
    "model_config_dir": null,
    "data_size": 48,
    "batch_size": 24,
    "inference_time": 10.686929568000778,
    "throughput": 359.3174237339299,
    "max_memory_allocated_per_device": [
        4.245400905609131,
        4.148681163787842
    ]
}