{
    "description": "Pipeline parallel OPT-1.3B benchmark",
    "model_name": "opt-1.3b-pipeline",
    "model_size": 2.6347503662109375,
    "max_prompt_len": 96,
    "max_new_tokens": 16,
    "dtype": "float32",
    "model_config_dir": null,
    "data_size": 56,
    "batch_size": 28,
    "inference_time": 6.750705697006197,
    "throughput": 132.72686445172067,
    "max_memory_allocated_per_device": [
        5.266708850860596,
        5.16803503036499
    ]
}