{
    "description": "Pipeline parallel OPT-1.3B benchmark",
    "model_name": "opt-1.3b-pipeline",
    "model_size": 2.6347503662109375,
    "max_prompt_len": 48,
    "max_new_tokens": 16,
    "dtype": "float32",
    "model_config_dir": null,
    "data_size": 24,
    "batch_size": 12,
    "inference_time": 2.266967781997664,
    "throughput": 169.38926218952133,
    "max_memory_allocated_per_device": [
        3.6068711280822754,
        3.5736584663391113
    ]
}