{
    "description": "Pipeline parallel OPT-1.3B benchmark",
    "model_name": "opt-1.3b",
    "model_size": 2.6347503662109375,
    "dtype": "float32",
    "max_prompt_len": 128,
    "max_new_tokens": 1,
    "model_config_dir": null,
    "data_size": 24,
    "batch_size": 3,
    "inference_time": 1.9718306619997747,
    "throughput": 12.17143057084825,
    "max_memory_allocated_per_device": [
        4.166196346282959,
        4.032262325286865
    ]
}