{
    "description": "Pipeline parallel OPT-1.3B benchmark",
    "model_name": "opt-1.3b-pipeline",
    "model_size": 2.6503753662109375,
    "max_prompt_len": 16,
    "max_new_tokens": 112,
    "dtype": "float32",
    "model_config_dir": null,
    "data_size": 40,
    "batch_size": 20,
    "inference_time": 13.246164786000008,
    "throughput": 338.21110278915995,
    "max_memory_allocated_per_device": [
        4.2008585929870605,
        4.10780668258667
    ]
}