{
    "description": "Pipeline parallel OPT-1.3B benchmark",
    "model_name": "opt-1.3b-pipeline",
    "model_size": 2.6503753662109375,
    "max_prompt_len": 64,
    "max_new_tokens": 32,
    "dtype": "float32",
    "model_config_dir": null,
    "data_size": 32,
    "batch_size": 16,
    "inference_time": 4.34126595500129,
    "throughput": 235.8758967117221,
    "max_memory_allocated_per_device": [
        3.955843448638916,
        3.9089531898498535
    ]
}