{
    "description": "Pipeline parallel OPT-1.3B benchmark",
    "model_name": "opt-1.3b-pipeline",
    "model_size": 2.6503753662109375,
    "max_prompt_len": 96,
    "max_new_tokens": 112,
    "dtype": "float32",
    "model_config_dir": null,
    "data_size": 48,
    "batch_size": 12,
    "inference_time": 20.406903041002806,
    "throughput": 263.4402676975634,
    "max_memory_allocated_per_device": [
        5.178384304046631,
        5.011544704437256
    ]
}