{
    "description": "Pipeline parallel OPT-1.3B benchmark",
    "model_name": "opt-1.3b-pipeline",
    "model_size": 2.6503753662109375,
    "max_prompt_len": 48,
    "max_new_tokens": 48,
    "dtype": "float32",
    "model_config_dir": null,
    "data_size": 48,
    "batch_size": 6,
    "inference_time": 8.653416799999832,
    "throughput": 266.2532099459308,
    "max_memory_allocated_per_device": [
        4.078878879547119,
        4.005704402923584
    ]
}