{
    "description": "Pipeline parallel OPT-1.3B benchmark",
    "model_name": "opt-1.3b-pipeline",
    "model_size": 2.6347503662109375,
    "max_prompt_len": 96,
    "max_new_tokens": 64,
    "dtype": "float32",
    "model_config_dir": null,
    "data_size": 24,
    "batch_size": 3,
    "inference_time": 10.076419506000093,
    "throughput": 152.43509850749814,
    "max_memory_allocated_per_device": [
        4.058522701263428,
        4.005398273468018
    ]
}