{
    "description": "Pipeline parallel OPT-1.3B benchmark",
    "model_name": "opt-1.3b-pipeline",
    "model_size": 2.6347503662109375,
    "max_prompt_len": 48,
    "max_new_tokens": 32,
    "dtype": "float32",
    "model_config_dir": null,
    "data_size": 48,
    "batch_size": 6,
    "inference_time": 6.364599720996921,
    "throughput": 241.334894154099,
    "max_memory_allocated_per_device": [
        4.057424068450928,
        4.005399227142334
    ]
}