{
    "description": "Pipeline parallel OPT-1.3B benchmark",
    "model_name": "opt-1.3b-pipeline",
    "model_size": 2.6347503662109375,
    "max_prompt_len": 48,
    "max_new_tokens": 112,
    "dtype": "float32",
    "model_config_dir": null,
    "data_size": 40,
    "batch_size": 20,
    "inference_time": 14.766470828999445,
    "throughput": 303.3900281170676,
    "max_memory_allocated_per_device": [
        4.452516555786133,
        4.339923858642578
    ]
}