{
    "description": "Pipeline parallel OPT-1.3B benchmark",
    "model_name": "opt-1.3b-pipeline",
    "model_size": 2.6503753662109375,
    "max_prompt_len": 80,
    "max_new_tokens": 64,
    "dtype": "float32",
    "model_config_dir": null,
    "data_size": 32,
    "batch_size": 32,
    "inference_time": 8.390888386998995,
    "throughput": 244.07427504019847,
    "max_memory_allocated_per_device": [
        4.172642230987549,
        4.117934703826904
    ]
}