{
    "description": "Pipeline parallel OPT-1.3B benchmark",
    "model_name": "opt-1.3b-pipeline",
    "model_size": 2.6347503662109375,
    "max_prompt_len": 16,
    "max_new_tokens": 128,
    "dtype": "float32",
    "model_config_dir": null,
    "data_size": 24,
    "batch_size": 6,
    "inference_time": 10.734356897999533,
    "throughput": 286.1838887220623,
    "max_memory_allocated_per_device": [
        3.8588037490844727,
        3.789393901824951
    ]
}