{
    "description": "Pipeline parallel OPT-1.3B benchmark",
    "model_name": "opt-1.3b-pipeline",
    "model_size": 2.6347503662109375,
    "max_prompt_len": 112,
    "max_new_tokens": 16,
    "dtype": "float32",
    "model_config_dir": null,
    "data_size": 64,
    "batch_size": 8,
    "inference_time": 7.763628398999572,
    "throughput": 131.89709081541739,
    "max_memory_allocated_per_device": [
        5.930814266204834,
        5.805760860443115
    ]
}