{
    "description": "Pipeline parallel OPT-1.3B benchmark",
    "model_name": "opt-1.3b-pipeline",
    "model_size": 2.6347503662109375,
    "max_prompt_len": 16,
    "max_new_tokens": 48,
    "dtype": "float32",
    "model_config_dir": null,
    "data_size": 40,
    "batch_size": 20,
    "inference_time": 5.580849483998463,
    "throughput": 344.0336467602409,
    "max_memory_allocated_per_device": [
        3.6829910278320312,
        3.629528522491455
    ]
}