{
    "description": "Pipeline parallel OPT-1.3B benchmark",
    "model_name": "opt-1.3b-pipeline",
    "model_size": 2.6503753662109375,
    "max_prompt_len": 64,
    "max_new_tokens": 96,
    "dtype": "float32",
    "model_config_dir": null,
    "data_size": 24,
    "batch_size": 6,
    "inference_time": 9.18618165800217,
    "throughput": 250.8114999002838,
    "max_memory_allocated_per_device": [
        3.9290080070495605,
        3.8535847663879395
    ]
}