{
    "description": "Pipeline parallel OPT-6.7B benchmark",
    "model_name": "opt-6.7b",
    "model_size": 3.3758926391601562,
    "max_prompt_len": 128,
    "max_new_tokens": 128,
    "dtype": "float16",
    "model_config_dir": null,
    "data_size": 32,
    "batch_size": 16,
    "inference_time": 12.84515431499949,
    "throughput": 318.8751103766061,
    "max_memory_allocated_per_device": [
        4.344902992248535,
        4.945428848266602,
        4.945428848266602,
        4.203950881958008
    ]
}