{
    "description": "Pipeline parallel OPT-1.3B benchmark",
    "model_name": "opt-1.3b-pipeline",
    "model_size": 2.6347503662109375,
    "max_prompt_len": 128,
    "max_new_tokens": 32,
    "dtype": "float32",
    "model_config_dir": null,
    "data_size": 48,
    "batch_size": 6,
    "inference_time": 9.161081663005461,
    "throughput": 167.66579062412669,
    "max_memory_allocated_per_device": [
        5.53992223739624,
        5.429769039154053
    ]
}