{
    "description": "Pipeline parallel OPT-1.3B benchmark",
    "model_name": "opt-1.3b-pipeline",
    "model_size": 2.6503753662109375,
    "max_prompt_len": 112,
    "max_new_tokens": 64,
    "dtype": "float32",
    "model_config_dir": null,
    "data_size": 48,
    "batch_size": 6,
    "inference_time": 13.826695175004716,
    "throughput": 222.17890545192787,
    "max_memory_allocated_per_device": [
        5.259122371673584,
        5.1633734703063965
    ]
}