{
    "description": "Pipeline parallel OPT-1.3B benchmark",
    "model_name": "opt-1.3b-pipeline",
    "model_size": 2.6503753662109375,
    "max_prompt_len": 16,
    "max_new_tokens": 112,
    "dtype": "float32",
    "model_config_dir": null,
    "data_size": 48,
    "batch_size": 24,
    "inference_time": 13.830071568001586,
    "throughput": 388.7181619824994,
    "max_memory_allocated_per_device": [
        4.409348487854004,
        4.300854682922363
    ]
}