{
    "description": "Pipeline parallel OPT-1.3B benchmark",
    "model_name": "opt-1.3b-pipeline",
    "model_size": 2.6503753662109375,
    "max_prompt_len": 80,
    "max_new_tokens": 80,
    "dtype": "float32",
    "model_config_dir": null,
    "data_size": 56,
    "batch_size": 14,
    "inference_time": 14.531477671000175,
    "throughput": 308.2962449813715,
    "max_memory_allocated_per_device": [
        4.956206798553467,
        4.826121807098389
    ]
}