{
    "description": "Pipeline parallel OPT-1.3B benchmark",
    "model_name": "opt-1.3b-pipeline",
    "model_size": 2.6347503662109375,
    "max_prompt_len": 48,
    "max_new_tokens": 64,
    "dtype": "float32",
    "model_config_dir": null,
    "data_size": 32,
    "batch_size": 8,
    "inference_time": 6.759790093998163,
    "throughput": 302.9679873962898,
    "max_memory_allocated_per_device": [
        3.877720355987549,
        3.8071560859680176
    ]
}