{
    "description": "Pipeline parallel OPT-1.3B benchmark",
    "model_name": "opt-1.3b-pipeline",
    "model_size": 2.6347503662109375,
    "max_prompt_len": 48,
    "max_new_tokens": 16,
    "dtype": "float32",
    "model_config_dir": null,
    "data_size": 8,
    "batch_size": 2,
    "inference_time": 1.3974389860013616,
    "throughput": 91.59612783257164,
    "max_memory_allocated_per_device": [
        3.307687282562256,
        3.2861990928649902
    ]
}