{
    "description": "Pipeline parallel OPT-1.3B benchmark",
    "model_name": "opt-1.3b-pipeline",
    "model_size": 2.6347503662109375,
    "max_prompt_len": 112,
    "max_new_tokens": 128,
    "dtype": "float32",
    "model_config_dir": null,
    "data_size": 48,
    "batch_size": 48,
    "inference_time": 21.127787591001834,
    "throughput": 290.80186335348634,
    "max_memory_allocated_per_device": [
        5.53560209274292,
        5.345133304595947
    ]
}