{
    "description": "Pipeline parallel OPT-1.3B benchmark",
    "model_name": "opt-1.3b-pipeline",
    "model_size": 2.6503753662109375,
    "max_prompt_len": 96,
    "max_new_tokens": 48,
    "dtype": "float32",
    "model_config_dir": null,
    "data_size": 16,
    "batch_size": 2,
    "inference_time": 7.14017982400037,
    "throughput": 107.56031625681368,
    "max_memory_allocated_per_device": [
        3.763211727142334,
        3.7229743003845215
    ]
}