{
    "description": "Pipeline parallel OPT-1.3B benchmark",
    "model_name": "opt-1.3b-pipeline",
    "model_size": 2.6347503662109375,
    "max_prompt_len": 112,
    "max_new_tokens": 64,
    "dtype": "float32",
    "model_config_dir": null,
    "data_size": 8,
    "batch_size": 8,
    "inference_time": 3.2100371460001043,
    "throughput": 159.49971190768997,
    "max_memory_allocated_per_device": [
        3.5133275985717773,
        3.484023094177246
    ]
}