{
    "description": "Pipeline parallel OPT-1.3B benchmark",
    "model_name": "opt-1.3b-pipeline",
    "model_size": 2.6503753662109375,
    "max_prompt_len": 96,
    "max_new_tokens": 96,
    "dtype": "float32",
    "model_config_dir": null,
    "data_size": 48,
    "batch_size": 48,
    "inference_time": 15.5531545690028,
    "throughput": 296.2743011108289,
    "max_memory_allocated_per_device": [
        5.062354564666748,
        4.908176898956299
    ]
}