{
    "description": "Pipeline parallel OPT-1.3B benchmark",
    "model_name": "opt-1.3b-pipeline",
    "model_size": 2.6347503662109375,
    "max_prompt_len": 112,
    "max_new_tokens": 128,
    "dtype": "float32",
    "model_config_dir": null,
    "data_size": 64,
    "batch_size": 64,
    "inference_time": 26.537528374996327,
    "throughput": 308.6949125118414,
    "max_memory_allocated_per_device": [
        6.327054023742676,
        6.079809188842773
    ]
}