{
    "description": "Pipeline parallel OPT-1.3B benchmark",
    "model_name": "opt-1.3b-pipeline",
    "model_size": 2.6503753662109375,
    "max_prompt_len": 16,
    "max_new_tokens": 112,
    "dtype": "float32",
    "model_config_dir": null,
    "data_size": 56,
    "batch_size": 7,
    "inference_time": 18.295314233997487,
    "throughput": 342.82002045884406,
    "max_memory_allocated_per_device": [
        4.587565898895264,
        4.462672710418701
    ]
}