{
    "description": "Pipeline parallel OPT-1.3B benchmark",
    "model_name": "opt-1.3b-pipeline",
    "model_size": 2.6347503662109375,
    "max_prompt_len": 64,
    "max_new_tokens": 112,
    "dtype": "float32",
    "model_config_dir": null,
    "data_size": 40,
    "batch_size": 40,
    "inference_time": 14.265676267001254,
    "throughput": 314.0404924485033,
    "max_memory_allocated_per_device": [
        4.609186172485352,
        4.487235069274902
    ]
}