{
    "description": "Pipeline parallel OPT-6.7B benchmark",
    "model_name": "opt-6.7b",
    "model_size": 3.3758926391601562,
    "max_prompt_len": 512,
    "max_new_tokens": 512,
    "dtype": "float16",
    "model_config_dir": null,
    "data_size": 16,
    "batch_size": 8,
    "inference_time": 59.74933348099967,
    "throughput": 137.10613194714654,
    "max_memory_allocated_per_device": [
        5.375103950500488,
        6.225934028625488,
        6.225750923156738,
        5.108748435974121
    ]
}