{
    "description": "Pipeline parallel OPT-1.3B benchmark",
    "model_name": "opt-1.3b-pipeline",
    "model_size": 2.6347503662109375,
    "max_prompt_len": 16,
    "max_new_tokens": 128,
    "dtype": "float32",
    "model_config_dir": null,
    "data_size": 24,
    "batch_size": 12,
    "inference_time": 10.82500762500058,
    "throughput": 283.78732897195863,
    "max_memory_allocated_per_device": [
        3.873872756958008,
        3.8043594360351562
    ]
}