{
    "description": "Pipeline parallel OPT-1.3B benchmark",
    "model_name": "opt-1.3b-pipeline",
    "model_size": 2.6347503662109375,
    "max_prompt_len": 96,
    "max_new_tokens": 112,
    "dtype": "float32",
    "model_config_dir": null,
    "data_size": 56,
    "batch_size": 7,
    "inference_time": 22.45461239600263,
    "throughput": 279.319005351281,
    "max_memory_allocated_per_device": [
        5.506002426147461,
        5.317499160766602
    ]
}