{
    "description": "Pipeline parallel OPT-1.3B benchmark",
    "model_name": "opt-1.3b-pipeline",
    "model_size": 2.6503753662109375,
    "max_prompt_len": 48,
    "max_new_tokens": 48,
    "dtype": "float32",
    "model_config_dir": null,
    "data_size": 32,
    "batch_size": 4,
    "inference_time": 7.392949907000002,
    "throughput": 207.76550894057067,
    "max_memory_allocated_per_device": [
        3.782196044921875,
        3.725048542022705
    ]
}