{
    "description": "Pipeline parallel OPT-1.3B benchmark",
    "model_name": "opt-1.3b-pipeline",
    "model_size": 2.6347503662109375,
    "max_prompt_len": 32,
    "max_new_tokens": 16,
    "dtype": "float32",
    "model_config_dir": null,
    "data_size": 40,
    "batch_size": 40,
    "inference_time": 2.760627472998749,
    "throughput": 231.83135220515499,
    "max_memory_allocated_per_device": [
        4.301302433013916,
        4.197420597076416
    ]
}