{
    "description": "Pipeline parallel OPT-1.3B benchmark",
    "model_name": "opt-1.3b-pipeline",
    "model_size": 2.6347503662109375,
    "max_prompt_len": 16,
    "max_new_tokens": 32,
    "dtype": "float32",
    "model_config_dir": null,
    "data_size": 64,
    "batch_size": 32,
    "inference_time": 4.605686724004045,
    "throughput": 444.66767340604764,
    "max_memory_allocated_per_device": [
        3.783336639404297,
        3.7212696075439453
    ]
}