{
    "description": "Pipeline parallel OPT-1.3B benchmark",
    "model_name": "opt-1.3b-pipeline",
    "model_size": 2.6503753662109375,
    "max_prompt_len": 64,
    "max_new_tokens": 80,
    "dtype": "float32",
    "model_config_dir": null,
    "data_size": 16,
    "batch_size": 16,
    "inference_time": 5.378544088998751,
    "throughput": 237.98261738118052,
    "max_memory_allocated_per_device": [
        3.634416103363037,
        3.5840401649475098
    ]
}