{
    "description": "Pipeline parallel OPT-1.3B benchmark",
    "model_name": "opt-1.3b-pipeline",
    "model_size": 2.6503753662109375,
    "max_prompt_len": 64,
    "max_new_tokens": 80,
    "dtype": "float32",
    "model_config_dir": null,
    "data_size": 48,
    "batch_size": 12,
    "inference_time": 13.689293545998225,
    "throughput": 280.5111883310109,
    "max_memory_allocated_per_device": [
        4.55673360824585,
        4.435874938964844
    ]
}