{
    "description": "Pipeline parallel OPT-1.3B benchmark",
    "model_name": "opt-1.3b-pipeline",
    "model_size": 2.6503753662109375,
    "max_prompt_len": 48,
    "max_new_tokens": 16,
    "dtype": "float32",
    "model_config_dir": null,
    "data_size": 64,
    "batch_size": 8,
    "inference_time": 4.59660870499647,
    "throughput": 222.77293233311806,
    "max_memory_allocated_per_device": [
        4.353085041046143,
        4.286900997161865
    ]
}