{
    "description": "Pipeline parallel OPT-1.3B benchmark",
    "model_name": "opt-1.3b",
    "model_size": 2.6503753662109375,
    "dtype": "float32",
    "max_prompt_len": 256,
    "max_new_tokens": 1,
    "model_config_dir": null,
    "data_size": 8,
    "batch_size": 2,
    "inference_time": 1.4343092730000535,
    "throughput": 5.577597628764478,
    "max_memory_allocated_per_device": [
        3.7218356132507324,
        3.65114164352417
    ]
}