{
    "description": "Pipeline parallel OPT-1.3B benchmark",
    "model_name": "opt-1.3b-pipeline",
    "model_size": 2.6503753662109375,
    "max_prompt_len": 96,
    "max_new_tokens": 32,
    "dtype": "float32",
    "model_config_dir": null,
    "data_size": 40,
    "batch_size": 5,
    "inference_time": 7.242949601000873,
    "throughput": 176.7235823128083,
    "max_memory_allocated_per_device": [
        4.688954830169678,
        4.606648921966553
    ]
}