{
    "description": "Pipeline parallel OPT-1.3B benchmark",
    "model_name": "opt-1.3b-pipeline",
    "model_size": 2.6347503662109375,
    "max_prompt_len": 64,
    "max_new_tokens": 32,
    "dtype": "float32",
    "model_config_dir": null,
    "data_size": 40,
    "batch_size": 40,
    "inference_time": 5.845647295998788,
    "throughput": 218.96634114003606,
    "max_memory_allocated_per_device": [
        4.174534320831299,
        4.119826793670654
    ]
}