{
    "description": "Pipeline parallel OPT-1.3B benchmark",
    "model_name": "opt-1.3b-pipeline",
    "model_size": 2.6503753662109375,
    "max_prompt_len": 96,
    "max_new_tokens": 112,
    "dtype": "float32",
    "model_config_dir": null,
    "data_size": 40,
    "batch_size": 20,
    "inference_time": 17.075201384999673,
    "throughput": 262.3687943110069,
    "max_memory_allocated_per_device": [
        4.840760231018066,
        4.698857307434082
    ]
}