{
    "description": "Pipeline parallel OPT-1.3B benchmark",
    "model_name": "opt-1.3b-pipeline",
    "model_size": 2.6503753662109375,
    "max_prompt_len": 32,
    "max_new_tokens": 96,
    "dtype": "float32",
    "model_config_dir": null,
    "data_size": 8,
    "batch_size": 8,
    "inference_time": 3.2725293139992573,
    "throughput": 234.6808618992784,
    "max_memory_allocated_per_device": [
        3.3700098991394043,
        3.338911533355713
    ]
}