{
    "description": "Pipeline parallel OPT-1.3B benchmark",
    "model_name": "opt-1.3b-pipeline",
    "model_size": 2.6503753662109375,
    "max_prompt_len": 128,
    "max_new_tokens": 32,
    "dtype": "float32",
    "model_config_dir": null,
    "data_size": 24,
    "batch_size": 3,
    "inference_time": 6.324638779002271,
    "throughput": 121.42985976523296,
    "max_memory_allocated_per_device": [
        4.350278377532959,
        4.286168575286865
    ]
}