{
    "description": "Pipeline parallel OPT-1.3B benchmark",
    "model_name": "opt-1.3b-pipeline",
    "model_size": 2.6503753662109375,
    "max_prompt_len": 64,
    "max_new_tokens": 128,
    "dtype": "float32",
    "model_config_dir": null,
    "data_size": 8,
    "batch_size": 8,
    "inference_time": 4.761189209000804,
    "throughput": 215.07231808057034,
    "max_memory_allocated_per_device": [
        3.4761366844177246,
        3.4368882179260254
    ]
}