{
    "description": "Pipeline parallel OPT-1.3B benchmark",
    "model_name": "opt-1.3b-pipeline",
    "model_size": 2.6503753662109375,
    "max_prompt_len": 16,
    "max_new_tokens": 112,
    "dtype": "float32",
    "model_config_dir": null,
    "data_size": 32,
    "batch_size": 32,
    "inference_time": 9.910199799000111,
    "throughput": 361.6476027417336,
    "max_memory_allocated_per_device": [
        4.008642673492432,
        3.931384563446045
    ]
}