{
    "description": "Pipeline parallel OPT-1.3B benchmark",
    "model_name": "opt-1.3b-pipeline",
    "model_size": 2.6347503662109375,
    "max_prompt_len": 96,
    "max_new_tokens": 128,
    "dtype": "float32",
    "model_config_dir": null,
    "data_size": 56,
    "batch_size": 56,
    "inference_time": 21.96372391499608,
    "throughput": 326.35631497379796,
    "max_memory_allocated_per_device": [
        5.746354579925537,
        5.542153835296631
    ]
}