{
    "description": "Pipeline parallel OPT-1.3B benchmark",
    "model_name": "opt-1.3b-pipeline",
    "model_size": 2.6503753662109375,
    "max_prompt_len": 16,
    "max_new_tokens": 32,
    "dtype": "float32",
    "model_config_dir": null,
    "data_size": 56,
    "batch_size": 14,
    "inference_time": 4.585109191000811,
    "throughput": 390.83038709681256,
    "max_memory_allocated_per_device": [
        3.6972780227661133,
        3.6429672241210938
    ]
}