{
    "description": "Pipeline parallel OPT-1.3B benchmark",
    "model_name": "opt-1.3b-pipeline",
    "model_size": 2.6503753662109375,
    "max_prompt_len": 48,
    "max_new_tokens": 112,
    "dtype": "float32",
    "model_config_dir": null,
    "data_size": 56,
    "batch_size": 56,
    "inference_time": 15.44471187399904,
    "throughput": 406.09368767563905,
    "max_memory_allocated_per_device": [
        5.010488986968994,
        4.8601555824279785
    ]
}