{
    "description": "Pipeline parallel OPT-1.3B benchmark",
    "model_name": "opt-1.3b-pipeline",
    "model_size": 2.6347503662109375,
    "max_prompt_len": 80,
    "max_new_tokens": 128,
    "dtype": "float32",
    "model_config_dir": null,
    "data_size": 48,
    "batch_size": 48,
    "inference_time": 18.584964173998742,
    "throughput": 330.58982209907896,
    "max_memory_allocated_per_device": [
        5.220963001251221,
        5.052844524383545
    ]
}