{
    "description": "Pipeline parallel OPT-1.3B benchmark",
    "model_name": "opt-1.3b-pipeline",
    "model_size": 2.6347503662109375,
    "max_prompt_len": 48,
    "max_new_tokens": 64,
    "dtype": "float32",
    "model_config_dir": null,
    "data_size": 16,
    "batch_size": 16,
    "inference_time": 4.181890301999374,
    "throughput": 244.86534223779677,
    "max_memory_allocated_per_device": [
        3.5284924507141113,
        3.4859471321105957
    ]
}