{
    "description": "Pipeline parallel OPT-1.3B benchmark",
    "model_name": "opt-1.3b-pipeline",
    "model_size": 2.6503753662109375,
    "max_prompt_len": 96,
    "max_new_tokens": 80,
    "dtype": "float32",
    "model_config_dir": null,
    "data_size": 16,
    "batch_size": 4,
    "inference_time": 7.17078138999932,
    "throughput": 178.50216460163506,
    "max_memory_allocated_per_device": [
        3.7549052238464355,
        3.7158312797546387
    ]
}