{
    "description": "Pipeline parallel OPT-1.3B benchmark",
    "model_name": "opt-1.3b-pipeline",
    "model_size": 2.6503753662109375,
    "max_prompt_len": 128,
    "max_new_tokens": 32,
    "dtype": "float32",
    "model_config_dir": null,
    "data_size": 64,
    "batch_size": 16,
    "inference_time": 11.354697151000437,
    "throughput": 180.36588495181093,
    "max_memory_allocated_per_device": [
        6.207557201385498,
        5.906848430633545
    ]
}