{
    "description": "Pipeline parallel OPT-6.7B benchmark",
    "model_name": "opt-6.7b",
    "model_size": 3.0248794555664062,
    "max_prompt_len": 128,
    "max_new_tokens": 256,
    "dtype": "float16",
    "model_config_dir": null,
    "data_size": 16,
    "batch_size": 8,
    "inference_time": 21.67691527399984,
    "throughput": 188.95677490205014,
    "max_memory_allocated_per_device": [
        3.977688789367676,
        4.516079902648926,
        4.516140937805176,
        3.868117332458496
    ]
}