{
    "description": "Pipeline parallel OPT-6.7B benchmark",
    "model_name": "opt-6.7b",
    "model_size": 3.0092544555664062,
    "max_prompt_len": 128,
    "max_new_tokens": 256,
    "dtype": "float16",
    "model_config_dir": null,
    "data_size": 32,
    "batch_size": 32,
    "inference_time": 27.56963001800068,
    "throughput": 297.13855407748684,
    "max_memory_allocated_per_device": [
        4.905655384063721,
        5.632156848907471,
        5.632156848907471,
        4.703233242034912
    ]
}