{
    "description": "Pipeline parallel OPT-1.3B benchmark",
    "model_name": "opt-1.3b-pipeline",
    "model_size": 2.6347503662109375,
    "max_prompt_len": 112,
    "max_new_tokens": 112,
    "dtype": "float32",
    "model_config_dir": null,
    "data_size": 64,
    "batch_size": 8,
    "inference_time": 24.703760545002297,
    "throughput": 290.15825290818424,
    "max_memory_allocated_per_device": [
        6.023914337158203,
        5.805760860443115
    ]
}