{
    "description": "Pipeline parallel OPT-1.3B benchmark",
    "model_name": "opt-1.3b-pipeline",
    "model_size": 2.6503753662109375,
    "max_prompt_len": 16,
    "max_new_tokens": 112,
    "dtype": "float32",
    "model_config_dir": null,
    "data_size": 32,
    "batch_size": 4,
    "inference_time": 15.377147823997802,
    "throughput": 233.07313170305596,
    "max_memory_allocated_per_device": [
        3.982856273651123,
        3.904580593109131
    ]
}