{
    "description": "Pipeline parallel OPT-1.3B benchmark",
    "model_name": "opt-1.3b-pipeline",
    "model_size": 2.6347503662109375,
    "max_prompt_len": 48,
    "max_new_tokens": 48,
    "dtype": "float32",
    "model_config_dir": null,
    "data_size": 24,
    "batch_size": 6,
    "inference_time": 4.831435635001981,
    "throughput": 238.4384450150142,
    "max_memory_allocated_per_device": [
        3.621784210205078,
        3.575080394744873
    ]
}