{
    "description": "Pipeline parallel OPT-1.3B benchmark",
    "model_name": "opt-1.3b-pipeline",
    "model_size": 2.6503753662109375,
    "max_prompt_len": 128,
    "max_new_tokens": 128,
    "dtype": "float32",
    "model_config_dir": null,
    "data_size": 56,
    "batch_size": 7,
    "inference_time": 26.97937176200503,
    "throughput": 265.68446675599296,
    "max_memory_allocated_per_device": [
        6.023709297180176,
        5.805760860443115
    ]
}