{
    "description": "Pipeline parallel OPT-1.3B benchmark",
    "model_name": "opt-1.3b-pipeline",
    "model_size": 2.6503753662109375,
    "max_prompt_len": 48,
    "max_new_tokens": 96,
    "dtype": "float32",
    "model_config_dir": null,
    "data_size": 24,
    "batch_size": 3,
    "inference_time": 13.431723689001956,
    "throughput": 171.53420166665137,
    "max_memory_allocated_per_device": [
        3.8581409454345703,
        3.7820825576782227
    ]
}