{
    "description": "Pipeline parallel OPT-1.3B benchmark",
    "model_name": "opt-1.3b-pipeline",
    "model_size": 2.6503753662109375,
    "max_prompt_len": 80,
    "max_new_tokens": 80,
    "dtype": "float32",
    "model_config_dir": null,
    "data_size": 24,
    "batch_size": 3,
    "inference_time": 11.974343466998107,
    "throughput": 160.3428200712312,
    "max_memory_allocated_per_device": [
        3.9305362701416016,
        3.8770804405212402
    ]
}