{
    "description": "Pipeline parallel OPT-1.3B benchmark",
    "model_name": "opt-1.3b-pipeline",
    "model_size": 2.6503753662109375,
    "max_prompt_len": 32,
    "max_new_tokens": 112,
    "dtype": "float32",
    "model_config_dir": null,
    "data_size": 32,
    "batch_size": 8,
    "inference_time": 10.775266564000049,
    "throughput": 332.6135811780353,
    "max_memory_allocated_per_device": [
        4.083817005157471,
        3.998058795928955
    ]
}