{
    "description": "Pipeline parallel OPT-1.3B benchmark",
    "model_name": "opt-1.3b-pipeline",
    "model_size": 2.6347503662109375,
    "max_prompt_len": 128,
    "max_new_tokens": 48,
    "dtype": "float32",
    "model_config_dir": null,
    "data_size": 56,
    "batch_size": 56,
    "inference_time": 14.399283527003718,
    "throughput": 186.67595474171026,
    "max_memory_allocated_per_device": [
        5.990702152252197,
        5.865647792816162
    ]
}