{
    "description": "Pipeline parallel OPT-1.3B benchmark",
    "model_name": "opt-1.3b",
    "model_size": 2.6503753662109375,
    "dtype": "float32",
    "max_prompt_len": 256,
    "max_new_tokens": 1,
    "model_config_dir": null,
    "data_size": 16,
    "batch_size": 16,
    "inference_time": 4.186562318999904,
    "throughput": 3.8217513035425488,
    "max_memory_allocated_per_device": [
        4.745805740356445,
        4.43754768371582
    ]
}