{
    "description": "Pipeline parallel OPT-1.3B benchmark",
    "model_name": "opt-1.3b-pipeline",
    "model_size": 2.6347503662109375,
    "max_prompt_len": 80,
    "max_new_tokens": 16,
    "dtype": "float32",
    "model_config_dir": null,
    "data_size": 40,
    "batch_size": 40,
    "inference_time": 4.7466194099979475,
    "throughput": 134.8328030370307,
    "max_memory_allocated_per_device": [
        4.6824822425842285,
        4.548983097076416
    ]
}