{
    "description": "Pipeline parallel OPT-1.3B benchmark",
    "model_name": "opt-1.3b-pipeline",
    "model_size": 2.6503753662109375,
    "max_prompt_len": 64,
    "max_new_tokens": 128,
    "dtype": "float32",
    "model_config_dir": null,
    "data_size": 64,
    "batch_size": 16,
    "inference_time": 23.040512056999432,
    "throughput": 355.547653616985,
    "max_memory_allocated_per_device": [
        5.627926826477051,
        5.425750732421875
    ]
}