{
    "description": "Pipeline parallel OPT-1.3B benchmark",
    "model_name": "opt-1.3b-pipeline",
    "model_size": 2.6347503662109375,
    "max_prompt_len": 32,
    "max_new_tokens": 112,
    "dtype": "float32",
    "model_config_dir": null,
    "data_size": 48,
    "batch_size": 24,
    "inference_time": 14.80797005200293,
    "throughput": 363.0477358557894,
    "max_memory_allocated_per_device": [
        4.556040287017822,
        4.435822010040283
    ]
}