{
    "description": "Pipeline parallel OPT-1.3B benchmark",
    "model_name": "opt-1.3b-pipeline",
    "model_size": 2.6503753662109375,
    "max_prompt_len": 80,
    "max_new_tokens": 128,
    "dtype": "float32",
    "model_config_dir": null,
    "data_size": 32,
    "batch_size": 4,
    "inference_time": 19.60965077199944,
    "throughput": 208.87674378417108,
    "max_memory_allocated_per_device": [
        4.502021312713623,
        4.3838114738464355
    ]
}