{
    "description": "Pipeline parallel OPT-1.3B benchmark",
    "model_name": "opt-1.3b-pipeline",
    "model_size": 2.6347503662109375,
    "max_prompt_len": 16,
    "max_new_tokens": 16,
    "dtype": "float32",
    "model_config_dir": null,
    "data_size": 24,
    "batch_size": 6,
    "inference_time": 1.5333228689996758,
    "throughput": 250.4364917289192,
    "max_memory_allocated_per_device": [
        3.3341073989868164,
        3.3093814849853516
    ]
}