{
    "description": "Pipeline parallel OPT-1.3B benchmark",
    "model_name": "opt-1.3b",
    "model_size": 2.6503753662109375,
    "dtype": "float32",
    "max_prompt_len": 320,
    "max_new_tokens": 1,
    "model_config_dir": null,
    "data_size": 8,
    "batch_size": 2,
    "inference_time": 1.8074654360000295,
    "throughput": 4.4260874043070055,
    "max_memory_allocated_per_device": [
        4.032332897186279,
        3.841762065887451
    ]
}