{
    "description": "Pipeline parallel OPT-1.3B benchmark",
    "model_name": "opt-1.3b-pipeline",
    "model_size": 2.6503753662109375,
    "max_prompt_len": 16,
    "max_new_tokens": 128,
    "dtype": "float32",
    "model_config_dir": null,
    "data_size": 48,
    "batch_size": 6,
    "inference_time": 20.038956347998464,
    "throughput": 306.60279374348136,
    "max_memory_allocated_per_device": [
        4.5597028732299805,
        4.435642719268799
    ]
}