{
    "description": "Pipeline parallel OPT-1.3B benchmark",
    "model_name": "opt-1.3b-pipeline",
    "model_size": 2.6347503662109375,
    "max_prompt_len": 16,
    "max_new_tokens": 96,
    "dtype": "float32",
    "model_config_dir": null,
    "data_size": 32,
    "batch_size": 16,
    "inference_time": 8.644021322001208,
    "throughput": 355.3901460401292,
    "max_memory_allocated_per_device": [
        3.8869123458862305,
        3.8170251846313477
    ]
}