{
    "description": "Pipeline parallel OPT-1.3B benchmark",
    "model_name": "opt-1.3b-pipeline",
    "model_size": 2.6503753662109375,
    "max_prompt_len": 96,
    "max_new_tokens": 112,
    "dtype": "float32",
    "model_config_dir": null,
    "data_size": 8,
    "batch_size": 2,
    "inference_time": 8.361768954999206,
    "throughput": 107.15435989944606,
    "max_memory_allocated_per_device": [
        3.501749038696289,
        3.462972640991211
    ]
}