{
    "description": "Pipeline parallel OPT-1.3B benchmark",
    "model_name": "opt-1.3b-pipeline",
    "model_size": 2.6503753662109375,
    "max_prompt_len": 112,
    "max_new_tokens": 80,
    "dtype": "float32",
    "model_config_dir": null,
    "data_size": 16,
    "batch_size": 4,
    "inference_time": 7.518142002998502,
    "throughput": 170.25483151149453,
    "max_memory_allocated_per_device": [
        3.8556199073791504,
        3.811964511871338
    ]
}