{
    "description": "Pipeline parallel OPT-1.3B benchmark",
    "model_name": "opt-1.3b-pipeline",
    "model_size": 2.6347503662109375,
    "max_prompt_len": 16,
    "max_new_tokens": 64,
    "dtype": "float32",
    "model_config_dir": null,
    "data_size": 64,
    "batch_size": 32,
    "inference_time": 8.589665660001629,
    "throughput": 476.8520873953578,
    "max_memory_allocated_per_device": [
        4.204105377197266,
        4.111692428588867
    ]
}