{
    "description": "Pipeline parallel OPT-1.3B benchmark",
    "model_name": "opt-1.3b-pipeline",
    "model_size": 2.6503753662109375,
    "max_prompt_len": 64,
    "max_new_tokens": 96,
    "dtype": "float32",
    "model_config_dir": null,
    "data_size": 16,
    "batch_size": 4,
    "inference_time": 7.961339814999519,
    "throughput": 192.93235004315574,
    "max_memory_allocated_per_device": [
        3.6751246452331543,
        3.6202807426452637
    ]
}