{
    "description": "Pipeline parallel OPT-1.3B benchmark",
    "model_name": "opt-1.3b-pipeline",
    "model_size": 2.6503753662109375,
    "max_prompt_len": 128,
    "max_new_tokens": 80,
    "dtype": "float32",
    "model_config_dir": null,
    "data_size": 24,
    "batch_size": 24,
    "inference_time": 10.485739801002637,
    "throughput": 183.10582147159624,
    "max_memory_allocated_per_device": [
        4.37298059463501,
        4.3104567527771
    ]
}