{
    "description": "Pipeline parallel OPT-1.3B benchmark",
    "model_name": "opt-1.3b-pipeline",
    "model_size": 2.6503753662109375,
    "max_prompt_len": 128,
    "max_new_tokens": 112,
    "dtype": "float32",
    "model_config_dir": null,
    "data_size": 64,
    "batch_size": 32,
    "inference_time": 23.74170299800062,
    "throughput": 301.9159999012558,
    "max_memory_allocated_per_device": [
        6.312103748321533,
        5.9551873207092285
    ]
}