{
    "description": "Pipeline parallel OPT-1.3B benchmark",
    "model_name": "opt-1.3b-pipeline",
    "model_size": 2.6503753662109375,
    "max_prompt_len": 16,
    "max_new_tokens": 32,
    "dtype": "float32",
    "model_config_dir": null,
    "data_size": 48,
    "batch_size": 6,
    "inference_time": 5.18894757200178,
    "throughput": 296.0137828888191,
    "max_memory_allocated_per_device": [
        3.630023956298828,
        3.5815162658691406
    ]
}