{
    "description": "Pipeline parallel OPT-1.3B benchmark",
    "model_name": "opt-1.3b-pipeline",
    "model_size": 2.6503753662109375,
    "max_prompt_len": 48,
    "max_new_tokens": 128,
    "dtype": "float32",
    "model_config_dir": null,
    "data_size": 64,
    "batch_size": 64,
    "inference_time": 19.623924872998032,
    "throughput": 417.4496209609914,
    "max_memory_allocated_per_device": [
        5.486554145812988,
        5.301351547241211
    ]
}