{
    "description": "Pipeline parallel OPT-1.3B benchmark",
    "model_name": "opt-1.3b-pipeline",
    "model_size": 2.6347503662109375,
    "max_prompt_len": 32,
    "max_new_tokens": 80,
    "dtype": "float32",
    "model_config_dir": null,
    "data_size": 56,
    "batch_size": 7,
    "inference_time": 13.62310104900098,
    "throughput": 328.85317255490304,
    "max_memory_allocated_per_device": [
        4.413836479187012,
        4.300745010375977
    ]
}