{
    "description": "Pipeline parallel OPT-6.7B benchmark",
    "model_name": "opt-6.7b",
    "model_size": 3.3758926391601562,
    "max_prompt_len": 128,
    "max_new_tokens": 128,
    "dtype": "float16",
    "model_config_dir": null,
    "data_size": 16,
    "batch_size": 8,
    "inference_time": 10.605409280000003,
    "throughput": 193.10900182439724,
    "max_memory_allocated_per_device": [
        3.5955095291137695,
        4.0709733963012695,
        4.0705461502075195,
        3.51755428314209
    ]
}