{
    "description": "Pipeline parallel OPT-1.3B benchmark",
    "model_name": "opt-1.3b-pipeline",
    "model_size": 2.6503753662109375,
    "max_prompt_len": 32,
    "max_new_tokens": 48,
    "dtype": "float32",
    "model_config_dir": null,
    "data_size": 24,
    "batch_size": 12,
    "inference_time": 4.3590316109985,
    "throughput": 264.278881826259,
    "max_memory_allocated_per_device": [
        3.5473761558532715,
        3.502999782562256
    ]
}