{
    "description": "Pipeline parallel OPT-1.3B benchmark",
    "model_name": "opt-1.3b-pipeline",
    "model_size": 2.6347503662109375,
    "max_prompt_len": 48,
    "max_new_tokens": 16,
    "dtype": "float32",
    "model_config_dir": null,
    "data_size": 64,
    "batch_size": 64,
    "inference_time": 5.13753225900291,
    "throughput": 199.31748325386428,
    "max_memory_allocated_per_device": [
        5.202737331390381,
        5.031248569488525
    ]
}