{
    "description": "Pipeline parallel OPT-1.3B benchmark",
    "model_name": "opt-1.3b-pipeline",
    "model_size": 2.6503753662109375,
    "max_prompt_len": 32,
    "max_new_tokens": 96,
    "dtype": "float32",
    "model_config_dir": null,
    "data_size": 8,
    "batch_size": 1,
    "inference_time": 12.528279670999837,
    "throughput": 61.301313521739786,
    "max_memory_allocated_per_device": [
        3.3637237548828125,
        3.3320469856262207
    ]
}