{
    "description": "Pipeline parallel OPT-1.3B benchmark",
    "model_name": "opt-1.3b-pipeline",
    "model_size": 2.6503753662109375,
    "max_prompt_len": 32,
    "max_new_tokens": 32,
    "dtype": "float32",
    "model_config_dir": null,
    "data_size": 64,
    "batch_size": 16,
    "inference_time": 5.858223839000857,
    "throughput": 349.59401625549606,
    "max_memory_allocated_per_device": [
        3.9873809814453125,
        3.911508560180664
    ]
}