{
    "description": "Pipeline parallel OPT-1.3B benchmark",
    "model_name": "opt-1.3b-pipeline",
    "model_size": 2.6347503662109375,
    "max_prompt_len": 16,
    "max_new_tokens": 96,
    "dtype": "float32",
    "model_config_dir": null,
    "data_size": 40,
    "batch_size": 20,
    "inference_time": 11.216365334999864,
    "throughput": 342.3568941729773,
    "max_memory_allocated_per_device": [
        4.085397720336914,
        4.001653671264648
    ]
}