{
    "description": "Pipeline parallel OPT-1.3B benchmark",
    "model_name": "opt-1.3b-pipeline",
    "model_size": 2.6347503662109375,
    "max_prompt_len": 96,
    "max_new_tokens": 112,
    "dtype": "float32",
    "model_config_dir": null,
    "data_size": 24,
    "batch_size": 6,
    "inference_time": 11.333964171000844,
    "throughput": 237.1632695714298,
    "max_memory_allocated_per_device": [
        4.170718193054199,
        4.0753655433654785
    ]
}