{
    "description": "Pipeline parallel OPT-1.3B benchmark",
    "model_name": "opt-1.3b-pipeline",
    "model_size": 2.6503753662109375,
    "max_prompt_len": 16,
    "max_new_tokens": 48,
    "dtype": "float32",
    "model_config_dir": null,
    "data_size": 64,
    "batch_size": 64,
    "inference_time": 5.563660097002867,
    "throughput": 552.1545073637551,
    "max_memory_allocated_per_device": [
        4.013604164123535,
        3.937379837036133
    ]
}