{
    "description": "Pipeline parallel OPT-1.3B benchmark",
    "model_name": "opt-1.3b-pipeline",
    "model_size": 2.6347503662109375,
    "max_prompt_len": 48,
    "max_new_tokens": 32,
    "dtype": "float32",
    "model_config_dir": null,
    "data_size": 32,
    "batch_size": 8,
    "inference_time": 3.752551345998654,
    "throughput": 272.881009634123,
    "max_memory_allocated_per_device": [
        3.757956027984619,
        3.7165627479553223
    ]
}