{
    "description": "Pipeline parallel OPT-1.3B benchmark",
    "model_name": "opt-1.3b-pipeline",
    "model_size": 2.6503753662109375,
    "max_prompt_len": 128,
    "max_new_tokens": 48,
    "dtype": "float32",
    "model_config_dir": null,
    "data_size": 8,
    "batch_size": 8,
    "inference_time": 2.727496436000365,
    "throughput": 140.78845161136212,
    "max_memory_allocated_per_device": [
        3.5635037422180176,
        3.53224515914917
    ]
}