{
    "description": "Pipeline parallel OPT-1.3B benchmark",
    "model_name": "opt-1.3b-pipeline",
    "model_size": 2.6503753662109375,
    "max_prompt_len": 48,
    "max_new_tokens": 64,
    "dtype": "float32",
    "model_config_dir": null,
    "data_size": 40,
    "batch_size": 5,
    "inference_time": 10.501657340002566,
    "throughput": 243.7710465231552,
    "max_memory_allocated_per_device": [
        4.054945945739746,
        3.9709243774414062
    ]
}