{
    "description": "Pipeline parallel OPT-1.3B benchmark",
    "model_name": "opt-1.3b",
    "model_size": 2.6503753662109375,
    "dtype": "float32",
    "max_prompt_len": 256,
    "max_new_tokens": 1,
    "model_config_dir": null,
    "data_size": 8,
    "batch_size": 1,
    "inference_time": 1.3186757609996675,
    "throughput": 6.066692235197623,
    "max_memory_allocated_per_device": [
        3.7507681846618652,
        3.6562705039978027
    ]
}