{
    "description": "Pipeline parallel OPT-1.3B benchmark",
    "model_name": "opt-1.3b-pipeline",
    "model_size": 2.6503753662109375,
    "max_prompt_len": 96,
    "max_new_tokens": 64,
    "dtype": "float32",
    "model_config_dir": null,
    "data_size": 24,
    "batch_size": 24,
    "inference_time": 7.7705100960010896,
    "throughput": 197.67042073472967,
    "max_memory_allocated_per_device": [
        4.070214748382568,
        4.019415378570557
    ]
}