{
    "description": "Pipeline parallel OPT-1.3B benchmark",
    "model_name": "opt-1.3b-pipeline",
    "model_size": 2.6347503662109375,
    "max_prompt_len": 16,
    "max_new_tokens": 80,
    "dtype": "float32",
    "model_config_dir": null,
    "data_size": 48,
    "batch_size": 24,
    "inference_time": 9.969067442994856,
    "throughput": 385.19149579014254,
    "max_memory_allocated_per_device": [
        4.096144676208496,
        4.010967254638672
    ]
}