{
    "description": "Pipeline parallel OPT-1.3B benchmark",
    "model_name": "opt-1.3b-pipeline",
    "model_size": 2.6347503662109375,
    "max_prompt_len": 48,
    "max_new_tokens": 112,
    "dtype": "float32",
    "model_config_dir": null,
    "data_size": 64,
    "batch_size": 16,
    "inference_time": 19.09100305999891,
    "throughput": 375.464818557334,
    "max_memory_allocated_per_device": [
        5.217131614685059,
        5.045475006103516
    ]
}