{
    "description": "Pipeline parallel OPT-1.3B benchmark",
    "model_name": "opt-1.3b-pipeline",
    "model_size": 2.6503753662109375,
    "max_prompt_len": 32,
    "max_new_tokens": 16,
    "dtype": "float32",
    "model_config_dir": null,
    "data_size": 8,
    "batch_size": 8,
    "inference_time": 0.7044425690000935,
    "throughput": 181.70395378247366,
    "max_memory_allocated_per_device": [
        3.4086155891418457,
        3.377014636993408
    ]
}