{
    "description": "Pipeline parallel OPT-1.3B benchmark",
    "model_name": "opt-1.3b-pipeline",
    "model_size": 2.6503753662109375,
    "max_prompt_len": 16,
    "max_new_tokens": 96,
    "dtype": "float32",
    "model_config_dir": null,
    "data_size": 32,
    "batch_size": 8,
    "inference_time": 8.64194657400003,
    "throughput": 355.4754676732614,
    "max_memory_allocated_per_device": [
        3.876889705657959,
        3.8071541786193848
    ]
}