{
    "description": "Pipeline parallel OPT-1.3B benchmark",
    "model_name": "opt-1.3b-pipeline",
    "model_size": 2.6347503662109375,
    "max_prompt_len": 48,
    "max_new_tokens": 80,
    "dtype": "float32",
    "model_config_dir": null,
    "data_size": 8,
    "batch_size": 2,
    "inference_time": 5.95027748999928,
    "throughput": 107.55800902994146,
    "max_memory_allocated_per_device": [
        3.365788459777832,
        3.3343868255615234
    ]
}