{
    "description": "Pipeline parallel OPT-1.3B benchmark",
    "model_name": "opt-1.3b-pipeline",
    "model_size": 2.6347503662109375,
    "max_prompt_len": 32,
    "max_new_tokens": 128,
    "dtype": "float32",
    "model_config_dir": null,
    "data_size": 56,
    "batch_size": 14,
    "inference_time": 18.927014861998032,
    "throughput": 378.7179358321331,
    "max_memory_allocated_per_device": [
        4.9929986000061035,
        4.838842868804932
    ]
}