{
    "description": "Pipeline parallel OPT-1.3B benchmark",
    "model_name": "opt-1.3b-pipeline",
    "model_size": 2.6347503662109375,
    "max_prompt_len": 16,
    "max_new_tokens": 128,
    "dtype": "float32",
    "model_config_dir": null,
    "data_size": 48,
    "batch_size": 24,
    "inference_time": 16.271557811000093,
    "throughput": 377.59138192942163,
    "max_memory_allocated_per_device": [
        4.5560622215271,
        4.435819149017334
    ]
}