{
    "description": "Pipeline parallel OPT-1.3B benchmark",
    "model_name": "opt-1.3b-pipeline",
    "model_size": 2.6503753662109375,
    "max_prompt_len": 32,
    "max_new_tokens": 128,
    "dtype": "float32",
    "model_config_dir": null,
    "data_size": 64,
    "batch_size": 32,
    "inference_time": 19.226517584997055,
    "throughput": 426.07819974598146,
    "max_memory_allocated_per_device": [
        5.240464210510254,
        5.0695648193359375
    ]
}