{
    "description": "Pipeline parallel OPT-1.3B benchmark",
    "model_name": "opt-1.3b-pipeline",
    "model_size": 2.6347503662109375,
    "max_prompt_len": 80,
    "max_new_tokens": 96,
    "dtype": "float32",
    "model_config_dir": null,
    "data_size": 16,
    "batch_size": 8,
    "inference_time": 6.162586675000057,
    "throughput": 249.24598727854578,
    "max_memory_allocated_per_device": [
        3.728395938873291,
        3.669368267059326
    ]
}