{
    "description": "Pipeline parallel OPT-1.3B benchmark",
    "model_name": "opt-1.3b-pipeline",
    "model_size": 2.6347503662109375,
    "max_prompt_len": 32,
    "max_new_tokens": 64,
    "dtype": "float32",
    "model_config_dir": null,
    "data_size": 8,
    "batch_size": 4,
    "inference_time": 2.847886789999393,
    "throughput": 179.78242737665465,
    "max_memory_allocated_per_device": [
        3.315798282623291,
        3.288515567779541
    ]
}