{
    "description": "Pipeline parallel OPT-1.3B benchmark",
    "model_name": "opt-1.3b-pipeline",
    "model_size": 2.6503753662109375,
    "max_prompt_len": 112,
    "max_new_tokens": 112,
    "dtype": "float32",
    "model_config_dir": null,
    "data_size": 8,
    "batch_size": 2,
    "inference_time": 8.630447940999147,
    "throughput": 103.81848151166416,
    "max_memory_allocated_per_device": [
        3.5224404335021973,
        3.4804816246032715
    ]
}