{
    "description": "Pipeline parallel OPT-6.7B benchmark",
    "model_name": "opt-6.7b",
    "model_size": 3.0248794555664062,
    "max_prompt_len": 384,
    "max_new_tokens": 128,
    "dtype": "float16",
    "model_config_dir": null,
    "data_size": 32,
    "batch_size": 8,
    "inference_time": 20.709904518000258,
    "throughput": 197.77976264641458,
    "max_memory_allocated_per_device": [
        6.001829624176025,
        6.727842807769775,
        6.727842807769775,
        5.781169414520264
    ]
}