{
    "description": "Pipeline parallel OPT-1.3B benchmark",
    "model_name": "opt-1.3b-pipeline",
    "model_size": 2.6347503662109375,
    "max_prompt_len": 96,
    "max_new_tokens": 96,
    "dtype": "float32",
    "model_config_dir": null,
    "data_size": 56,
    "batch_size": 28,
    "inference_time": 17.764007229998242,
    "throughput": 302.63441859680734,
    "max_memory_allocated_per_device": [
        5.338909149169922,
        5.167059421539307
    ]
}