{
    "description": "Pipeline parallel OPT-1.3B benchmark",
    "model_name": "opt-1.3b-pipeline",
    "model_size": 2.6347503662109375,
    "max_prompt_len": 16,
    "max_new_tokens": 32,
    "dtype": "float32",
    "model_config_dir": null,
    "data_size": 16,
    "batch_size": 8,
    "inference_time": 1.6461044979987491,
    "throughput": 311.03736161493015,
    "max_memory_allocated_per_device": [
        3.300053119659424,
        3.2191214561462402
    ]
}