{
    "description": "Pipeline parallel OPT-1.3B benchmark",
    "model_name": "opt-1.3b-pipeline",
    "model_size": 2.6347503662109375,
    "max_prompt_len": 32,
    "max_new_tokens": 96,
    "dtype": "float32",
    "model_config_dir": null,
    "data_size": 24,
    "batch_size": 24,
    "inference_time": 8.007213073000457,
    "throughput": 287.74056328897547,
    "max_memory_allocated_per_device": [
        3.795314311981201,
        3.733633518218994
    ]
}