{
    "description": "Pipeline parallel OPT-1.3B benchmark",
    "model_name": "opt-1.3b-pipeline",
    "model_size": 2.6503753662109375,
    "max_prompt_len": 32,
    "max_new_tokens": 80,
    "dtype": "float32",
    "model_config_dir": null,
    "data_size": 64,
    "batch_size": 64,
    "inference_time": 10.891519446995517,
    "throughput": 470.09051628809965,
    "max_memory_allocated_per_device": [
        4.642636299133301,
        4.519498825073242
    ]
}