{
    "description": "Pipeline parallel OPT-1.3B benchmark",
    "model_name": "opt-1.3b-pipeline",
    "model_size": 2.6503753662109375,
    "max_prompt_len": 112,
    "max_new_tokens": 80,
    "dtype": "float32",
    "model_config_dir": null,
    "data_size": 24,
    "batch_size": 6,
    "inference_time": 8.73778698499882,
    "throughput": 219.73527201982475,
    "max_memory_allocated_per_device": [
        4.212317943572998,
        4.154067516326904
    ]
}