{
    "description": "Pipeline parallel OPT-1.3B benchmark",
    "model_name": "opt-1.3b-pipeline",
    "model_size": 2.6503753662109375,
    "max_prompt_len": 96,
    "max_new_tokens": 96,
    "dtype": "float32",
    "model_config_dir": null,
    "data_size": 32,
    "batch_size": 32,
    "inference_time": 12.45386392599903,
    "throughput": 246.67043242594033,
    "max_memory_allocated_per_device": [
        4.428150653839111,
        4.320128917694092
    ]
}