{
    "description": "Pipeline parallel OPT-6.7B benchmark",
    "model_name": "opt-6.7b",
    "model_size": 3.0248794555664062,
    "max_prompt_len": 256,
    "max_new_tokens": 384,
    "dtype": "float16",
    "model_config_dir": null,
    "data_size": 16,
    "batch_size": 16,
    "inference_time": 36.65909405299999,
    "throughput": 167.59824973081152,
    "max_memory_allocated_per_device": [
        4.639462947845459,
        5.302854061126709,
        5.302854061126709,
        4.46768045425415
    ]
}