{
    "description": "Pipeline parallel OPT-1.3B benchmark",
    "model_name": "opt-1.3b-pipeline",
    "model_size": 2.6347503662109375,
    "max_prompt_len": 64,
    "max_new_tokens": 64,
    "dtype": "float32",
    "model_config_dir": null,
    "data_size": 40,
    "batch_size": 5,
    "inference_time": 11.005365074997826,
    "throughput": 232.61381903775742,
    "max_memory_allocated_per_device": [
        4.185752868652344,
        4.098844051361084
    ]
}