{
    "description": "Pipeline parallel OPT-1.3B benchmark",
    "model_name": "opt-1.3b-pipeline",
    "model_size": 2.6503753662109375,
    "max_prompt_len": 64,
    "max_new_tokens": 80,
    "dtype": "float32",
    "model_config_dir": null,
    "data_size": 24,
    "batch_size": 24,
    "inference_time": 7.884219509000104,
    "throughput": 243.52442214581353,
    "max_memory_allocated_per_device": [
        3.870965003967285,
        3.803251266479492
    ]
}