{
    "description": "Pipeline parallel OPT-1.3B benchmark",
    "model_name": "opt-1.3b-pipeline",
    "model_size": 2.6503753662109375,
    "max_prompt_len": 96,
    "max_new_tokens": 16,
    "dtype": "float32",
    "model_config_dir": null,
    "data_size": 64,
    "batch_size": 8,
    "inference_time": 6.769612501993834,
    "throughput": 151.26419713069313,
    "max_memory_allocated_per_device": [
        5.540165424346924,
        5.429769039154053
    ]
}