{
    "description": "Pipeline parallel OPT-1.3B benchmark",
    "model_name": "opt-1.3b-pipeline",
    "model_size": 2.6347503662109375,
    "max_prompt_len": 32,
    "max_new_tokens": 64,
    "dtype": "float32",
    "model_config_dir": null,
    "data_size": 24,
    "batch_size": 6,
    "inference_time": 5.568487700998958,
    "throughput": 275.8379083291231,
    "max_memory_allocated_per_device": [
        3.622258186340332,
        3.569255828857422
    ]
}