{
    "description": "Pipeline parallel OPT-1.3B benchmark",
    "model_name": "opt-1.3b-pipeline",
    "model_size": 2.6503753662109375,
    "max_prompt_len": 48,
    "max_new_tokens": 112,
    "dtype": "float32",
    "model_config_dir": null,
    "data_size": 16,
    "batch_size": 2,
    "inference_time": 14.781159248999757,
    "throughput": 121.23541664171333,
    "max_memory_allocated_per_device": [
        3.674159049987793,
        3.6176109313964844
    ]
}