{
    "description": "Pipeline parallel OPT-1.3B benchmark",
    "model_name": "opt-1.3b-pipeline",
    "model_size": 2.6347503662109375,
    "max_prompt_len": 48,
    "max_new_tokens": 96,
    "dtype": "float32",
    "model_config_dir": null,
    "data_size": 24,
    "batch_size": 24,
    "inference_time": 8.607942141999956,
    "throughput": 267.65979161945114,
    "max_memory_allocated_per_device": [
        3.870769500732422,
        3.8028602600097656
    ]
}