{
    "description": "Pipeline parallel OPT-1.3B benchmark",
    "model_name": "opt-1.3b-pipeline",
    "model_size": 2.6503753662109375,
    "max_prompt_len": 112,
    "max_new_tokens": 16,
    "dtype": "float32",
    "model_config_dir": null,
    "data_size": 8,
    "batch_size": 8,
    "inference_time": 1.5390776360000018,
    "throughput": 83.16669478264049,
    "max_memory_allocated_per_device": [
        3.5307164192199707,
        3.4865880012512207
    ]
}