{
    "description": "Pipeline parallel OPT-6.7B benchmark",
    "model_name": "opt-6.7b",
    "model_size": 3.3758926391601562,
    "max_prompt_len": 384,
    "max_new_tokens": 384,
    "dtype": "float16",
    "model_config_dir": null,
    "data_size": 48,
    "batch_size": 24,
    "inference_time": 71.08680300199921,
    "throughput": 259.28863335549954,
    "max_memory_allocated_per_device": [
        7.956049919128418,
        9.430597305297852,
        9.430597305297852,
        7.378338813781738
    ]
}