{
    "description": "Pipeline parallel OPT-1.3B benchmark",
    "model_name": "opt-1.3b-pipeline",
    "model_size": 2.6503753662109375,
    "max_prompt_len": 48,
    "max_new_tokens": 16,
    "dtype": "float32",
    "model_config_dir": null,
    "data_size": 8,
    "batch_size": 4,
    "inference_time": 0.9533055520005291,
    "throughput": 134.26964705218558,
    "max_memory_allocated_per_device": [
        3.3137879371643066,
        3.293398380279541
    ]
}