{
    "description": "Pipeline parallel OPT-1.3B benchmark",
    "model_name": "opt-1.3b-pipeline",
    "model_size": 2.6503753662109375,
    "max_prompt_len": 112,
    "max_new_tokens": 16,
    "dtype": "float32",
    "model_config_dir": null,
    "data_size": 16,
    "batch_size": 2,
    "inference_time": 3.2400825870026893,
    "throughput": 79.01033172022277,
    "max_memory_allocated_per_device": [
        3.8576102256774902,
        3.8153576850891113
    ]
}