{
    "description": "Pipeline parallel OPT-1.3B benchmark",
    "model_name": "opt-1.3b-pipeline",
    "model_size": 2.6503753662109375,
    "max_prompt_len": 64,
    "max_new_tokens": 32,
    "dtype": "float32",
    "model_config_dir": null,
    "data_size": 16,
    "batch_size": 4,
    "inference_time": 2.9971606440012692,
    "throughput": 170.8283474977403,
    "max_memory_allocated_per_device": [
        3.5586047172546387,
        3.5273470878601074
    ]
}