{
    "description": "Pipeline parallel OPT-1.3B benchmark",
    "model_name": "opt-1.3b-pipeline",
    "model_size": 2.6347503662109375,
    "max_prompt_len": 16,
    "max_new_tokens": 80,
    "dtype": "float32",
    "model_config_dir": null,
    "data_size": 8,
    "batch_size": 4,
    "inference_time": 3.3029549250004493,
    "throughput": 193.76588979636557,
    "max_memory_allocated_per_device": [
        3.315828323364258,
        3.288515090942383
    ]
}