{
    "description": "Pipeline parallel OPT-1.3B benchmark",
    "model_name": "opt-1.3b-pipeline",
    "model_size": 2.6347503662109375,
    "max_prompt_len": 16,
    "max_new_tokens": 96,
    "dtype": "float32",
    "model_config_dir": null,
    "data_size": 56,
    "batch_size": 56,
    "inference_time": 10.879832806000195,
    "throughput": 494.12524032861535,
    "max_memory_allocated_per_device": [
        4.451111793518066,
        4.3419036865234375
    ]
}