{
    "description": "Pipeline parallel OPT-1.3B benchmark",
    "model_name": "opt-1.3b-pipeline",
    "model_size": 2.6503753662109375,
    "max_prompt_len": 112,
    "max_new_tokens": 112,
    "dtype": "float32",
    "model_config_dir": null,
    "data_size": 64,
    "batch_size": 32,
    "inference_time": 23.582738085999154,
    "throughput": 303.9511346757302,
    "max_memory_allocated_per_device": [
        6.0648040771484375,
        5.832118034362793
    ]
}