{
    "description": "Pipeline parallel OPT-1.3B benchmark",
    "model_name": "opt-1.3b-pipeline",
    "model_size": 2.6503753662109375,
    "max_prompt_len": 32,
    "max_new_tokens": 128,
    "dtype": "float32",
    "model_config_dir": null,
    "data_size": 40,
    "batch_size": 10,
    "inference_time": 14.322490787999413,
    "throughput": 357.4797202376256,
    "max_memory_allocated_per_device": [
        4.442602634429932,
        4.3273606300354
    ]
}