{
    "description": "Pipeline parallel OPT-1.3B benchmark",
    "model_name": "opt-1.3b-pipeline",
    "model_size": 2.6347503662109375,
    "max_prompt_len": 128,
    "max_new_tokens": 48,
    "dtype": "float32",
    "model_config_dir": null,
    "data_size": 40,
    "batch_size": 20,
    "inference_time": 10.615579183999216,
    "throughput": 180.86625013301222,
    "max_memory_allocated_per_device": [
        5.152323246002197,
        5.058535099029541
    ]
}