{
    "description": "Pipeline parallel OPT-1.3B benchmark",
    "model_name": "opt-1.3b-pipeline",
    "model_size": 2.6503753662109375,
    "max_prompt_len": 64,
    "max_new_tokens": 112,
    "dtype": "float32",
    "model_config_dir": null,
    "data_size": 40,
    "batch_size": 5,
    "inference_time": 18.526399585000036,
    "throughput": 241.8170880664394,
    "max_memory_allocated_per_device": [
        4.571115493774414,
        4.444456577301025
    ]
}