{
    "description": "Pipeline parallel OPT-1.3B benchmark",
    "model_name": "opt-1.3b-pipeline",
    "model_size": 2.6347503662109375,
    "max_prompt_len": 48,
    "max_new_tokens": 128,
    "dtype": "float32",
    "model_config_dir": null,
    "data_size": 24,
    "batch_size": 24,
    "inference_time": 11.591969142999005,
    "throughput": 265.0110574056644,
    "max_memory_allocated_per_device": [
        4.028840065002441,
        3.94936466217041
    ]
}