{
    "description": "Pipeline parallel OPT-1.3B benchmark",
    "model_name": "opt-1.3b-pipeline",
    "model_size": 2.6503753662109375,
    "max_prompt_len": 96,
    "max_new_tokens": 112,
    "dtype": "float32",
    "model_config_dir": null,
    "data_size": 64,
    "batch_size": 32,
    "inference_time": 22.053148202998273,
    "throughput": 325.0329582887156,
    "max_memory_allocated_per_device": [
        5.8538360595703125,
        5.636537551879883
    ]
}