{
    "description": "Pipeline parallel OPT-1.3B benchmark",
    "model_name": "opt-1.3b-pipeline",
    "model_size": 2.6347503662109375,
    "max_prompt_len": 48,
    "max_new_tokens": 96,
    "dtype": "float32",
    "model_config_dir": null,
    "data_size": 8,
    "batch_size": 4,
    "inference_time": 4.478015577000406,
    "throughput": 171.50453963236188,
    "max_memory_allocated_per_device": [
        3.3945441246032715,
        3.3587756156921387
    ]
}