{
    "description": "Pipeline parallel OPT-1.3B benchmark",
    "model_name": "opt-1.3b-pipeline",
    "model_size": 2.6347503662109375,
    "max_prompt_len": 80,
    "max_new_tokens": 80,
    "dtype": "float32",
    "model_config_dir": null,
    "data_size": 8,
    "batch_size": 2,
    "inference_time": 6.081573718000072,
    "throughput": 105.23591913483608,
    "max_memory_allocated_per_device": [
        3.416626453399658,
        3.3827290534973145
    ]
}