{
    "description": "Pipeline parallel OPT-1.3B benchmark",
    "model_name": "opt-1.3b-pipeline",
    "model_size": 2.6347503662109375,
    "max_prompt_len": 80,
    "max_new_tokens": 64,
    "dtype": "float32",
    "model_config_dir": null,
    "data_size": 56,
    "batch_size": 28,
    "inference_time": 12.391237076000834,
    "throughput": 289.23665797190165,
    "max_memory_allocated_per_device": [
        4.910244464874268,
        4.825737476348877
    ]
}