{
    "description": "Pipeline parallel OPT-1.3B benchmark",
    "model_name": "opt-1.3b-pipeline",
    "model_size": 2.6347503662109375,
    "max_prompt_len": 96,
    "max_new_tokens": 112,
    "dtype": "float32",
    "model_config_dir": null,
    "data_size": 56,
    "batch_size": 56,
    "inference_time": 19.642493524996098,
    "throughput": 319.3077290323936,
    "max_memory_allocated_per_device": [
        5.558755874633789,
        5.366959571838379
    ]
}