{
    "description": "Pipeline parallel OPT-1.3B benchmark",
    "model_name": "opt-1.3b-pipeline",
    "model_size": 2.6503753662109375,
    "max_prompt_len": 112,
    "max_new_tokens": 32,
    "dtype": "float32",
    "model_config_dir": null,
    "data_size": 48,
    "batch_size": 24,
    "inference_time": 8.558236927994585,
    "throughput": 179.47621839910013,
    "max_memory_allocated_per_device": [
        5.266708850860596,
        5.16803503036499
    ]
}