{
    "description": "Pipeline parallel OPT-1.3B benchmark",
    "model_name": "opt-1.3b-pipeline",
    "model_size": 2.6503753662109375,
    "max_prompt_len": 128,
    "max_new_tokens": 16,
    "dtype": "float32",
    "model_config_dir": null,
    "data_size": 16,
    "batch_size": 2,
    "inference_time": 3.1784494499988796,
    "throughput": 80.54241668058941,
    "max_memory_allocated_per_device": [
        3.959202289581299,
        3.9108471870422363
    ]
}