{
    "description": "Pipeline parallel OPT-1.3B benchmark",
    "model_name": "opt-1.3b-pipeline",
    "model_size": 2.6503753662109375,
    "max_prompt_len": 112,
    "max_new_tokens": 64,
    "dtype": "float32",
    "model_config_dir": null,
    "data_size": 24,
    "batch_size": 12,
    "inference_time": 7.854536320999614,
    "throughput": 195.55578295480078,
    "max_memory_allocated_per_device": [
        4.2056145668029785,
        4.148952960968018
    ]
}