{
    "description": "Pipeline parallel OPT-1.3B benchmark",
    "model_name": "opt-1.3b-pipeline",
    "model_size": 2.6503753662109375,
    "max_prompt_len": 80,
    "max_new_tokens": 96,
    "dtype": "float32",
    "model_config_dir": null,
    "data_size": 48,
    "batch_size": 24,
    "inference_time": 15.334011606995773,
    "throughput": 300.5084460675451,
    "max_memory_allocated_per_device": [
        4.866613864898682,
        4.722971439361572
    ]
}