{
    "description": "Pipeline parallel OPT-1.3B benchmark",
    "model_name": "opt-1.3b-pipeline",
    "model_size": 2.6503753662109375,
    "max_prompt_len": 128,
    "max_new_tokens": 32,
    "dtype": "float32",
    "model_config_dir": null,
    "data_size": 48,
    "batch_size": 12,
    "inference_time": 9.252274398000736,
    "throughput": 166.0132345763442,
    "max_memory_allocated_per_device": [
        5.539432048797607,
        5.43001127243042
    ]
}