{
    "description": "Pipeline parallel OPT-1.3B benchmark",
    "model_name": "opt-1.3b-pipeline",
    "model_size": 2.6503753662109375,
    "max_prompt_len": 96,
    "max_new_tokens": 16,
    "dtype": "float32",
    "model_config_dir": null,
    "data_size": 40,
    "batch_size": 40,
    "inference_time": 5.356420320000325,
    "throughput": 119.48278173957065,
    "max_memory_allocated_per_device": [
        4.81524133682251,
        4.666170597076416
    ]
}