{
    "description": "Pipeline parallel OPT-1.3B benchmark",
    "model_name": "opt-1.3b-pipeline",
    "model_size": 2.6347503662109375,
    "max_prompt_len": 112,
    "max_new_tokens": 112,
    "dtype": "float32",
    "model_config_dir": null,
    "data_size": 48,
    "batch_size": 48,
    "inference_time": 18.867356824004673,
    "throughput": 284.936573265005,
    "max_memory_allocated_per_device": [
        5.3795599937438965,
        5.201558589935303
    ]
}