{
    "description": "Pipeline parallel OPT-1.3B benchmark",
    "model_name": "opt-1.3b-pipeline",
    "model_size": 2.6503753662109375,
    "max_prompt_len": 32,
    "max_new_tokens": 48,
    "dtype": "float32",
    "model_config_dir": null,
    "data_size": 56,
    "batch_size": 56,
    "inference_time": 6.510017566994065,
    "throughput": 412.9021116053849,
    "max_memory_allocated_per_device": [
        4.082013130187988,
        3.999680519104004
    ]
}