{
    "description": "Pipeline parallel OPT-1.3B benchmark",
    "model_name": "opt-1.3b-pipeline",
    "model_size": 2.6503753662109375,
    "max_prompt_len": 96,
    "max_new_tokens": 16,
    "dtype": "float32",
    "model_config_dir": null,
    "data_size": 56,
    "batch_size": 7,
    "inference_time": 8.619433551000839,
    "throughput": 103.95114652237926,
    "max_memory_allocated_per_device": [
        5.262051105499268,
        5.16434907913208
    ]
}