{
    "description": "Pipeline parallel OPT-1.3B benchmark",
    "model_name": "opt-1.3b-pipeline",
    "model_size": 2.6347503662109375,
    "max_prompt_len": 48,
    "max_new_tokens": 16,
    "dtype": "float32",
    "model_config_dir": null,
    "data_size": 32,
    "batch_size": 4,
    "inference_time": 3.323297087001265,
    "throughput": 154.0638668756505,
    "max_memory_allocated_per_device": [
        3.773526668548584,
        3.7278571128845215
    ]
}