{
    "description": "Pipeline parallel OPT-1.3B benchmark",
    "model_name": "opt-1.3b-pipeline",
    "model_size": 2.6347503662109375,
    "max_prompt_len": 80,
    "max_new_tokens": 112,
    "dtype": "float32",
    "model_config_dir": null,
    "data_size": 16,
    "batch_size": 16,
    "inference_time": 7.861191664000216,
    "throughput": 227.95526131315944,
    "max_memory_allocated_per_device": [
        3.792728900909424,
        3.7311558723449707
    ]
}