{
    "description": "Pipeline parallel OPT-1.3B benchmark",
    "model_name": "opt-1.3b-pipeline",
    "model_size": 2.6503753662109375,
    "max_prompt_len": 32,
    "max_new_tokens": 80,
    "dtype": "float32",
    "model_config_dir": null,
    "data_size": 40,
    "batch_size": 5,
    "inference_time": 12.615197618997627,
    "throughput": 253.66229659224825,
    "max_memory_allocated_per_device": [
        4.054107189178467,
        3.967589855194092
    ]
}