{
    "description": "Pipeline parallel OPT-1.3B benchmark",
    "model_name": "opt-1.3b-pipeline",
    "model_size": 2.6503753662109375,
    "max_prompt_len": 32,
    "max_new_tokens": 96,
    "dtype": "float32",
    "model_config_dir": null,
    "data_size": 40,
    "batch_size": 20,
    "inference_time": 11.888998795002408,
    "throughput": 322.9876683656626,
    "max_memory_allocated_per_device": [
        4.200071334838867,
        4.107046127319336
    ]
}