{
    "description": "Pipeline parallel OPT-1.3B benchmark",
    "model_name": "opt-1.3b-pipeline",
    "model_size": 2.6347503662109375,
    "max_prompt_len": 32,
    "max_new_tokens": 96,
    "dtype": "float32",
    "model_config_dir": null,
    "data_size": 8,
    "batch_size": 4,
    "inference_time": 4.326355179999155,
    "throughput": 177.51663191003888,
    "max_memory_allocated_per_device": [
        3.367865562438965,
        3.3367691040039062
    ]
}