{
    "description": "Pipeline parallel OPT-1.3B benchmark",
    "model_name": "opt-1.3b-pipeline",
    "model_size": 2.6347503662109375,
    "max_prompt_len": 16,
    "max_new_tokens": 128,
    "dtype": "float32",
    "model_config_dir": null,
    "data_size": 16,
    "batch_size": 8,
    "inference_time": 6.650964889999159,
    "throughput": 307.92524601648574,
    "max_memory_allocated_per_device": [
        3.6255860328674316,
        3.5749268531799316
    ]
}