{
    "description": "Pipeline parallel OPT-1.3B benchmark",
    "model_name": "opt-1.3b-pipeline",
    "model_size": 2.6503753662109375,
    "max_prompt_len": 16,
    "max_new_tokens": 96,
    "dtype": "float32",
    "model_config_dir": null,
    "data_size": 64,
    "batch_size": 8,
    "inference_time": 16.124915973996394,
    "throughput": 381.0252413040806,
    "max_memory_allocated_per_device": [
        4.587643146514893,
        4.462595462799072
    ]
}