{
    "description": "Pipeline parallel OPT-6.7B benchmark",
    "model_name": "opt-6.7b",
    "model_size": 3.3758926391601562,
    "max_prompt_len": 384,
    "max_new_tokens": 128,
    "dtype": "float16",
    "model_config_dir": null,
    "data_size": 48,
    "batch_size": 48,
    "inference_time": 32.327123359000325,
    "throughput": 190.05712112919642,
    "max_memory_allocated_per_device": [
        7.531674385070801,
        8.44518756866455,
        8.44518756866455,
        7.138592720031738
    ]
}