{
    "description": "Pipeline parallel OPT-1.3B benchmark",
    "model_name": "opt-1.3b-pipeline",
    "model_size": 2.6347503662109375,
    "max_prompt_len": 16,
    "max_new_tokens": 112,
    "dtype": "float32",
    "model_config_dir": null,
    "data_size": 8,
    "batch_size": 4,
    "inference_time": 4.675221011000758,
    "throughput": 191.64869380329168,
    "max_memory_allocated_per_device": [
        3.3678956031799316,
        3.336768627166748
    ]
}