{
    "description": "Pipeline parallel OPT-1.3B benchmark",
    "model_name": "opt-1.3b-pipeline",
    "model_size": 2.6503753662109375,
    "max_prompt_len": 112,
    "max_new_tokens": 32,
    "dtype": "float32",
    "model_config_dir": null,
    "data_size": 40,
    "batch_size": 40,
    "inference_time": 8.495164485000714,
    "throughput": 150.67395131194948,
    "max_memory_allocated_per_device": [
        4.937247276306152,
        4.855242729187012
    ]
}