{
    "description": "Pipeline parallel OPT-1.3B benchmark",
    "model_name": "opt-1.3b-pipeline",
    "model_size": 2.6347503662109375,
    "max_prompt_len": 64,
    "max_new_tokens": 112,
    "dtype": "float32",
    "model_config_dir": null,
    "data_size": 48,
    "batch_size": 24,
    "inference_time": 16.64973562900559,
    "throughput": 322.88800974319633,
    "max_memory_allocated_per_device": [
        4.867307186126709,
        4.722968578338623
    ]
}