{
    "description": "Pipeline parallel OPT-1.3B benchmark",
    "model_name": "opt-1.3b-pipeline",
    "model_size": 2.6503753662109375,
    "max_prompt_len": 48,
    "max_new_tokens": 32,
    "dtype": "float32",
    "model_config_dir": null,
    "data_size": 24,
    "batch_size": 6,
    "inference_time": 3.411808616001508,
    "throughput": 225.1005511850963,
    "max_memory_allocated_per_device": [
        3.6096367835998535,
        3.574470043182373
    ]
}