{
    "description": "Pipeline parallel OPT-1.3B benchmark",
    "model_name": "opt-1.3b-pipeline",
    "model_size": 2.6503753662109375,
    "max_prompt_len": 80,
    "max_new_tokens": 96,
    "dtype": "float32",
    "model_config_dir": null,
    "data_size": 16,
    "batch_size": 16,
    "inference_time": 6.727199345998088,
    "throughput": 228.32681491945738,
    "max_memory_allocated_per_device": [
        3.740283489227295,
        3.6823220252990723
    ]
}