{
    "description": "Pipeline parallel OPT-1.3B benchmark",
    "model_name": "opt-1.3b-pipeline",
    "model_size": 2.6503753662109375,
    "max_prompt_len": 64,
    "max_new_tokens": 48,
    "dtype": "float32",
    "model_config_dir": null,
    "data_size": 24,
    "batch_size": 3,
    "inference_time": 7.184494461998838,
    "throughput": 160.34531115491956,
    "max_memory_allocated_per_device": [
        3.758695125579834,
        3.718517780303955
    ]
}