{
    "description": "Pipeline parallel OPT-1.3B benchmark",
    "model_name": "opt-1.3b-pipeline",
    "model_size": 2.6503753662109375,
    "max_prompt_len": 80,
    "max_new_tokens": 128,
    "dtype": "float32",
    "model_config_dir": null,
    "data_size": 24,
    "batch_size": 24,
    "inference_time": 12.772422755999287,
    "throughput": 240.51818975041851,
    "max_memory_allocated_per_device": [
        4.187074661254883,
        4.095874786376953
    ]
}