{
    "description": "Pipeline parallel OPT-1.3B benchmark",
    "model_name": "opt-1.3b-pipeline",
    "model_size": 2.6347503662109375,
    "max_prompt_len": 80,
    "max_new_tokens": 128,
    "dtype": "float32",
    "model_config_dir": null,
    "data_size": 40,
    "batch_size": 20,
    "inference_time": 18.67749678999826,
    "throughput": 274.126670054723,
    "max_memory_allocated_per_device": [
        4.840784549713135,
        4.698854923248291
    ]
}