{
    "description": "Pipeline parallel OPT-1.3B benchmark",
    "model_name": "opt-1.3b-pipeline",
    "model_size": 2.6347503662109375,
    "max_prompt_len": 16,
    "max_new_tokens": 48,
    "dtype": "float32",
    "model_config_dir": null,
    "data_size": 56,
    "batch_size": 56,
    "inference_time": 5.319306912999309,
    "throughput": 505.32899190890305,
    "max_memory_allocated_per_device": [
        3.906684398651123,
        3.8387112617492676
    ]
}