{
    "description": "Pipeline parallel OPT-1.3B benchmark",
    "model_name": "opt-1.3b-pipeline",
    "model_size": 2.6347503662109375,
    "max_prompt_len": 128,
    "max_new_tokens": 128,
    "dtype": "float32",
    "model_config_dir": null,
    "data_size": 56,
    "batch_size": 28,
    "inference_time": 25.675427729998773,
    "throughput": 279.1774328115679,
    "max_memory_allocated_per_device": [
        6.064312934875488,
        5.83156681060791
    ]
}