{
    "description": "Pipeline parallel OPT-1.3B benchmark",
    "model_name": "opt-1.3b-pipeline",
    "model_size": 2.6347503662109375,
    "max_prompt_len": 64,
    "max_new_tokens": 96,
    "dtype": "float32",
    "model_config_dir": null,
    "data_size": 32,
    "batch_size": 16,
    "inference_time": 10.31897161300003,
    "throughput": 297.7040847878521,
    "max_memory_allocated_per_device": [
        4.198050498962402,
        4.104471206665039
    ]
}