{
    "description": "Pipeline parallel OPT-1.3B benchmark",
    "model_name": "opt-1.3b",
    "model_size": 2.6503753662109375,
    "dtype": "float32",
    "max_prompt_len": 192,
    "max_new_tokens": 1,
    "model_config_dir": null,
    "data_size": 24,
    "batch_size": 12,
    "inference_time": 4.054840904000002,
    "throughput": 5.918851212220085,
    "max_memory_allocated_per_device": [
        4.9532151222229,
        4.61333703994751
    ]
}