{
    "description": "Pipeline parallel OPT-1.3B benchmark",
    "model_name": "opt-1.3b-pipeline",
    "model_size": 2.6347503662109375,
    "max_prompt_len": 96,
    "max_new_tokens": 128,
    "dtype": "float32",
    "model_config_dir": null,
    "data_size": 40,
    "batch_size": 10,
    "inference_time": 17.266629988000204,
    "throughput": 296.5257264190087,
    "max_memory_allocated_per_device": [
        4.972121238708496,
        4.816637992858887
    ]
}