{
    "description": "Pipeline parallel OPT-1.3B benchmark",
    "model_name": "opt-1.3b-pipeline",
    "model_size": 2.6347503662109375,
    "max_prompt_len": 48,
    "max_new_tokens": 80,
    "dtype": "float32",
    "model_config_dir": null,
    "data_size": 32,
    "batch_size": 32,
    "inference_time": 8.285675078001077,
    "throughput": 308.966979262431,
    "max_memory_allocated_per_device": [
        4.005209445953369,
        3.9279732704162598
    ]
}