{
    "description": "Pipeline parallel OPT-1.3B benchmark",
    "model_name": "opt-1.3b-pipeline",
    "model_size": 2.6347503662109375,
    "max_prompt_len": 48,
    "max_new_tokens": 96,
    "dtype": "float32",
    "model_config_dir": null,
    "data_size": 64,
    "batch_size": 16,
    "inference_time": 16.663168601000507,
    "throughput": 368.71738785809896,
    "max_memory_allocated_per_device": [
        5.010381698608398,
        4.854240417480469
    ]
}