{
    "description": "Pipeline parallel OPT-1.3B benchmark",
    "model_name": "opt-1.3b-pipeline",
    "model_size": 2.6347503662109375,
    "max_prompt_len": 32,
    "max_new_tokens": 48,
    "dtype": "float32",
    "model_config_dir": null,
    "data_size": 24,
    "batch_size": 3,
    "inference_time": 7.17002947400033,
    "throughput": 160.66879559942336,
    "max_memory_allocated_per_device": [
        3.544562339782715,
        3.4991893768310547
    ]
}