{
    "description": "Pipeline parallel OPT-1.3B benchmark",
    "model_name": "opt-1.3b-pipeline",
    "model_size": 2.6347503662109375,
    "max_prompt_len": 48,
    "max_new_tokens": 32,
    "dtype": "float32",
    "model_config_dir": null,
    "data_size": 64,
    "batch_size": 8,
    "inference_time": 7.099752158996125,
    "throughput": 288.4607735785496,
    "max_memory_allocated_per_device": [
        4.352352619171143,
        4.287633419036865
    ]
}