{
    "description": "Pipeline parallel OPT-6.7B benchmark",
    "model_name": "opt-6.7b",
    "model_size": 3.3758926391601562,
    "max_prompt_len": 256,
    "max_new_tokens": 384,
    "dtype": "float16",
    "model_config_dir": null,
    "data_size": 32,
    "batch_size": 8,
    "inference_time": 55.235617310000634,
    "throughput": 222.46515198763257,
    "max_memory_allocated_per_device": [
        5.85172176361084,
        6.82742977142334,
        6.82742977142334,
        5.5226850509643555
    ]
}