{
    "description": "Pipeline parallel OPT-1.3B benchmark",
    "model_name": "opt-1.3b-pipeline",
    "model_size": 2.6503753662109375,
    "max_prompt_len": 128,
    "max_new_tokens": 96,
    "dtype": "float32",
    "model_config_dir": null,
    "data_size": 16,
    "batch_size": 4,
    "inference_time": 8.988043205001304,
    "throughput": 170.89370455465863,
    "max_memory_allocated_per_device": [
        3.9519381523132324,
        3.90504789352417
    ]
}