{
    "description": "Pipeline parallel OPT-1.3B benchmark",
    "model_name": "opt-1.3b-pipeline",
    "model_size": 2.6503753662109375,
    "max_prompt_len": 48,
    "max_new_tokens": 32,
    "dtype": "float32",
    "model_config_dir": null,
    "data_size": 48,
    "batch_size": 12,
    "inference_time": 6.046845711003698,
    "throughput": 254.01673424623297,
    "max_memory_allocated_per_device": [
        4.051158428192139,
        4.0003581047058105
    ]
}