{
    "description": "Pipeline parallel OPT-1.3B benchmark",
    "model_name": "opt-1.3b-pipeline",
    "model_size": 2.6503753662109375,
    "max_prompt_len": 128,
    "max_new_tokens": 128,
    "dtype": "float32",
    "model_config_dir": null,
    "data_size": 24,
    "batch_size": 12,
    "inference_time": 14.252958286997455,
    "throughput": 215.53420266461407,
    "max_memory_allocated_per_device": [
        4.404411315917969,
        4.295086860656738
    ]
}