{
    "description": "Pipeline parallel OPT-1.3B benchmark",
    "model_name": "opt-1.3b-pipeline",
    "model_size": 2.6347503662109375,
    "max_prompt_len": 16,
    "max_new_tokens": 80,
    "dtype": "float32",
    "model_config_dir": null,
    "data_size": 56,
    "batch_size": 56,
    "inference_time": 8.933562812002492,
    "throughput": 501.47965534881496,
    "max_memory_allocated_per_device": [
        4.2767558097839355,
        4.180727481842041
    ]
}