{
    "description": "Pipeline parallel OPT-1.3B benchmark",
    "model_name": "opt-1.3b-pipeline",
    "model_size": 2.6347503662109375,
    "max_prompt_len": 16,
    "max_new_tokens": 128,
    "dtype": "float32",
    "model_config_dir": null,
    "data_size": 8,
    "batch_size": 8,
    "inference_time": 4.345245305001299,
    "throughput": 235.65988295790675,
    "max_memory_allocated_per_device": [
        3.3971080780029297,
        3.3640270233154297
    ]
}