{
    "description": "Pipeline parallel OPT-1.3B benchmark",
    "model_name": "opt-1.3b-pipeline",
    "model_size": 2.6347503662109375,
    "max_prompt_len": 48,
    "max_new_tokens": 16,
    "dtype": "float32",
    "model_config_dir": null,
    "data_size": 40,
    "batch_size": 5,
    "inference_time": 3.463422034001269,
    "throughput": 184.78833757970068,
    "max_memory_allocated_per_device": [
        3.9310193061828613,
        3.871738910675049
    ]
}