{
    "description": "Pipeline parallel OPT-1.3B benchmark",
    "model_name": "opt-1.3b-pipeline",
    "model_size": 2.6503753662109375,
    "max_prompt_len": 112,
    "max_new_tokens": 96,
    "dtype": "float32",
    "model_config_dir": null,
    "data_size": 40,
    "batch_size": 10,
    "inference_time": 14.189556130004348,
    "throughput": 270.62157299481527,
    "max_memory_allocated_per_device": [
        4.907210826873779,
        4.823192119598389
    ]
}