{
    "description": "Pipeline parallel OPT-1.3B benchmark",
    "model_name": "opt-1.3b-pipeline",
    "model_size": 2.6503753662109375,
    "max_prompt_len": 32,
    "max_new_tokens": 16,
    "dtype": "float32",
    "model_config_dir": null,
    "data_size": 40,
    "batch_size": 5,
    "inference_time": 3.3900111069997365,
    "throughput": 188.7899419204026,
    "max_memory_allocated_per_device": [
        3.6581387519836426,
        3.61857271194458
    ]
}