{
    "description": "Pipeline parallel OPT-1.3B benchmark",
    "model_name": "opt-1.3b-pipeline",
    "model_size": 2.6503753662109375,
    "max_prompt_len": 112,
    "max_new_tokens": 16,
    "dtype": "float32",
    "model_config_dir": null,
    "data_size": 32,
    "batch_size": 4,
    "inference_time": 4.678188193000096,
    "throughput": 109.44407939084152,
    "max_memory_allocated_per_device": [
        4.5453619956970215,
        4.4767279624938965
    ]
}