{
    "description": "Pipeline parallel OPT-6.7B benchmark",
    "model_name": "opt-6.7b",
    "model_size": 3.0248794555664062,
    "max_prompt_len": 256,
    "max_new_tokens": 512,
    "dtype": "float16",
    "model_config_dir": null,
    "data_size": 16,
    "batch_size": 16,
    "inference_time": 51.46482098599972,
    "throughput": 159.17669279814493,
    "max_memory_allocated_per_device": [
        4.9053778648376465,
        5.6316351890563965,
        5.6316351890563965,
        4.702223300933838
    ]
}