{
    "description": "Pipeline parallel OPT-1.3B benchmark",
    "model_name": "opt-1.3b-pipeline",
    "model_size": 2.6503753662109375,
    "max_prompt_len": 80,
    "max_new_tokens": 96,
    "dtype": "float32",
    "model_config_dir": null,
    "data_size": 64,
    "batch_size": 16,
    "inference_time": 18.668585487997916,
    "throughput": 329.1090267096023,
    "max_memory_allocated_per_device": [
        5.41912841796875,
        5.232997894287109
    ]
}