{
    "description": "Pipeline parallel OPT-1.3B benchmark",
    "model_name": "opt-1.3b-pipeline",
    "model_size": 2.6347503662109375,
    "max_prompt_len": 112,
    "max_new_tokens": 112,
    "dtype": "float32",
    "model_config_dir": null,
    "data_size": 8,
    "batch_size": 4,
    "inference_time": 5.743510459999015,
    "throughput": 156.00215342868088,
    "max_memory_allocated_per_device": [
        3.5223093032836914,
        3.4795479774475098
    ]
}