{
    "description": "Pipeline parallel OPT-1.3B benchmark",
    "model_name": "opt-1.3b-pipeline",
    "model_size": 2.6347503662109375,
    "max_prompt_len": 80,
    "max_new_tokens": 16,
    "dtype": "float32",
    "model_config_dir": null,
    "data_size": 24,
    "batch_size": 24,
    "inference_time": 3.0322876360005466,
    "throughput": 126.63706286995881,
    "max_memory_allocated_per_device": [
        4.073965549468994,
        3.9864182472229004
    ]
}