{
    "description": "Pipeline parallel OPT-1.3B benchmark",
    "model_name": "opt-1.3b-pipeline",
    "model_size": 2.6347503662109375,
    "max_prompt_len": 64,
    "max_new_tokens": 112,
    "dtype": "float32",
    "model_config_dir": null,
    "data_size": 32,
    "batch_size": 4,
    "inference_time": 16.544177476996992,
    "throughput": 216.63210546327795,
    "max_memory_allocated_per_device": [
        4.2893500328063965,
        4.188939571380615
    ]
}