{
    "description": "Pipeline parallel OPT-1.3B benchmark",
    "model_name": "opt-1.3b-pipeline",
    "model_size": 2.6347503662109375,
    "max_prompt_len": 48,
    "max_new_tokens": 96,
    "dtype": "float32",
    "model_config_dir": null,
    "data_size": 8,
    "batch_size": 1,
    "inference_time": 12.684889758998906,
    "throughput": 60.54447571806179,
    "max_memory_allocated_per_device": [
        3.4960875511169434,
        3.4638142585754395
    ]
}