{
    "description": "Pipeline parallel OPT-1.3B benchmark",
    "model_name": "opt-1.3b-pipeline",
    "model_size": 2.6347503662109375,
    "max_prompt_len": 96,
    "max_new_tokens": 96,
    "dtype": "float32",
    "model_config_dir": null,
    "data_size": 16,
    "batch_size": 2,
    "inference_time": 13.342103701001179,
    "throughput": 115.12427383432345,
    "max_memory_allocated_per_device": [
        3.777141571044922,
        3.722240924835205
    ]
}