{
    "description": "Pipeline parallel OPT-1.3B benchmark",
    "model_name": "opt-1.3b-pipeline",
    "model_size": 2.6503753662109375,
    "max_prompt_len": 48,
    "max_new_tokens": 128,
    "dtype": "float32",
    "model_config_dir": null,
    "data_size": 8,
    "batch_size": 4,
    "inference_time": 5.886196592999113,
    "throughput": 173.9663267818677,
    "max_memory_allocated_per_device": [
        3.4438047409057617,
        3.406632423400879
    ]
}}