{
    "description": "Pipeline parallel OPT-1.3B benchmark",
    "model_name": "opt-1.3b-pipeline",
    "model_size": 2.6503753662109375,
    "max_prompt_len": 64,
    "max_new_tokens": 16,
    "dtype": "float32",
    "model_config_dir": null,
    "data_size": 8,
    "batch_size": 1,
    "inference_time": 2.3911497440003586,
    "throughput": 53.53073362350693,
    "max_memory_allocated_per_device": [
        3.356811046600342,
        3.3333659172058105
    ]
}