{
    "description": "Pipeline parallel OPT-6.7B benchmark",
    "model_name": "opt-6.7b",
    "model_size": 3.0092544555664062,
    "max_prompt_len": 128,
    "max_new_tokens": 512,
    "dtype": "float16",
    "model_config_dir": null,
    "data_size": 16,
    "batch_size": 8,
    "inference_time": 46.70141143899991,
    "throughput": 175.41225730832917,
    "max_memory_allocated_per_device": [
        4.601727485656738,
        5.265240669250488,
        5.265240669250488,
        4.429228782653809
    ]
}