{
    "description": "Pipeline parallel OPT-1.3B benchmark",
    "model_name": "opt-1.3b-pipeline",
    "model_size": 2.6347503662109375,
    "max_prompt_len": 32,
    "max_new_tokens": 32,
    "dtype": "float32",
    "model_config_dir": null,
    "data_size": 24,
    "batch_size": 12,
    "inference_time": 3.058851923000475,
    "throughput": 251.07459247215112,
    "max_memory_allocated_per_device": [
        3.471888542175293,
        3.4340124130249023
    ]
}