{
    "description": "Pipeline parallel OPT-1.3B benchmark",
    "model_name": "opt-1.3b-pipeline",
    "model_size": 2.6503753662109375,
    "max_prompt_len": 64,
    "max_new_tokens": 112,
    "dtype": "float32",
    "model_config_dir": null,
    "data_size": 56,
    "batch_size": 56,
    "inference_time": 17.374615952001477,
    "throughput": 360.9863963224749,
    "max_memory_allocated_per_device": [
        5.189541816711426,
        5.025102615356445
    ]
}