{
    "description": "Pipeline parallel OPT-1.3B benchmark",
    "model_name": "opt-1.3b-pipeline",
    "model_size": 2.6347503662109375,
    "max_prompt_len": 96,
    "max_new_tokens": 112,
    "dtype": "float32",
    "model_config_dir": null,
    "data_size": 48,
    "batch_size": 6,
    "inference_time": 20.91304788999696,
    "throughput": 257.0643948351223,
    "max_memory_allocated_per_device": [
        5.174768924713135,
        5.004983901977539
    ]
}