{
    "description": "Pipeline parallel OPT-1.3B benchmark",
    "model_name": "opt-1.3b-pipeline",
    "model_size": 2.6347503662109375,
    "max_prompt_len": 96,
    "max_new_tokens": 16,
    "dtype": "float32",
    "model_config_dir": null,
    "data_size": 8,
    "batch_size": 4,
    "inference_time": 1.244789355998364,
    "throughput": 102.828642760477,
    "max_memory_allocated_per_device": [
        3.4586777687072754,
        3.443047046661377
    ]
}]
}