{
    "description": "Pipeline parallel OPT-1.3B benchmark",
    "model_name": "opt-1.3b-pipeline",
    "model_size": 2.6347503662109375,
    "max_prompt_len": 48,
    "max_new_tokens": 96,
    "dtype": "float32",
    "model_config_dir": null,
    "data_size": 16,
    "batch_size": 8,
    "inference_time": 5.469712311998592,
    "throughput": 280.81915691078774,
    "max_memory_allocated_per_device": [
        3.62565279006958,
        3.5749287605285645
    ]
}