{
    "description": "Pipeline parallel OPT-1.3B benchmark",
    "model_name": "opt-1.3b-pipeline",
    "model_size": 2.6503753662109375,
    "max_prompt_len": 16,
    "max_new_tokens": 96,
    "dtype": "float32",
    "model_config_dir": null,
    "data_size": 24,
    "batch_size": 6,
    "inference_time": 7.919567245000508,
    "throughput": 290.9249872781214,
    "max_memory_allocated_per_device": [
        3.6990556716918945,
        3.6426939964294434
    ]
}