{
    "description": "Pipeline parallel OPT-1.3B benchmark",
    "model_name": "opt-1.3b-pipeline",
    "model_size": 2.6347503662109375,
    "max_prompt_len": 16,
    "max_new_tokens": 80,
    "dtype": "float32",
    "model_config_dir": null,
    "data_size": 24,
    "batch_size": 12,
    "inference_time": 6.78817158899983,
    "throughput": 282.84494209182077,
    "max_memory_allocated_per_device": [
        3.6255273818969727,
        3.5739803314208984
    ]
}