{
    "description": "Pipeline parallel OPT-1.3B benchmark",
    "model_name": "opt-1.3b-pipeline",
    "model_size": 2.6347503662109375,
    "max_prompt_len": 64,
    "max_new_tokens": 128,
    "dtype": "float32",
    "model_config_dir": null,
    "data_size": 24,
    "batch_size": 6,
    "inference_time": 11.82633431299837,
    "throughput": 259.7592727125558,
    "max_memory_allocated_per_device": [
        4.084986686706543,
        3.9982833862304688
    ]
}