{
    "description": "Pipeline parallel OPT-1.3B benchmark",
    "model_name": "opt-1.3b-pipeline",
    "model_size": 2.6503753662109375,
    "max_prompt_len": 64,
    "max_new_tokens": 80,
    "dtype": "float32",
    "model_config_dir": null,
    "data_size": 32,
    "batch_size": 8,
    "inference_time": 8.659131692998926,
    "throughput": 295.6416521612449,
    "max_memory_allocated_per_device": [
        4.0836710929870605,
        3.9978432655334473
    ]
}