{
    "description": "Pipeline parallel OPT-1.3B benchmark",
    "model_name": "opt-1.3b-pipeline",
    "model_size": 2.6503753662109375,
    "max_prompt_len": 16,
    "max_new_tokens": 64,
    "dtype": "float32",
    "model_config_dir": null,
    "data_size": 40,
    "batch_size": 20,
    "inference_time": 7.407805653998366,
    "throughput": 345.5814204059523,
    "max_memory_allocated_per_device": [
        3.8059210777282715,
        3.742579936981201
    ]
}