{
    "description": "Pipeline parallel OPT-1.3B benchmark",
    "model_name": "opt-1.3b-pipeline",
    "model_size": 2.6503753662109375,
    "max_prompt_len": 112,
    "max_new_tokens": 96,
    "dtype": "float32",
    "model_config_dir": null,
    "data_size": 40,
    "batch_size": 40,
    "inference_time": 15.754246730000887,
    "throughput": 243.7438022782435,
    "max_memory_allocated_per_device": [
        4.937246322631836,
        4.855241775512695
    ]
}