{
    "description": "Pipeline parallel OPT-1.3B benchmark",
    "model_name": "opt-1.3b-pipeline",
    "model_size": 2.6503753662109375,
    "max_prompt_len": 16,
    "max_new_tokens": 112,
    "dtype": "float32",
    "model_config_dir": null,
    "data_size": 8,
    "batch_size": 8,
    "inference_time": 3.5212191059999896,
    "throughput": 254.45732657569042,
    "max_memory_allocated_per_device": [
        3.370023250579834,
        3.3389105796813965
    ]
}