{
    "description": "Pipeline parallel OPT-1.3B benchmark",
    "model_name": "opt-1.3b-pipeline",
    "model_size": 2.6503753662109375,
    "max_prompt_len": 16,
    "max_new_tokens": 96,
    "dtype": "float32",
    "model_config_dir": null,
    "data_size": 16,
    "batch_size": 8,
    "inference_time": 4.951163906000147,
    "throughput": 310.2300851196976,
    "max_memory_allocated_per_device": [
        3.5207228660583496,
        3.4779372215270996
    ]
}