{
    "description": "Pipeline parallel OPT-1.3B benchmark",
    "model_name": "opt-1.3b-pipeline",
    "model_size": 2.6503753662109375,
    "max_prompt_len": 96,
    "max_new_tokens": 96,
    "dtype": "float32",
    "model_config_dir": null,
    "data_size": 24,
    "batch_size": 6,
    "inference_time": 9.965352244002133,
    "throughput": 231.2010597906073,
    "max_memory_allocated_per_device": [
        4.086662769317627,
        4.001030445098877
    ]
}