{
    "description": "Pipeline parallel OPT-1.3B benchmark",
    "model_name": "opt-1.3b-pipeline",
    "model_size": 2.6503753662109375,
    "max_prompt_len": 80,
    "max_new_tokens": 64,
    "dtype": "float32",
    "model_config_dir": null,
    "data_size": 48,
    "batch_size": 6,
    "inference_time": 12.362941282997781,
    "throughput": 248.48455797689414,
    "max_memory_allocated_per_device": [
        4.681874752044678,
        4.606465816497803
    ]
}