{
    "description": "Pipeline parallel OPT-1.3B benchmark",
    "model_name": "opt-1.3b-pipeline",
    "model_size": 2.6347503662109375,
    "max_prompt_len": 32,
    "max_new_tokens": 32,
    "dtype": "float32",
    "model_config_dir": null,
    "data_size": 8,
    "batch_size": 4,
    "inference_time": 1.5445930329988187,
    "throughput": 165.73945015340217,
    "max_memory_allocated_per_device": [
        3.264063835144043,
        3.2407493591308594
    ]
}