{
    "description": "Pipeline parallel OPT-1.3B benchmark",
    "model_name": "opt-1.3b-pipeline",
    "model_size": 2.6503753662109375,
    "max_prompt_len": 128,
    "max_new_tokens": 112,
    "dtype": "float32",
    "model_config_dir": null,
    "data_size": 32,
    "batch_size": 4,
    "inference_time": 18.557444386999123,
    "throughput": 193.130041252386,
    "max_memory_allocated_per_device": [
        4.741780757904053,
        4.663625240325928
    ]
}