{
    "description": "Pipeline parallel OPT-1.3B benchmark",
    "model_name": "opt-1.3b-pipeline",
    "model_size": 2.6503753662109375,
    "max_prompt_len": 32,
    "max_new_tokens": 32,
    "dtype": "float32",
    "model_config_dir": null,
    "data_size": 32,
    "batch_size": 4,
    "inference_time": 4.84425777800061,
    "throughput": 211.38429186207335,
    "max_memory_allocated_per_device": [
        3.5753536224365234,
        3.5281734466552734
    ]
}