{
    "description": "Pipeline parallel OPT-1.3B benchmark",
    "model_name": "opt-1.3b-pipeline",
    "model_size": 2.6503753662109375,
    "max_prompt_len": 48,
    "max_new_tokens": 48,
    "dtype": "float32",
    "model_config_dir": null,
    "data_size": 16,
    "batch_size": 4,
    "inference_time": 4.088607411998964,
    "throughput": 187.83901769246083,
    "max_memory_allocated_per_device": [
        3.4717369079589844,
        3.4371628761291504
    ]
}