{
    "description": "Pipeline parallel OPT-1.3B benchmark",
    "model_name": "opt-1.3b-pipeline",
    "model_size": 2.6347503662109375,
    "max_prompt_len": 64,
    "max_new_tokens": 48,
    "dtype": "float32",
    "model_config_dir": null,
    "data_size": 8,
    "batch_size": 4,
    "inference_time": 2.4401104770004167,
    "throughput": 157.36992387002255,
    "max_memory_allocated_per_device": [
        3.358269214630127,
        3.3365979194641113
    ]
}