{
    "description": "Pipeline parallel OPT-1.3B benchmark",
    "model_name": "opt-1.3b-pipeline",
    "model_size": 2.6347503662109375,
    "max_prompt_len": 64,
    "max_new_tokens": 80,
    "dtype": "float32",
    "model_config_dir": null,
    "data_size": 24,
    "batch_size": 3,
    "inference_time": 11.52684715000214,
    "throughput": 166.56766373445348,
    "max_memory_allocated_per_device": [
        3.8521814346313477,
        3.7812891006469727
    ]
}