{
    "description": "Pipeline parallel OPT-6.7B benchmark",
    "model_name": "opt-6.7b",
    "model_size": 3.3758926391601562,
    "max_prompt_len": 256,
    "max_new_tokens": 256,
    "dtype": "float16",
    "model_config_dir": null,
    "data_size": 32,
    "batch_size": 32,
    "inference_time": 35.007538311000644,
    "throughput": 234.006742411413,
    "max_memory_allocated_per_device": [
        5.439011096954346,
        6.289535999298096,
        6.289535999298096,
        5.174302577972412
    ]
}