{
    "description": "Pipeline parallel OPT-1.3B benchmark",
    "model_name": "opt-1.3b-pipeline",
    "model_size": 2.6347503662109375,
    "max_prompt_len": 112,
    "max_new_tokens": 128,
    "dtype": "float32",
    "model_config_dir": null,
    "data_size": 48,
    "batch_size": 6,
    "inference_time": 24.433031410000694,
    "throughput": 251.4628617669274,
    "max_memory_allocated_per_device": [
        5.485211372375488,
        5.292972564697266
    ]
}