{
    "description": "Pipeline parallel OPT-1.3B benchmark",
    "model_name": "opt-1.3b-pipeline",
    "model_size": 2.6347503662109375,
    "max_prompt_len": 128,
    "max_new_tokens": 32,
    "dtype": "float32",
    "model_config_dir": null,
    "data_size": 8,
    "batch_size": 8,
    "inference_time": 2.0192555190005805,
    "throughput": 126.77939844220695,
    "max_memory_allocated_per_device": [
        3.5635037422180176,
        3.53224515914917
    ]
}