{
    "description": "Pipeline parallel OPT-1.3B benchmark",
    "model_name": "opt-1.3b-pipeline",
    "model_size": 2.6347503662109375,
    "max_prompt_len": 48,
    "max_new_tokens": 32,
    "dtype": "float32",
    "model_config_dir": null,
    "data_size": 16,
    "batch_size": 2,
    "inference_time": 4.798420786999486,
    "throughput": 106.70177183859695,
    "max_memory_allocated_per_device": [
        3.497819423675537,
        3.465463161468506
    ]
}