{
    "description": "Pipeline parallel OPT-1.3B benchmark",
    "model_name": "opt-1.3b-pipeline",
    "model_size": 2.6503753662109375,
    "max_prompt_len": 96,
    "max_new_tokens": 64,
    "dtype": "float32",
    "model_config_dir": null,
    "data_size": 40,
    "batch_size": 20,
    "inference_time": 10.683767292000994,
    "throughput": 239.61585179009737,
    "max_memory_allocated_per_device": [
        4.66746187210083,
        4.591261386871338
    ]
}