{
    "description": "Pipeline parallel OPT-1.3B benchmark",
    "model_name": "opt-1.3b-pipeline",
    "model_size": 2.6503753662109375,
    "max_prompt_len": 80,
    "max_new_tokens": 96,
    "dtype": "float32",
    "model_config_dir": null,
    "data_size": 64,
    "batch_size": 64,
    "inference_time": 17.342011787994124,
    "throughput": 354.2841554434585,
    "max_memory_allocated_per_device": [
        5.484111785888672,
        5.298436164855957
    ]
}