{
    "description": "Pipeline parallel OPT-1.3B benchmark",
    "model_name": "opt-1.3b-pipeline",
    "model_size": 2.6503753662109375,
    "max_prompt_len": 80,
    "max_new_tokens": 128,
    "dtype": "float32",
    "model_config_dir": null,
    "data_size": 64,
    "batch_size": 16,
    "inference_time": 24.232033801003126,
    "throughput": 338.0648965445434,
    "max_memory_allocated_per_device": [
        5.83193302154541,
        5.614069938659668
    ]
}