{
    "description": "Pipeline parallel OPT-1.3B benchmark",
    "model_name": "opt-1.3b-pipeline",
    "model_size": 2.6347503662109375,
    "max_prompt_len": 96,
    "max_new_tokens": 64,
    "dtype": "float32",
    "model_config_dir": null,
    "data_size": 64,
    "batch_size": 16,
    "inference_time": 14.414121082001657,
    "throughput": 284.16578275553087,
    "max_memory_allocated_per_device": [
        5.539432048797607,
        5.43001127243042
    ]
}