{
    "description": "Pipeline parallel OPT-1.3B benchmark",
    "model_name": "opt-1.3b-pipeline",
    "model_size": 2.6347503662109375,
    "max_prompt_len": 112,
    "max_new_tokens": 48,
    "dtype": "float32",
    "model_config_dir": null,
    "data_size": 16,
    "batch_size": 4,
    "inference_time": 4.982251818997611,
    "throughput": 154.14716636191935,
    "max_memory_allocated_per_device": [
        3.8539109230041504,
        3.8117823600769043
    ]
}