{
    "description": "Pipeline parallel OPT-1.3B benchmark",
    "model_name": "opt-1.3b-pipeline",
    "model_size": 2.6347503662109375,
    "max_prompt_len": 48,
    "max_new_tokens": 128,
    "dtype": "float32",
    "model_config_dir": null,
    "data_size": 16,
    "batch_size": 2,
    "inference_time": 16.842616407000605,
    "throughput": 121.59630965345457,
    "max_memory_allocated_per_device": [
        3.74061918258667,
        3.6819796562194824
    ]
}