{
    "description": "Pipeline parallel OPT-1.3B benchmark",
    "model_name": "opt-1.3b-pipeline",
    "model_size": 2.6347503662109375,
    "max_prompt_len": 48,
    "max_new_tokens": 64,
    "dtype": "float32",
    "model_config_dir": null,
    "data_size": 48,
    "batch_size": 24,
    "inference_time": 9.526212821998342,
    "throughput": 322.4786237093092,
    "max_memory_allocated_per_device": [
        4.2453789710998535,
        4.148684024810791
    ]
}