{
    "description": "Pipeline parallel OPT-1.3B benchmark",
    "model_name": "opt-1.3b-pipeline",
    "model_size": 2.6347503662109375,
    "max_prompt_len": 128,
    "max_new_tokens": 96,
    "dtype": "float32",
    "model_config_dir": null,
    "data_size": 48,
    "batch_size": 12,
    "inference_time": 19.35056106399861,
    "throughput": 238.13263009583247,
    "max_memory_allocated_per_device": [
        5.539432048797607,
        5.43001127243042
    ]
}