{
    "description": "Pipeline parallel OPT-1.3B benchmark",
    "model_name": "opt-1.3b-pipeline",
    "model_size": 2.6347503662109375,
    "max_prompt_len": 32,
    "max_new_tokens": 32,
    "dtype": "float32",
    "model_config_dir": null,
    "data_size": 56,
    "batch_size": 14,
    "inference_time": 5.248126288999629,
    "throughput": 341.455197782899,
    "max_memory_allocated_per_device": [
        3.8842358589172363,
        3.8125009536743164
    ]
}