{
    "description": "Pipeline parallel OPT-1.3B benchmark",
    "model_name": "opt-1.3b-pipeline",
    "model_size": 2.6503753662109375,
    "max_prompt_len": 48,
    "max_new_tokens": 128,
    "dtype": "float32",
    "model_config_dir": null,
    "data_size": 16,
    "batch_size": 4,
    "inference_time": 10.19059871799982,
    "throughput": 200.9695462134707,
    "max_memory_allocated_per_device": [
        3.7226152420043945,
        3.665665626525879
    ]
}