{
    "description": "Pipeline parallel OPT-1.3B benchmark",
    "model_name": "opt-1.3b-pipeline",
    "model_size": 2.6347503662109375,
    "max_prompt_len": 96,
    "max_new_tokens": 112,
    "dtype": "float32",
    "model_config_dir": null,
    "data_size": 40,
    "batch_size": 40,
    "inference_time": 15.970845160998579,
    "throughput": 280.51114107225413,
    "max_memory_allocated_per_device": [
        4.872910499572754,
        4.731418609619141
    ]
}