{
    "description": "Pipeline parallel OPT-1.3B benchmark",
    "model_name": "opt-1.3b-pipeline",
    "model_size": 2.6347503662109375,
    "max_prompt_len": 128,
    "max_new_tokens": 80,
    "dtype": "float32",
    "model_config_dir": null,
    "data_size": 16,
    "batch_size": 16,
    "inference_time": 7.048181258000113,
    "throughput": 181.60713425851844,
    "max_memory_allocated_per_device": [
        3.967482089996338,
        3.920590877532959
    ]
}