{
    "description": "Pipeline parallel OPT-1.3B benchmark",
    "model_name": "opt-1.3b-pipeline",
    "model_size": 2.6503753662109375,
    "max_prompt_len": 16,
    "max_new_tokens": 64,
    "dtype": "float32",
    "model_config_dir": null,
    "data_size": 56,
    "batch_size": 7,
    "inference_time": 10.484971461999521,
    "throughput": 341.82258034649135,
    "max_memory_allocated_per_device": [
        4.055085182189941,
        3.971573829650879
    ]
}