{
    "description": "Pipeline parallel OPT-1.3B benchmark",
    "model_name": "opt-1.3b-pipeline",
    "model_size": 2.6347503662109375,
    "max_prompt_len": 64,
    "max_new_tokens": 128,
    "dtype": "float32",
    "model_config_dir": null,
    "data_size": 64,
    "batch_size": 64,
    "inference_time": 20.73566205399402,
    "throughput": 395.06816703844237,
    "max_memory_allocated_per_device": [
        5.696556091308594,
        5.496697425842285
    ]
}