{
    "description": "Pipeline parallel OPT-1.3B benchmark",
    "model_name": "opt-1.3b-pipeline",
    "model_size": 2.6347503662109375,
    "max_prompt_len": 32,
    "max_new_tokens": 64,
    "dtype": "float32",
    "model_config_dir": null,
    "data_size": 8,
    "batch_size": 8,
    "inference_time": 2.2014642859994638,
    "throughput": 232.57247608155143,
    "max_memory_allocated_per_device": [
        3.318302631378174,
        3.290897846221924
    ]
}