{
    "description": "Pipeline parallel OPT-1.3B benchmark",
    "model_name": "opt-1.3b-pipeline",
    "model_size": 2.6503753662109375,
    "max_prompt_len": 96,
    "max_new_tokens": 96,
    "dtype": "float32",
    "model_config_dir": null,
    "data_size": 48,
    "batch_size": 24,
    "inference_time": 16.57333155300148,
    "throughput": 278.0370371076947,
    "max_memory_allocated_per_device": [
        5.027403831481934,
        4.872587203979492
    ]
}