{
    "description": "Pipeline parallel OPT-1.3B benchmark",
    "model_name": "opt-1.3b-pipeline",
    "model_size": 2.6347503662109375,
    "max_prompt_len": 80,
    "max_new_tokens": 32,
    "dtype": "float32",
    "model_config_dir": null,
    "data_size": 8,
    "batch_size": 1,
    "inference_time": 4.579429369001446,
    "throughput": 55.90216146423967,
    "max_memory_allocated_per_device": [
        3.4063029289245605,
        3.3809046745300293
    ]
}}