{
    "description": "Pipeline parallel OPT-1.3B benchmark",
    "model_name": "opt-1.3b-pipeline",
    "model_size": 2.6347503662109375,
    "max_prompt_len": 48,
    "max_new_tokens": 48,
    "dtype": "float32",
    "model_config_dir": null,
    "data_size": 48,
    "batch_size": 48,
    "inference_time": 6.896634197997628,
    "throughput": 334.0760048820546,
    "max_memory_allocated_per_device": [
        4.112570285797119,
        4.028035640716553
    ]
}