{
    "description": "Pipeline parallel OPT-1.3B benchmark",
    "model_name": "opt-1.3b-pipeline",
    "model_size": 2.6503753662109375,
    "max_prompt_len": 64,
    "max_new_tokens": 48,
    "dtype": "float32",
    "model_config_dir": null,
    "data_size": 40,
    "batch_size": 10,
    "inference_time": 6.791833400999167,
    "throughput": 282.6924464486339,
    "max_memory_allocated_per_device": [
        4.150374889373779,
        4.095668315887451
    ]
}