{
    "description": "Pipeline parallel OPT-1.3B benchmark",
    "model_name": "opt-1.3b-pipeline",
    "model_size": 2.6503753662109375,
    "max_prompt_len": 80,
    "max_new_tokens": 112,
    "dtype": "float32",
    "model_config_dir": null,
    "data_size": 24,
    "batch_size": 24,
    "inference_time": 11.227224745998683,
    "throughput": 239.41802723402213,
    "max_memory_allocated_per_device": [
        4.109595775604248,
        4.0246357917785645
    ]
}