{
    "description": "Pipeline parallel OPT-1.3B benchmark",
    "model_name": "opt-1.3b-pipeline",
    "model_size": 2.6347503662109375,
    "max_prompt_len": 80,
    "max_new_tokens": 128,
    "dtype": "float32",
    "model_config_dir": null,
    "data_size": 48,
    "batch_size": 6,
    "inference_time": 22.866307557000255,
    "throughput": 268.6922663260989,
    "max_memory_allocated_per_device": [
        5.182524681091309,
        5.006330490112305
    ]
}