{
    "description": "Pipeline parallel OPT-1.3B benchmark",
    "model_name": "opt-1.3b-pipeline",
    "model_size": 2.6347503662109375,
    "max_prompt_len": 32,
    "max_new_tokens": 48,
    "dtype": "float32",
    "model_config_dir": null,
    "data_size": 32,
    "batch_size": 16,
    "inference_time": 4.8538871579985425,
    "throughput": 316.4474059659343,
    "max_memory_allocated_per_device": [
        3.680805206298828,
        3.6253557205200195
    ]
}