{
    "description": "Pipeline parallel OPT-1.3B benchmark",
    "model_name": "opt-1.3b-pipeline",
    "model_size": 2.6503753662109375,
    "max_prompt_len": 96,
    "max_new_tokens": 48,
    "dtype": "float32",
    "model_config_dir": null,
    "data_size": 8,
    "batch_size": 8,
    "inference_time": 2.4433351589996164,
    "throughput": 157.1622290890385,
    "max_memory_allocated_per_device": [
        3.463517665863037,
        3.4361672401428223
    ]
}}