{
    "description": "Pipeline parallel OPT-1.3B benchmark",
    "model_name": "opt-1.3b-pipeline",
    "model_size": 2.6503753662109375,
    "max_prompt_len": 96,
    "max_new_tokens": 32,
    "dtype": "float32",
    "model_config_dir": null,
    "data_size": 8,
    "batch_size": 1,
    "inference_time": 4.650952422000046,
    "throughput": 55.04248953161996,
    "max_memory_allocated_per_device": [
        3.455787181854248,
        3.428435802459717
    ]
}}