{
    "description": "Pipeline parallel OPT-1.3B benchmark",
    "model_name": "opt-1.3b-pipeline",
    "model_size": 2.6347503662109375,
    "max_prompt_len": 128,
    "max_new_tokens": 128,
    "dtype": "float32",
    "model_config_dir": null,
    "data_size": 32,
    "batch_size": 16,
    "inference_time": 16.29813407900292,
    "throughput": 251.3171127532277,
    "max_memory_allocated_per_device": [
        4.819602966308594,
        4.680413246154785
    ]
}