{
    "description": "Pipeline parallel OPT-1.3B benchmark",
    "model_name": "opt-1.3b-pipeline",
    "model_size": 2.6503753662109375,
    "max_prompt_len": 80,
    "max_new_tokens": 128,
    "dtype": "float32",
    "model_config_dir": null,
    "data_size": 8,
    "batch_size": 8,
    "inference_time": 4.9598545389999344,
    "throughput": 206.4576676489531,
    "max_memory_allocated_per_device": [
        3.501898765563965,
        3.461001396179199
    ]
}