{
    "description": "Pipeline parallel OPT-1.3B benchmark",
    "model_name": "opt-1.3b-pipeline",
    "model_size": 2.6503753662109375,
    "max_prompt_len": 64,
    "max_new_tokens": 112,
    "dtype": "float32",
    "model_config_dir": null,
    "data_size": 24,
    "batch_size": 3,
    "inference_time": 15.680617744998017,
    "throughput": 171.4218179227951,
    "max_memory_allocated_per_device": [
        4.001735210418701,
        3.9203295707702637
    ]
}