{
    "description": "Pipeline parallel OPT-1.3B benchmark",
    "model_name": "opt-1.3b-pipeline",
    "model_size": 2.6347503662109375,
    "max_prompt_len": 16,
    "max_new_tokens": 64,
    "dtype": "float32",
    "model_config_dir": null,
    "data_size": 32,
    "batch_size": 4,
    "inference_time": 9.00190938599917,
    "throughput": 227.5072889741915,
    "max_memory_allocated_per_device": [
        3.6756043434143066,
        3.621382236480713
    ]
}