{
    "description": "Pipeline parallel OPT-6.7B benchmark",
    "model_name": "opt-6.7b",
    "model_size": 3.0092544555664062,
    "max_prompt_len": 128,
    "max_new_tokens": 384,
    "dtype": "float16",
    "model_config_dir": null,
    "data_size": 48,
    "batch_size": 24,
    "inference_time": 51.835496601999694,
    "throughput": 355.58644574245164,
    "max_memory_allocated_per_device": [
        6.408991813659668,
        7.510004997253418,
        7.510004997253418,
        6.018689155578613
    ]
}