{
    "description": "Pipeline parallel OPT-1.3B benchmark",
    "model_name": "opt-1.3b-pipeline",
    "model_size": 2.6503753662109375,
    "max_prompt_len": 64,
    "max_new_tokens": 80,
    "dtype": "float32",
    "model_config_dir": null,
    "data_size": 64,
    "batch_size": 32,
    "inference_time": 14.443312784998852,
    "throughput": 354.4893111584308,
    "max_memory_allocated_per_device": [
        5.027007102966309,
        4.870820999145508
    ]
}