{
    "description": "Pipeline parallel OPT-6.7B benchmark",
    "model_name": "opt-6.7b",
    "model_size": 3.0248794555664062,
    "max_prompt_len": 128,
    "max_new_tokens": 256,
    "dtype": "float16",
    "model_config_dir": null,
    "data_size": 16,
    "batch_size": 16,
    "inference_time": 19.73384484999997,
    "throughput": 207.5621872541481,
    "max_memory_allocated_per_device": [
        3.965512752532959,
        4.504025936126709,
        4.504270076751709,
        3.856889247894287
    ]
}