{
    "description": "Pipeline parallel OPT-1.3B benchmark",
    "model_name": "opt-1.3b-pipeline",
    "model_size": 2.6347503662109375,
    "max_prompt_len": 64,
    "max_new_tokens": 48,
    "dtype": "float32",
    "model_config_dir": null,
    "data_size": 48,
    "batch_size": 24,
    "inference_time": 8.154154782998376,
    "throughput": 282.55534280559647,
    "max_memory_allocated_per_device": [
        4.35467004776001,
        4.292147159576416
    ]
}