{
    "description": "Pipeline parallel OPT-1.3B benchmark",
    "model_name": "opt-1.3b-pipeline",
    "model_size": 2.6347503662109375,
    "max_prompt_len": 96,
    "max_new_tokens": 48,
    "dtype": "float32",
    "model_config_dir": null,
    "data_size": 32,
    "batch_size": 4,
    "inference_time": 8.6549769129997,
    "throughput": 177.47014410783018,
    "max_memory_allocated_per_device": [
        4.350522518157959,
        4.286168575286865
    ]
}