{
    "description": "Pipeline parallel OPT-1.3B benchmark",
    "model_name": "opt-1.3b-pipeline",
    "model_size": 2.6347503662109375,
    "max_prompt_len": 112,
    "max_new_tokens": 112,
    "dtype": "float32",
    "model_config_dir": null,
    "data_size": 32,
    "batch_size": 16,
    "inference_time": 13.798914798000624,
    "throughput": 259.7305695748842,
    "max_memory_allocated_per_device": [
        4.613058090209961,
        4.488373756408691
    ]
}