{
    "description": "Pipeline parallel OPT-1.3B benchmark",
    "model_name": "opt-1.3b-pipeline",
    "model_size": 2.6503753662109375,
    "max_prompt_len": 112,
    "max_new_tokens": 80,
    "dtype": "float32",
    "model_config_dir": null,
    "data_size": 8,
    "batch_size": 8,
    "inference_time": 3.7650697250010126,
    "throughput": 169.98357181813623,
    "max_memory_allocated_per_device": [
        3.5133275985717773,
        3.484023094177246
    ]
}