{
    "description": "Pipeline parallel OPT-1.3B benchmark",
    "model_name": "opt-1.3b-pipeline",
    "model_size": 2.6347503662109375,
    "max_prompt_len": 48,
    "max_new_tokens": 80,
    "dtype": "float32",
    "model_config_dir": null,
    "data_size": 32,
    "batch_size": 16,
    "inference_time": 8.152956597998127,
    "throughput": 313.9965200634799,
    "max_memory_allocated_per_device": [
        3.989375114440918,
        3.912064552307129
    ]
}