{
    "description": "Pipeline parallel OPT-1.3B benchmark",
    "model_name": "opt-1.3b-pipeline",
    "model_size": 2.6503753662109375,
    "max_prompt_len": 32,
    "max_new_tokens": 96,
    "dtype": "float32",
    "model_config_dir": null,
    "data_size": 64,
    "batch_size": 16,
    "inference_time": 15.544697414996335,
    "throughput": 395.2473204189062,
    "max_memory_allocated_per_device": [
        4.808377265930176,
        4.6692047119140625
    ]
}