{
    "description": "Pipeline parallel OPT-1.3B benchmark",
    "model_name": "opt-1.3b-pipeline",
    "model_size": 2.6347503662109375,
    "max_prompt_len": 112,
    "max_new_tokens": 16,
    "dtype": "float32",
    "model_config_dir": null,
    "data_size": 64,
    "batch_size": 64,
    "inference_time": 10.452580463999766,
    "throughput": 97.96623939196714,
    "max_memory_allocated_per_device": [
        6.00547456741333,
        5.867539882659912
    ]
}