{
    "description": "Pipeline parallel OPT-1.3B benchmark",
    "model_name": "opt-1.3b-pipeline",
    "model_size": 2.6503753662109375,
    "max_prompt_len": 32,
    "max_new_tokens": 48,
    "dtype": "float32",
    "model_config_dir": null,
    "data_size": 8,
    "batch_size": 8,
    "inference_time": 1.6896185410005273,
    "throughput": 227.27023329929247,
    "max_memory_allocated_per_device": [
        3.2931652069091797,
        3.267423629760742
    ]
}