{
    "description": "Pipeline parallel OPT-6.7B benchmark",
    "model_name": "opt-6.7b",
    "model_size": 3.3758926391601562,
    "max_prompt_len": 384,
    "max_new_tokens": 256,
    "dtype": "float16",
    "model_config_dir": null,
    "data_size": 48,
    "batch_size": 24,
    "inference_time": 46.76454066400038,
    "throughput": 262.76319248569837,
    "max_memory_allocated_per_device": [
        7.4093451499938965,
        8.46509075164795,
        8.46509075164795,
        7.060312747955322
    ]
}