{
    "description": "Pipeline parallel OPT-1.3B benchmark",
    "model_name": "opt-1.3b-pipeline",
    "model_size": 2.6347503662109375,
    "max_prompt_len": 112,
    "max_new_tokens": 80,
    "dtype": "float32",
    "model_config_dir": null,
    "data_size": 56,
    "batch_size": 7,
    "inference_time": 17.804052083003626,
    "throughput": 251.62811134869492,
    "max_memory_allocated_per_device": [
        5.58307409286499,
        5.4716925621032715
    ]
}