{
    "description": "Pipeline parallel OPT-1.3B benchmark",
    "model_name": "opt-1.3b-pipeline",
    "model_size": 2.6503753662109375,
    "max_prompt_len": 96,
    "max_new_tokens": 96,
    "dtype": "float32",
    "model_config_dir": null,
    "data_size": 48,
    "batch_size": 6,
    "inference_time": 18.238883951999014,
    "throughput": 252.6470376217814,
    "max_memory_allocated_per_device": [
        5.005739688873291,
        4.853757381439209
    ]
}