{
    "description": "Pipeline parallel OPT-1.3B benchmark",
    "model_name": "opt-1.3b-pipeline",
    "model_size": 2.6347503662109375,
    "max_prompt_len": 96,
    "max_new_tokens": 96,
    "dtype": "float32",
    "model_config_dir": null,
    "data_size": 40,
    "batch_size": 10,
    "inference_time": 13.342721558001358,
    "throughput": 287.79735703149936,
    "max_memory_allocated_per_device": [
        4.701254844665527,
        4.572219371795654
    ]
}