{
    "description": "Pipeline parallel OPT-1.3B benchmark",
    "model_name": "opt-1.3b-pipeline",
    "model_size": 2.6503753662109375,
    "max_prompt_len": 16,
    "max_new_tokens": 80,
    "dtype": "float32",
    "model_config_dir": null,
    "data_size": 8,
    "batch_size": 8,
    "inference_time": 2.48232710999946,
    "throughput": 257.82258809562745,
    "max_memory_allocated_per_device": [
        3.3179173469543457,
        3.290741443634033
    ]
}