{
    "description": "Pipeline parallel OPT-1.3B benchmark",
    "model_name": "opt-1.3b-pipeline",
    "model_size": 2.6347503662109375,
    "max_prompt_len": 32,
    "max_new_tokens": 128,
    "dtype": "float32",
    "model_config_dir": null,
    "data_size": 8,
    "batch_size": 1,
    "inference_time": 16.72202481200111,
    "throughput": 61.23660331284121,
    "max_memory_allocated_per_device": [
        3.4974594116210938,
        3.4648361206054688
    ]
}