{
    "description": "Pipeline parallel OPT-6.7B benchmark",
    "model_name": "opt-6.7b",
    "model_size": 3.3758926391601562,
    "max_prompt_len": 128,
    "max_new_tokens": 128,
    "dtype": "float16",
    "model_config_dir": null,
    "data_size": 48,
    "batch_size": 48,
    "inference_time": 16.588075063998986,
    "throughput": 370.38655638436865,
    "max_memory_allocated_per_device": [
        4.90767240524292,
        5.63331937789917,
        5.63331937789917,
        4.705845355987549
    ]
}