{
    "description": "Pipeline parallel OPT-1.3B benchmark",
    "model_name": "opt-1.3b-pipeline",
    "model_size": 2.6503753662109375,
    "max_prompt_len": 96,
    "max_new_tokens": 112,
    "dtype": "float32",
    "model_config_dir": null,
    "data_size": 16,
    "batch_size": 2,
    "inference_time": 15.529970368999784,
    "throughput": 115.38978873888313,
    "max_memory_allocated_per_device": [
        3.8407487869262695,
        3.777127265930176
    ]
}