{
    "description": "Pipeline parallel OPT-1.3B benchmark",
    "model_name": "opt-1.3b-pipeline",
    "model_size": 2.6503753662109375,
    "max_prompt_len": 112,
    "max_new_tokens": 16,
    "dtype": "float32",
    "model_config_dir": null,
    "data_size": 16,
    "batch_size": 8,
    "inference_time": 2.3940698799997335,
    "throughput": 106.93088039686982,
    "max_memory_allocated_per_device": [
        3.8564724922180176,
        3.813490390777588
    ]
}