{
    "description": "Pipeline parallel OPT-1.3B benchmark",
    "model_name": "opt-1.3b-pipeline",
    "model_size": 2.6503753662109375,
    "max_prompt_len": 64,
    "max_new_tokens": 16,
    "dtype": "float32",
    "model_config_dir": null,
    "data_size": 48,
    "batch_size": 6,
    "inference_time": 4.330691730996477,
    "throughput": 177.33887510466735,
    "max_memory_allocated_per_device": [
        4.351498126983643,
        4.286168575286865
    ]
}