{
    "description": "Pipeline parallel OPT-1.3B benchmark",
    "model_name": "opt-1.3b-pipeline",
    "model_size": 2.6503753662109375,
    "max_prompt_len": 16,
    "max_new_tokens": 96,
    "dtype": "float32",
    "model_config_dir": null,
    "data_size": 40,
    "batch_size": 5,
    "inference_time": 14.647993864000455,
    "throughput": 262.1519394159053,
    "max_memory_allocated_per_device": [
        4.053037643432617,
        3.9675893783569336
    ]
}