{
    "description": "Pipeline parallel OPT-1.3B benchmark",
    "model_name": "opt-1.3b-pipeline",
    "model_size": 2.6503753662109375,
    "max_prompt_len": 48,
    "max_new_tokens": 32,
    "dtype": "float32",
    "model_config_dir": null,
    "data_size": 64,
    "batch_size": 32,
    "inference_time": 6.558928501995979,
    "throughput": 312.24612364302544,
    "max_memory_allocated_per_device": [
        4.35467004776001,
        4.292147159576416
    ]
}