{
    "description": "Pipeline parallel OPT-1.3B benchmark",
    "model_name": "opt-1.3b-pipeline",
    "model_size": 2.6503753662109375,
    "max_prompt_len": 64,
    "max_new_tokens": 48,
    "dtype": "float32",
    "model_config_dir": null,
    "data_size": 24,
    "batch_size": 24,
    "inference_time": 5.242576761000237,
    "throughput": 219.73927183475493,
    "max_memory_allocated_per_device": [
        3.767998218536377,
        3.7289233207702637
    ]
}