{
    "description": "Pipeline parallel OPT-1.3B benchmark",
    "model_name": "opt-1.3b-pipeline",
    "model_size": 2.6503753662109375,
    "max_prompt_len": 64,
    "max_new_tokens": 32,
    "dtype": "float32",
    "model_config_dir": null,
    "data_size": 56,
    "batch_size": 28,
    "inference_time": 6.843917249003425,
    "throughput": 261.8383499977212,
    "max_memory_allocated_per_device": [
        4.554754734039307,
        4.484415531158447
    ]
}