{
    "description": "Pipeline parallel OPT-1.3B benchmark",
    "model_name": "opt-1.3b-pipeline",
    "model_size": 2.6503753662109375,
    "max_prompt_len": 16,
    "max_new_tokens": 16,
    "dtype": "float32",
    "model_config_dir": null,
    "data_size": 48,
    "batch_size": 12,
    "inference_time": 2.7068346090018167,
    "throughput": 283.7262378151766,
    "max_memory_allocated_per_device": [
        3.472433090209961,
        3.4327573776245117
    ]
}