{
    "description": "Pipeline parallel OPT-1.3B benchmark",
    "model_name": "opt-1.3b",
    "model_size": 2.6503753662109375,
    "dtype": "float32",
    "max_prompt_len": 320,
    "max_new_tokens": 1,
    "model_config_dir": null,
    "data_size": 24,
    "batch_size": 6,
    "inference_time": 5.4985261679998985,
    "throughput": 4.36480599831901,
    "max_memory_allocated_per_device": [
        6.162086009979248,
        5.767497539520264
    ]
}