{
    "description": "Pipeline parallel OPT-1.3B benchmark",
    "model_name": "opt-1.3b-pipeline",
    "model_size": 2.6503753662109375,
    "max_prompt_len": 32,
    "max_new_tokens": 112,
    "dtype": "float32",
    "model_config_dir": null,
    "data_size": 8,
    "batch_size": 4,
    "inference_time": 5.011561524999706,
    "throughput": 178.7865908720042,
    "max_memory_allocated_per_device": [
        3.3920087814331055,
        3.3587751388549805
    ]
}}