{
    "description": "Pipeline parallel OPT-6.7B benchmark",
    "model_name": "opt-6.7b",
    "model_size": 3.3758926391601562,
    "max_prompt_len": 384,
    "max_new_tokens": 512,
    "dtype": "float16",
    "model_config_dir": null,
    "data_size": 32,
    "batch_size": 8,
    "inference_time": 82.87232299599964,
    "throughput": 197.70171038635996,
    "max_memory_allocated_per_device": [
        6.867766380310059,
        8.093596458435059,
        8.093413352966309,
        6.413210868835449
    ]
}