{
    "description": "Pipeline parallel OPT-1.3B benchmark",
    "model_name": "opt-1.3b-pipeline",
    "model_size": 2.6347503662109375,
    "max_prompt_len": 80,
    "max_new_tokens": 64,
    "dtype": "float32",
    "model_config_dir": null,
    "data_size": 8,
    "batch_size": 2,
    "inference_time": 4.9234157700011565,
    "throughput": 103.99284235137422,
    "max_memory_allocated_per_device": [
        3.406907558441162,
        3.382730007171631
    ]
}