{
    "description": "Pipeline parallel OPT-1.3B benchmark",
    "model_name": "opt-1.3b-pipeline",
    "model_size": 2.6347503662109375,
    "max_prompt_len": 96,
    "max_new_tokens": 80,
    "dtype": "float32",
    "model_config_dir": null,
    "data_size": 56,
    "batch_size": 7,
    "inference_time": 23.820513355000003,
    "throughput": 188.0731927660003,
    "max_memory_allocated_per_device": [
        5.261075496673584,
        5.1633734703063965
    ]
}