{
    "description": "Pipeline parallel OPT-1.3B benchmark",
    "model_name": "opt-1.3b-pipeline",
    "model_size": 2.6503753662109375,
    "max_prompt_len": 64,
    "max_new_tokens": 128,
    "dtype": "float32",
    "model_config_dir": null,
    "data_size": 16,
    "batch_size": 4,
    "inference_time": 10.182110198002192,
    "throughput": 201.1370884987901,
    "max_memory_allocated_per_device": [
        3.7741336822509766,
        3.711202621459961
    ]
}