{
    "description": "Pipeline parallel OPT-1.3B benchmark",
    "model_name": "opt-1.3b-pipeline",
    "model_size": 2.6503753662109375,
    "max_prompt_len": 80,
    "max_new_tokens": 128,
    "dtype": "float32",
    "model_config_dir": null,
    "data_size": 16,
    "batch_size": 4,
    "inference_time": 10.422651558001235,
    "throughput": 196.4951038229611,
    "max_memory_allocated_per_device": [
        3.8316073417663574,
        3.766719341278076
    ]
}