{
    "description": "Pipeline parallel OPT-1.3B benchmark",
    "model_name": "opt-1.3b-pipeline",
    "model_size": 2.6503753662109375,
    "max_prompt_len": 32,
    "max_new_tokens": 128,
    "dtype": "float32",
    "model_config_dir": null,
    "data_size": 8,
    "batch_size": 4,
    "inference_time": 5.682012724000742,
    "throughput": 180.21782944530173,
    "max_memory_allocated_per_device": [
        3.419140338897705,
        3.38431978225708
    ]
}