{
    "description": "Pipeline parallel OPT-1.3B benchmark",
    "model_name": "opt-1.3b-pipeline",
    "model_size": 2.6503753662109375,
    "max_prompt_len": 112,
    "max_new_tokens": 128,
    "dtype": "float32",
    "model_config_dir": null,
    "data_size": 8,
    "batch_size": 8,
    "inference_time": 5.35198345200115,
    "throughput": 191.3309353781948,
    "max_memory_allocated_per_device": [
        3.5546436309814453,
        3.509838104248047
    ]
}
}