{
    "description": "Pipeline parallel OPT-1.3B benchmark",
    "model_name": "opt-1.3b-pipeline",
    "model_size": 2.6503753662109375,
    "max_prompt_len": 96,
    "max_new_tokens": 96,
    "dtype": "float32",
    "model_config_dir": null,
    "data_size": 24,
    "batch_size": 3,
    "inference_time": 14.247811830999126,
    "throughput": 161.7090418745678,
    "max_memory_allocated_per_device": [
        4.0783867835998535,
        4.006009578704834
    ]
}