{
    "description": "Pipeline parallel OPT-1.3B benchmark",
    "model_name": "opt-1.3b-pipeline",
    "model_size": 2.6347503662109375,
    "max_prompt_len": 64,
    "max_new_tokens": 16,
    "dtype": "float32",
    "model_config_dir": null,
    "data_size": 24,
    "batch_size": 24,
    "inference_time": 2.6245208569998795,
    "throughput": 146.31242078942932,
    "max_memory_allocated_per_device": [
        3.9968018531799316,
        3.9161057472229004
    ]
}