{
    "description": "Pipeline parallel OPT-1.3B benchmark",
    "model_name": "opt-1.3b-pipeline",
    "model_size": 2.6347503662109375,
    "max_prompt_len": 64,
    "max_new_tokens": 64,
    "dtype": "float32",
    "model_config_dir": null,
    "data_size": 32,
    "batch_size": 8,
    "inference_time": 7.1588783469997,
    "throughput": 286.0783352825546,
    "max_memory_allocated_per_device": [
        3.9829912185668945,
        3.9054670333862305
    ]
}