{
    "description": "Pipeline parallel OPT-1.3B benchmark",
    "model_name": "opt-1.3b-pipeline",
    "model_size": 2.6347503662109375,
    "max_prompt_len": 128,
    "max_new_tokens": 64,
    "dtype": "float32",
    "model_config_dir": null,
    "data_size": 64,
    "batch_size": 64,
    "inference_time": 17.210003725000206,
    "throughput": 238.0011106011513,
    "max_memory_allocated_per_device": [
        6.366581439971924,
        6.001729488372803
    ]
}