{
    "description": "Pipeline parallel OPT-1.3B benchmark",
    "model_name": "opt-1.3b",
    "model_size": 2.6503753662109375,
    "dtype": "float32",
    "max_prompt_len": 320,
    "max_new_tokens": 1,
    "model_config_dir": null,
    "data_size": 16,
    "batch_size": 4,
    "inference_time": 3.5652893280000626,
    "throughput": 4.487714327794863,
    "max_memory_allocated_per_device": [
        5.144633769989014,
        4.796939373016357
    ]
}