{
    "description": "Pipeline parallel OPT-1.3B benchmark",
    "model_name": "opt-1.3b-pipeline",
    "model_size": 2.6347503662109375,
    "max_prompt_len": 16,
    "max_new_tokens": 48,
    "dtype": "float32",
    "model_config_dir": null,
    "data_size": 24,
    "batch_size": 3,
    "inference_time": 6.461280463998264,
    "throughput": 178.29283319596658,
    "max_memory_allocated_per_device": [
        3.498990058898926,
        3.4663286209106445
    ]
}