{
    "description": "Pipeline parallel OPT-1.3B benchmark",
    "model_name": "opt-1.3b-pipeline",
    "model_size": 2.6503753662109375,
    "max_prompt_len": 128,
    "max_new_tokens": 112,
    "dtype": "float32",
    "model_config_dir": null,
    "data_size": 32,
    "batch_size": 32,
    "inference_time": 15.336363698999776,
    "throughput": 233.69294510365228,
    "max_memory_allocated_per_device": [
        4.777258396148682,
        4.69910192489624
    ]
}