{
    "description": "Pipeline parallel OPT-1.3B benchmark",
    "model_name": "opt-1.3b",
    "model_size": 2.6503753662109375,
    "dtype": "float32",
    "max_prompt_len": 320,
    "max_new_tokens": 1,
    "model_config_dir": null,
    "data_size": 16,
    "batch_size": 8,
    "inference_time": 4.736784725999996,
    "throughput": 3.377818694646756,
    "max_memory_allocated_per_device": [
        5.152323246002197,
        4.804628849029541
    ]
}