{
    "description": "Pipeline parallel OPT-1.3B benchmark",
    "model_name": "opt-1.3b-pipeline",
    "model_size": 2.6347503662109375,
    "max_prompt_len": 96,
    "max_new_tokens": 128,
    "dtype": "float32",
    "model_config_dir": null,
    "data_size": 8,
    "batch_size": 2,
    "inference_time": 9.552101634999417,
    "throughput": 107.2015394233253,
    "max_memory_allocated_per_device": [
        3.5200138092041016,
        3.4759578704833984
    ]
}