{
    "description": "Pipeline parallel OPT-1.3B benchmark",
    "model_name": "opt-1.3b-pipeline",
    "model_size": 2.6503753662109375,
    "max_prompt_len": 64,
    "max_new_tokens": 80,
    "dtype": "float32",
    "model_config_dir": null,
    "data_size": 64,
    "batch_size": 8,
    "inference_time": 15.993975453995517,
    "throughput": 320.12053630612223,
    "max_memory_allocated_per_device": [
        4.998703479766846,
        4.8435282707214355
    ]
}