{
    "description": "Pipeline parallel OPT-1.3B benchmark",
    "model_name": "opt-1.3b-pipeline",
    "model_size": 2.6347503662109375,
    "max_prompt_len": 16,
    "max_new_tokens": 64,
    "dtype": "float32",
    "model_config_dir": null,
    "data_size": 24,
    "batch_size": 12,
    "inference_time": 5.323130330001732,
    "throughput": 288.55201822561804,
    "max_memory_allocated_per_device": [
        3.5484704971313477,
        3.50394344329834
    ]
}