{
    "description": "Pipeline parallel OPT-6.7B benchmark",
    "model_name": "opt-6.7b",
    "model_size": 3.3758926391601562,
    "max_prompt_len": 128,
    "max_new_tokens": 256,
    "dtype": "float16",
    "model_config_dir": null,
    "data_size": 48,
    "batch_size": 48,
    "inference_time": 35.28338957999949,
    "throughput": 348.26585955237965,
    "max_memory_allocated_per_device": [
        5.703708171844482,
        6.617587566375732,
        6.617587566375732,
        5.408009052276611
    ]
}