{
    "description": "Pipeline parallel OPT-1.3B benchmark",
    "model_name": "opt-1.3b-pipeline",
    "model_size": 2.6347503662109375,
    "max_prompt_len": 64,
    "max_new_tokens": 32,
    "dtype": "float32",
    "model_config_dir": null,
    "data_size": 8,
    "batch_size": 4,
    "inference_time": 1.7379529669997282,
    "throughput": 147.29972839365107,
    "max_memory_allocated_per_device": [
        3.360039234161377,
        3.3365979194641113
    ]
}