{
    "description": "Pipeline parallel OPT-1.3B benchmark",
    "model_name": "opt-1.3b-pipeline",
    "model_size": 2.6503753662109375,
    "max_prompt_len": 16,
    "max_new_tokens": 64,
    "dtype": "float32",
    "model_config_dir": null,
    "data_size": 16,
    "batch_size": 2,
    "inference_time": 8.124635385000147,
    "throughput": 126.03642520260391,
    "max_memory_allocated_per_device": [
        3.498063087463379,
        3.4487991333007812
    ]
}