{
    "description": "Pipeline parallel OPT-1.3B benchmark",
    "model_name": "opt-1.3b-pipeline",
    "model_size": 2.6503753662109375,
    "max_prompt_len": 112,
    "max_new_tokens": 16,
    "dtype": "float32",
    "model_config_dir": null,
    "data_size": 40,
    "batch_size": 40,
    "inference_time": 6.820737560003181,
    "throughput": 93.83149466898732,
    "max_memory_allocated_per_device": [
        4.94097375869751,
        4.855242729187012
    ]
}