{
    "description": "Pipeline parallel OPT-1.3B benchmark",
    "model_name": "opt-1.3b-pipeline",
    "model_size": 2.6503753662109375,
    "max_prompt_len": 16,
    "max_new_tokens": 112,
    "dtype": "float32",
    "model_config_dir": null,
    "data_size": 48,
    "batch_size": 12,
    "inference_time": 16.063093249002122,
    "throughput": 334.6802459939632,
    "max_memory_allocated_per_device": [
        4.395008563995361,
        4.284417629241943
    ]
}