{
    "description": "Pipeline parallel OPT-1.3B benchmark",
    "model_name": "opt-1.3b-pipeline",
    "model_size": 2.6503753662109375,
    "max_prompt_len": 16,
    "max_new_tokens": 128,
    "dtype": "float32",
    "model_config_dir": null,
    "data_size": 32,
    "batch_size": 4,
    "inference_time": 17.53837306599962,
    "throughput": 233.54503776297355,
    "max_memory_allocated_per_device": [
        4.080338954925537,
        3.991654872894287
    ]
}