{
    "description": "Pipeline parallel OPT-1.3B benchmark",
    "model_name": "opt-1.3b-pipeline",
    "model_size": 2.6503753662109375,
    "max_prompt_len": 48,
    "max_new_tokens": 128,
    "dtype": "float32",
    "model_config_dir": null,
    "data_size": 32,
    "batch_size": 8,
    "inference_time": 12.76924758899986,
    "throughput": 320.7706618147589,
    "max_memory_allocated_per_device": [
        4.287547588348389,
        4.187930583953857
    ]
}