{
    "description": "Pipeline parallel OPT-1.3B benchmark",
    "model_name": "opt-1.3b-pipeline",
    "model_size": 2.6503753662109375,
    "max_prompt_len": 80,
    "max_new_tokens": 48,
    "dtype": "float32",
    "model_config_dir": null,
    "data_size": 16,
    "batch_size": 2,
    "inference_time": 7.123357729000418,
    "throughput": 107.81432425797452,
    "max_memory_allocated_per_device": [
        3.653073787689209,
        3.6197333335876465
    ]
}