{
    "description": "Pipeline parallel OPT-1.3B benchmark",
    "model_name": "opt-1.3b-pipeline",
    "model_size": 2.6347503662109375,
    "max_prompt_len": 32,
    "max_new_tokens": 48,
    "dtype": "float32",
    "model_config_dir": null,
    "data_size": 64,
    "batch_size": 32,
    "inference_time": 7.485666865002713,
    "throughput": 410.3842791030865,
    "max_memory_allocated_per_device": [
        4.1989593505859375,
        4.106325149536133
    ]
}