{
    "description": "Pipeline parallel OPT-6.7B benchmark",
    "model_name": "opt-6.7b",
    "model_size": 3.3758926391601562,
    "max_prompt_len": 128,
    "max_new_tokens": 384,
    "dtype": "float16",
    "model_config_dir": null,
    "data_size": 48,
    "batch_size": 48,
    "inference_time": 58.27258995900047,
    "throughput": 316.30651757487385,
    "max_memory_allocated_per_device": [
        6.503039836883545,
        7.604419231414795,
        7.604419231414795,
        6.113834857940674
    ]
}