{
    "description": "Pipeline parallel OPT-1.3B benchmark",
    "model_name": "opt-1.3b-pipeline",
    "model_size": 2.6347503662109375,
    "max_prompt_len": 112,
    "max_new_tokens": 32,
    "dtype": "float32",
    "model_config_dir": null,
    "data_size": 64,
    "batch_size": 64,
    "inference_time": 12.439109016995644,
    "throughput": 164.6420171414048,
    "max_memory_allocated_per_device": [
        5.992594242095947,
        5.867539882659912
    ]
}