{
    "description": "Pipeline parallel OPT-1.3B benchmark",
    "model_name": "opt-1.3b-pipeline",
    "model_size": 2.6503753662109375,
    "max_prompt_len": 80,
    "max_new_tokens": 128,
    "dtype": "float32",
    "model_config_dir": null,
    "data_size": 24,
    "batch_size": 6,
    "inference_time": 12.402598946999206,
    "throughput": 247.69002151305287,
    "max_memory_allocated_per_device": [
        4.176018714904785,
        4.079805850982666
    ]
}