{
    "description": "Pipeline parallel OPT-1.3B benchmark",
    "model_name": "opt-1.3b-pipeline",
    "model_size": 2.6347503662109375,
    "max_prompt_len": 32,
    "max_new_tokens": 64,
    "dtype": "float32",
    "model_config_dir": null,
    "data_size": 16,
    "batch_size": 2,
    "inference_time": 8.56429910999941,
    "throughput": 119.56611823662362,
    "max_memory_allocated_per_device": [
        3.494497299194336,
        3.4606714248657227
    ]
}