{
    "description": "Pipeline parallel OPT-1.3B benchmark",
    "model_name": "opt-1.3b-pipeline",
    "model_size": 2.6347503662109375,
    "max_prompt_len": 48,
    "max_new_tokens": 32,
    "dtype": "float32",
    "model_config_dir": null,
    "data_size": 32,
    "batch_size": 4,
    "inference_time": 5.1608790650025185,
    "throughput": 198.41581000106234,
    "max_memory_allocated_per_device": [
        3.773526668548584,
        3.726879596710205
    ]
}