{
    "description": "Pipeline parallel OPT-1.3B benchmark",
    "model_name": "opt-1.3b-pipeline",
    "model_size": 2.6347503662109375,
    "max_prompt_len": 96,
    "max_new_tokens": 128,
    "dtype": "float32",
    "model_config_dir": null,
    "data_size": 24,
    "batch_size": 12,
    "inference_time": 13.221905710997817,
    "throughput": 232.34169620834223,
    "max_memory_allocated_per_device": [
        4.246001720428467,
        4.148126125335693
    ]
}