{
    "description": "Pipeline parallel OPT-6.7B benchmark",
    "model_name": "opt-6.7b",
    "model_size": 3.0248794555664062,
    "max_prompt_len": 128,
    "max_new_tokens": 128,
    "dtype": "float16",
    "model_config_dir": null,
    "data_size": 32,
    "batch_size": 32,
    "inference_time": 13.187711900999602,
    "throughput": 310.59216570309906,
    "max_memory_allocated_per_device": [
        4.376389026641846,
        4.976669788360596,
        4.976669788360596,
        4.236588954925537
    ]
}