{
    "description": "Pipeline parallel OPT-1.3B benchmark",
    "model_name": "opt-1.3b-pipeline",
    "model_size": 2.6347503662109375,
    "max_prompt_len": 16,
    "max_new_tokens": 96,
    "dtype": "float32",
    "model_config_dir": null,
    "data_size": 8,
    "batch_size": 4,
    "inference_time": 3.976599976000216,
    "throughput": 193.1298105504888,
    "max_memory_allocated_per_device": [
        3.340764045715332,
        3.311467170715332
    ]
}
}