{
    "description": "Pipeline parallel OPT-1.3B benchmark",
    "model_name": "opt-1.3b-pipeline",
    "model_size": 2.6503753662109375,
    "max_prompt_len": 96,
    "max_new_tokens": 80,
    "dtype": "float32",
    "model_config_dir": null,
    "data_size": 56,
    "batch_size": 28,
    "inference_time": 16.043425686002593,
    "throughput": 279.242107495076,
    "max_memory_allocated_per_device": [
        5.266708850860596,
        5.168035984039307
    ]
}