{
    "description": "Pipeline parallel OPT-1.3B benchmark",
    "model_name": "opt-1.3b-pipeline",
    "model_size": 2.6503753662109375,
    "max_prompt_len": 96,
    "max_new_tokens": 32,
    "dtype": "float32",
    "model_config_dir": null,
    "data_size": 24,
    "batch_size": 12,
    "inference_time": 4.539705236002192,
    "throughput": 169.1739793829269,
    "max_memory_allocated_per_device": [
        4.0555500984191895,
        4.004751682281494
    ]
}