{
    "description": "Pipeline parallel OPT-1.3B benchmark",
    "model_name": "opt-1.3b-pipeline",
    "model_size": 2.6503753662109375,
    "max_prompt_len": 48,
    "max_new_tokens": 32,
    "dtype": "float32",
    "model_config_dir": null,
    "data_size": 40,
    "batch_size": 10,
    "inference_time": 4.7844764879992,
    "throughput": 267.5318821631994,
    "max_memory_allocated_per_device": [
        3.9221062660217285,
        3.876924991607666
    ]
}