{
    "description": "Pipeline parallel OPT-1.3B benchmark",
    "model_name": "opt-1.3b-pipeline",
    "model_size": 2.6347503662109375,
    "max_prompt_len": 48,
    "max_new_tokens": 112,
    "dtype": "float32",
    "model_config_dir": null,
    "data_size": 8,
    "batch_size": 2,
    "inference_time": 8.11487096000019,
    "throughput": 110.41457152141568,
    "max_memory_allocated_per_device": [
        3.4174461364746094,
        3.3820152282714844
    ]
}}