{
    "description": "Pipeline parallel OPT-1.3B benchmark",
    "model_name": "opt-1.3b-pipeline",
    "model_size": 2.6503753662109375,
    "max_prompt_len": 64,
    "max_new_tokens": 112,
    "dtype": "float32",
    "model_config_dir": null,
    "data_size": 8,
    "batch_size": 2,
    "inference_time": 8.187858630000846,
    "throughput": 109.4303212218391,
    "max_memory_allocated_per_device": [
        3.449035167694092,
        3.410583972930908
    ]
}}