{
    "description": "Pipeline parallel OPT-1.3B benchmark",
    "model_name": "opt-1.3b-pipeline",
    "model_size": 2.6503753662109375,
    "max_prompt_len": 96,
    "max_new_tokens": 64,
    "dtype": "float32",
    "model_config_dir": null,
    "data_size": 8,
    "batch_size": 1,
    "inference_time": 8.773937142999785,
    "throughput": 58.3546464552114,
    "max_memory_allocated_per_device": [
        3.4957218170166016,
        3.4638147354125977
    ]
}
}