{
    "description": "Pipeline parallel OPT-1.3B benchmark",
    "model_name": "opt-1.3b-pipeline",
    "model_size": 2.6347503662109375,
    "max_prompt_len": 64,
    "max_new_tokens": 80,
    "dtype": "float32",
    "model_config_dir": null,
    "data_size": 64,
    "batch_size": 16,
    "inference_time": 14.968279409004026,
    "throughput": 342.05668267523873,
    "max_memory_allocated_per_device": [
        5.010257720947266,
        4.85404109954834
    ]
}