{
    "description": "Pipeline parallel OPT-1.3B benchmark",
    "model_name": "opt-1.3b-pipeline",
    "model_size": 2.6347503662109375,
    "max_prompt_len": 112,
    "max_new_tokens": 16,
    "dtype": "float32",
    "model_config_dir": null,
    "data_size": 40,
    "batch_size": 5,
    "inference_time": 5.4960317949953605,
    "throughput": 116.44765239218204,
    "max_memory_allocated_per_device": [
        4.909154415130615,
        4.825619220733643
    ]
}