{
    "description": "Pipeline parallel OPT-1.3B benchmark",
    "model_name": "opt-1.3b-pipeline",
    "model_size": 2.6347503662109375,
    "max_prompt_len": 80,
    "max_new_tokens": 96,
    "dtype": "float32",
    "model_config_dir": null,
    "data_size": 32,
    "batch_size": 16,
    "inference_time": 10.824294138001278,
    "throughput": 283.8060349094735,
    "max_memory_allocated_per_device": [
        4.300239562988281,
        4.199697494506836
    ]
}