{
    "description": "Pipeline parallel OPT-1.3B benchmark",
    "model_name": "opt-1.3b-pipeline",
    "model_size": 2.6347503662109375,
    "max_prompt_len": 80,
    "max_new_tokens": 96,
    "dtype": "float32",
    "model_config_dir": null,
    "data_size": 56,
    "batch_size": 7,
    "inference_time": 18.65512248199957,
    "throughput": 288.17822049613085,
    "max_memory_allocated_per_device": [
        5.161769390106201,
        4.99016809463501
    ]
}