{
    "description": "Pipeline parallel OPT-1.3B benchmark",
    "model_name": "opt-1.3b-pipeline",
    "model_size": 2.6503753662109375,
    "max_prompt_len": 64,
    "max_new_tokens": 96,
    "dtype": "float32",
    "model_config_dir": null,
    "data_size": 48,
    "batch_size": 6,
    "inference_time": 16.8993285079996,
    "throughput": 272.67355610128067,
    "max_memory_allocated_per_device": [
        4.6936163902282715,
        4.559567451477051
    ]
}