{
    "description": "Pipeline parallel OPT-1.3B benchmark",
    "model_name": "opt-1.3b-pipeline",
    "model_size": 2.6347503662109375,
    "max_prompt_len": 48,
    "max_new_tokens": 96,
    "dtype": "float32",
    "model_config_dir": null,
    "data_size": 40,
    "batch_size": 5,
    "inference_time": 15.498260427000787,
    "throughput": 247.7697428099751,
    "max_memory_allocated_per_device": [
        4.3202385902404785,
        4.2158989906311035
    ]
}