{
    "description": "Pipeline parallel OPT-1.3B benchmark",
    "model_name": "opt-1.3b-pipeline",
    "model_size": 2.6347503662109375,
    "max_prompt_len": 80,
    "max_new_tokens": 80,
    "dtype": "float32",
    "model_config_dir": null,
    "data_size": 40,
    "batch_size": 20,
    "inference_time": 12.330926814000122,
    "throughput": 259.5100958969951,
    "max_memory_allocated_per_device": [
        4.456892967224121,
        4.344505310058594
    ]
}