{
    "description": "Pipeline parallel OPT-1.3B benchmark",
    "model_name": "opt-1.3b-pipeline",
    "model_size": 2.6503753662109375,
    "max_prompt_len": 32,
    "max_new_tokens": 32,
    "dtype": "float32",
    "model_config_dir": null,
    "data_size": 16,
    "batch_size": 2,
    "inference_time": 4.335537156999635,
    "throughput": 118.09378664265087,
    "max_memory_allocated_per_device": [
        3.364067554473877,
        3.332939624786377
    ]
}