{
    "description": "Pipeline parallel OPT-1.3B benchmark",
    "model_name": "opt-1.3b-pipeline",
    "model_size": 2.6347503662109375,
    "max_prompt_len": 16,
    "max_new_tokens": 32,
    "dtype": "float32",
    "model_config_dir": null,
    "data_size": 8,
    "batch_size": 4,
    "inference_time": 1.3541132789996482,
    "throughput": 189.0536072352234,
    "max_memory_allocated_per_device": [
        3.2258143424987793,
        3.1638431549072266
    ]
}}