{
    "description": "Pipeline parallel OPT-1.3B benchmark",
    "model_name": "opt-1.3b-pipeline",
    "model_size": 2.6503753662109375,
    "max_prompt_len": 16,
    "max_new_tokens": 80,
    "dtype": "float32",
    "model_config_dir": null,
    "data_size": 64,
    "batch_size": 8,
    "inference_time": 13.435309965003398,
    "throughput": 381.08536485847316,
    "max_memory_allocated_per_device": [
        4.388119697570801,
        4.279511451721191
    ]
}