{
    "description": "Pipeline parallel OPT-1.3B benchmark",
    "model_name": "opt-1.3b-pipeline",
    "model_size": 2.6347503662109375,
    "max_prompt_len": 48,
    "max_new_tokens": 64,
    "dtype": "float32",
    "model_config_dir": null,
    "data_size": 32,
    "batch_size": 16,
    "inference_time": 6.574527589000354,
    "throughput": 311.505271257276,
    "max_memory_allocated_per_device": [
        3.884732246398926,
        3.8151416778564453
    ]
}