{
    "description": "Pipeline parallel OPT-1.3B benchmark",
    "model_name": "opt-1.3b-pipeline",
    "model_size": 2.6347503662109375,
    "max_prompt_len": 112,
    "max_new_tokens": 128,
    "dtype": "float32",
    "model_config_dir": null,
    "data_size": 32,
    "batch_size": 32,
    "inference_time": 16.773714824001217,
    "throughput": 244.19158445087575,
    "max_memory_allocated_per_device": [
        4.7434163093566895,
        4.6121649742126465
    ]
}