{
    "description": "Pipeline parallel OPT-6.7B benchmark",
    "model_name": "opt-6.7b",
    "model_size": 3.3758926391601562,
    "max_prompt_len": 384,
    "max_new_tokens": 128,
    "dtype": "float16",
    "model_config_dir": null,
    "data_size": 16,
    "batch_size": 4,
    "inference_time": 16.710200736999923,
    "throughput": 122.55986820465264,
    "max_memory_allocated_per_device": [
        4.658041477203369,
        5.196554660797119,
        5.196554660797119,
        4.540599346160889
    ]
}