{
    "description": "Pipeline parallel OPT-1.3B benchmark",
    "model_name": "opt-1.3b-pipeline",
    "model_size": 2.6503753662109375,
    "max_prompt_len": 32,
    "max_new_tokens": 16,
    "dtype": "float32",
    "model_config_dir": null,
    "data_size": 48,
    "batch_size": 6,
    "inference_time": 3.521706624000217,
    "throughput": 218.0760869648047,
    "max_memory_allocated_per_device": [
        3.7602810859680176,
        3.7178473472595215
    ]
}