{
    "description": "Pipeline parallel OPT-1.3B benchmark",
    "model_name": "opt-1.3b-pipeline",
    "model_size": 2.6503753662109375,
    "max_prompt_len": 80,
    "max_new_tokens": 80,
    "dtype": "float32",
    "model_config_dir": null,
    "data_size": 8,
    "batch_size": 4,
    "inference_time": 3.9188354469988553,
    "throughput": 163.31382336814588,
    "max_memory_allocated_per_device": [
        3.4191770553588867,
        3.3924918174743652
    ]
}