{
    "description": "Pipeline parallel OPT-1.3B benchmark",
    "model_name": "opt-1.3b-pipeline",
    "model_size": 2.6503753662109375,
    "max_prompt_len": 32,
    "max_new_tokens": 96,
    "dtype": "float32",
    "model_config_dir": null,
    "data_size": 32,
    "batch_size": 8,
    "inference_time": 9.2039664240001,
    "throughput": 333.7691445711391,
    "max_memory_allocated_per_device": [
        3.9806299209594727,
        3.904022216796875
    ]
}