{
    "description": "Pipeline parallel OPT-1.3B benchmark",
    "model_name": "opt-1.3b-pipeline",
    "model_size": 2.6503753662109375,
    "max_prompt_len": 32,
    "max_new_tokens": 64,
    "dtype": "float32",
    "model_config_dir": null,
    "data_size": 48,
    "batch_size": 12,
    "inference_time": 9.942835437999747,
    "throughput": 308.966191702154,
    "max_memory_allocated_per_device": [
        4.083241939544678,
        3.998241901397705
    ]
}