{
    "description": "Pipeline parallel OPT-1.3B benchmark",
    "model_name": "opt-1.3b-pipeline",
    "model_size": 2.6347503662109375,
    "max_prompt_len": 112,
    "max_new_tokens": 80,
    "dtype": "float32",
    "model_config_dir": null,
    "data_size": 32,
    "batch_size": 4,
    "inference_time": 13.596755918999406,
    "throughput": 188.2802056057201,
    "max_memory_allocated_per_device": [
        4.5445075035095215,
        4.4758734703063965
    ]
}