{
    "description": "Pipeline parallel OPT-1.3B benchmark",
    "model_name": "opt-1.3b-pipeline",
    "model_size": 2.6503753662109375,
    "max_prompt_len": 112,
    "max_new_tokens": 48,
    "dtype": "float32",
    "model_config_dir": null,
    "data_size": 32,
    "batch_size": 4,
    "inference_time": 9.101453855000727,
    "throughput": 168.76424629193235,
    "max_memory_allocated_per_device": [
        4.5445075035095215,
        4.4758734703063965
    ]
}