{
    "description": "Pipeline parallel OPT-1.3B benchmark",
    "model_name": "opt-1.3b-pipeline",
    "model_size": 2.6503753662109375,
    "max_prompt_len": 64,
    "max_new_tokens": 48,
    "dtype": "float32",
    "model_config_dir": null,
    "data_size": 64,
    "batch_size": 64,
    "inference_time": 9.511228410003241,
    "throughput": 322.9866708667291,
    "max_memory_allocated_per_device": [
        4.784826755523682,
        4.70667028427124
    ]
}