{
    "description": "Pipeline parallel OPT-1.3B benchmark",
    "model_name": "opt-1.3b",
    "model_size": 2.6347503662109375,
    "dtype": "float32",
    "max_prompt_len": 256,
    "max_new_tokens": 1,
    "model_config_dir": null,
    "data_size": 16,
    "batch_size": 2,
    "inference_time": 2.7119138940001903,
    "throughput": 5.899892336330527,
    "max_memory_allocated_per_device": [
        4.535481929779053,
        4.409718990325928
    ]
}