{
    "description": "Pipeline parallel OPT-1.3B benchmark",
    "model_name": "opt-1.3b-pipeline",
    "model_size": 2.6503753662109375,
    "max_prompt_len": 16,
    "max_new_tokens": 80,
    "dtype": "float32",
    "model_config_dir": null,
    "data_size": 40,
    "batch_size": 20,
    "inference_time": 9.354038740999385,
    "throughput": 342.0982196678514,
    "max_memory_allocated_per_device": [
        3.9351534843444824,
        3.861542224884033
    ]
}