{
    "description": "Pipeline parallel OPT-1.3B benchmark",
    "model_name": "opt-1.3b-pipeline",
    "model_size": 2.6347503662109375,
    "max_prompt_len": 32,
    "max_new_tokens": 80,
    "dtype": "float32",
    "model_config_dir": null,
    "data_size": 24,
    "batch_size": 24,
    "inference_time": 6.713309708000452,
    "throughput": 285.99902038064454,
    "max_memory_allocated_per_device": [
        3.7123422622680664,
        3.656352996826172
    ]
}