{
    "description": "Pipeline parallel OPT-6.7B benchmark",
    "model_name": "opt-6.7b",
    "model_size": 3.3758926391601562,
    "max_prompt_len": 128,
    "max_new_tokens": 384,
    "dtype": "float16",
    "model_config_dir": null,
    "data_size": 32,
    "batch_size": 8,
    "inference_time": 50.27316882000014,
    "throughput": 244.42461631961967,
    "max_memory_allocated_per_device": [
        5.345389366149902,
        6.196402549743652,
        6.196402549743652,
        5.078883171081543
    ]
}