{
    "description": "Pipeline parallel OPT-1.3B benchmark",
    "model_name": "opt-1.3b",
    "model_size": 2.6347503662109375,
    "dtype": "float32",
    "max_prompt_len": 384,
    "max_new_tokens": 1,
    "model_config_dir": null,
    "data_size": 24,
    "batch_size": 24,
    "inference_time": 10.203285141999913,
    "throughput": 2.35218360224086,
    "max_memory_allocated_per_device": [
        6.291452407836914,
        6.135133743286133
    ]
}