{
    "description": "Pipeline parallel OPT-1.3B benchmark",
    "model_name": "opt-1.3b-pipeline",
    "model_size": 2.6503753662109375,
    "max_prompt_len": 32,
    "max_new_tokens": 80,
    "dtype": "float32",
    "model_config_dir": null,
    "data_size": 8,
    "batch_size": 4,
    "inference_time": 3.575225815000522,
    "throughput": 179.00967186877023,
    "max_memory_allocated_per_device": [
        3.340733051300049,
        3.3114676475524902
    ]
}}