{
    "description": "Pipeline parallel OPT-1.3B benchmark",
    "model_name": "opt-1.3b-pipeline",
    "model_size": 2.6503753662109375,
    "max_prompt_len": 32,
    "max_new_tokens": 80,
    "dtype": "float32",
    "model_config_dir": null,
    "data_size": 56,
    "batch_size": 28,
    "inference_time": 11.345460648997687,
    "throughput": 394.8715824417217,
    "max_memory_allocated_per_device": [
        4.42780876159668,
        4.316367149353027
    ]
}