{
    "description": "Pipeline parallel OPT-6.7B benchmark",
    "model_name": "opt-6.7b",
    "model_size": 3.3758926391601562,
    "max_prompt_len": 512,
    "max_new_tokens": 256,
    "dtype": "float16",
    "model_config_dir": null,
    "data_size": 16,
    "batch_size": 16,
    "inference_time": 31.665011062000303,
    "throughput": 129.3541313464254,
    "max_memory_allocated_per_device": [
        5.186323165893555,
        5.787336349487305,
        5.787336349487305,
        5.002301216125488
    ]
}