{
    "description": "Pipeline parallel OPT-1.3B benchmark",
    "model_name": "opt-1.3b-pipeline",
    "model_size": 2.6347503662109375,
    "max_prompt_len": 112,
    "max_new_tokens": 112,
    "dtype": "float32",
    "model_config_dir": null,
    "data_size": 16,
    "batch_size": 4,
    "inference_time": 9.935176548002346,
    "throughput": 180.36921551840115,
    "max_memory_allocated_per_device": [
        3.8780336380004883,
        3.8119654655456543
    ]
}