{
    "description": "Pipeline parallel OPT-1.3B benchmark",
    "model_name": "opt-1.3b-pipeline",
    "model_size": 2.6503753662109375,
    "max_prompt_len": 80,
    "max_new_tokens": 96,
    "dtype": "float32",
    "model_config_dir": null,
    "data_size": 64,
    "batch_size": 8,
    "inference_time": 19.584086784001556,
    "throughput": 313.7240999676889,
    "max_memory_allocated_per_device": [
        5.407974720001221,
        5.216572284698486
    ]
}