{
    "description": "Pipeline parallel OPT-1.3B benchmark",
    "model_name": "opt-1.3b-pipeline",
    "model_size": 2.6347503662109375,
    "max_prompt_len": 32,
    "max_new_tokens": 16,
    "dtype": "float32",
    "model_config_dir": null,
    "data_size": 24,
    "batch_size": 12,
    "inference_time": 1.773333246997936,
    "throughput": 216.54136392585605,
    "max_memory_allocated_per_device": [
        3.458012104034424,
        3.4306626319885254
    ]
}