{
    "description": "Pipeline parallel OPT-1.3B benchmark",
    "model_name": "opt-1.3b-pipeline",
    "model_size": 2.6347503662109375,
    "max_prompt_len": 32,
    "max_new_tokens": 128,
    "dtype": "float32",
    "model_config_dir": null,
    "data_size": 24,
    "batch_size": 12,
    "inference_time": 11.292560294998111,
    "throughput": 272.03751140126315,
    "max_memory_allocated_per_device": [
        3.934896945953369,
        3.8609795570373535
    ]
}