{
    "description": "Pipeline parallel OPT-1.3B benchmark",
    "model_name": "opt-1.3b-pipeline",
    "model_size": 2.6347503662109375,
    "max_prompt_len": 16,
    "max_new_tokens": 96,
    "dtype": "float32",
    "model_config_dir": null,
    "data_size": 8,
    "batch_size": 1,
    "inference_time": 11.586174568999922,
    "throughput": 66.28589923501308,
    "max_memory_allocated_per_device": [
        3.342163562774658,
        3.312622547149658
    ]
}