{
    "description": "Pipeline parallel OPT-1.3B benchmark",
    "model_name": "opt-1.3b-pipeline",
    "model_size": 2.6503753662109375,
    "max_prompt_len": 32,
    "max_new_tokens": 112,
    "dtype": "float32",
    "model_config_dir": null,
    "data_size": 16,
    "batch_size": 4,
    "inference_time": 8.76033559699863,
    "throughput": 204.55837338171787,
    "max_memory_allocated_per_device": [
        3.620001792907715,
        3.569098472595215
    ]
}