{
    "description": "Pipeline parallel OPT-1.3B benchmark",
    "model_name": "opt-1.3b-pipeline",
    "model_size": 2.6503753662109375,
    "max_prompt_len": 64,
    "max_new_tokens": 96,
    "dtype": "float32",
    "model_config_dir": null,
    "data_size": 24,
    "batch_size": 24,
    "inference_time": 9.129420440000104,
    "throughput": 252.37089420322215,
    "max_memory_allocated_per_device": [
        3.951838970184326,
        3.878068447113037
    ]
}