{
    "description": "Pipeline parallel OPT-1.3B benchmark",
    "model_name": "opt-1.3b-pipeline",
    "model_size": 2.6503753662109375,
    "max_prompt_len": 16,
    "max_new_tokens": 48,
    "dtype": "float32",
    "model_config_dir": null,
    "data_size": 56,
    "batch_size": 28,
    "inference_time": 6.123130002000835,
    "throughput": 438.9911694054595,
    "max_memory_allocated_per_device": [
        3.890019416809082,
        3.821873188018799
    ]
}