{
    "description": "Pipeline parallel OPT-1.3B benchmark",
    "model_name": "opt-1.3b-pipeline",
    "model_size": 2.6503753662109375,
    "max_prompt_len": 128,
    "max_new_tokens": 112,
    "dtype": "float32",
    "model_config_dir": null,
    "data_size": 24,
    "batch_size": 12,
    "inference_time": 12.687003839997487,
    "throughput": 211.87035441147407,
    "max_memory_allocated_per_device": [
        4.35467004776001,
        4.292147159576416
    ]
}