{
    "description": "Pipeline parallel OPT-1.3B benchmark",
    "model_name": "opt-1.3b-pipeline",
    "model_size": 2.6503753662109375,
    "max_prompt_len": 32,
    "max_new_tokens": 80,
    "dtype": "float32",
    "model_config_dir": null,
    "data_size": 32,
    "batch_size": 32,
    "inference_time": 7.526157155996771,
    "throughput": 340.14702947841266,
    "max_memory_allocated_per_device": [
        3.9003186225891113,
        3.831277370452881
    ]
}