{
    "description": "Pipeline parallel OPT-6.7B benchmark",
    "model_name": "opt-6.7b",
    "model_size": 3.0248794555664062,
    "max_prompt_len": 128,
    "max_new_tokens": 512,
    "dtype": "float16",
    "model_config_dir": null,
    "data_size": 32,
    "batch_size": 16,
    "inference_time": 60.18741723399944,
    "throughput": 272.2163660271635,
    "max_memory_allocated_per_device": [
        5.8926849365234375,
        6.8685760498046875,
        6.8685760498046875,
        5.564287185668945
    ]
}