{
    "description": "Pipeline parallel OPT-1.3B benchmark",
    "model_name": "opt-1.3b-pipeline",
    "model_size": 2.6347503662109375,
    "max_prompt_len": 32,
    "max_new_tokens": 96,
    "dtype": "float32",
    "model_config_dir": null,
    "data_size": 16,
    "batch_size": 8,
    "inference_time": 5.242911015997379,
    "throughput": 292.967016856341,
    "max_memory_allocated_per_device": [
        3.573004722595215,
        3.5272817611694336
    ]
}