{
    "description": "Pipeline parallel OPT-1.3B benchmark",
    "model_name": "opt-1.3b-pipeline",
    "model_size": 2.6503753662109375,
    "max_prompt_len": 128,
    "max_new_tokens": 16,
    "dtype": "float32",
    "model_config_dir": null,
    "data_size": 32,
    "batch_size": 4,
    "inference_time": 5.073424695001449,
    "throughput": 100.91802495944088,
    "max_memory_allocated_per_device": [
        4.742756366729736,
        4.663625240325928
    ]
}