{
    "description": "Pipeline parallel OPT-1.3B benchmark",
    "model_name": "opt-1.3b-pipeline",
    "model_size": 2.6347503662109375,
    "max_prompt_len": 32,
    "max_new_tokens": 16,
    "dtype": "float32",
    "model_config_dir": null,
    "data_size": 48,
    "batch_size": 24,
    "inference_time": 2.8829843039929983,
    "throughput": 266.39062825846906,
    "max_memory_allocated_per_device": [
        3.757833957672119,
        3.7187600135803223
    ]
}