{
    "description": "Pipeline parallel OPT-1.3B benchmark",
    "model_name": "opt-1.3b-pipeline",
    "model_size": 2.6503753662109375,
    "max_prompt_len": 128,
    "max_new_tokens": 128,
    "dtype": "float32",
    "model_config_dir": null,
    "data_size": 32,
    "batch_size": 8,
    "inference_time": 15.476377988001332,
    "throughput": 264.66140870787626,
    "max_memory_allocated_per_device": [
        4.803396224975586,
        4.667529582977295
    ]
}