{
    "description": "Pipeline parallel OPT-1.3B benchmark",
    "model_name": "opt-1.3b-pipeline",
    "model_size": 2.6347503662109375,
    "max_prompt_len": 64,
    "max_new_tokens": 128,
    "dtype": "float32",
    "model_config_dir": null,
    "data_size": 64,
    "batch_size": 8,
    "inference_time": 24.306601046999276,
    "throughput": 337.02778863074843,
    "max_memory_allocated_per_device": [
        5.612689971923828,
        5.409053802490234
    ]
}