{
    "description": "Pipeline parallel OPT-1.3B benchmark",
    "model_name": "opt-1.3b-pipeline",
    "model_size": 2.6347503662109375,
    "max_prompt_len": 48,
    "max_new_tokens": 80,
    "dtype": "float32",
    "model_config_dir": null,
    "data_size": 32,
    "batch_size": 4,
    "inference_time": 11.754807523997442,
    "throughput": 217.78323420215597,
    "max_memory_allocated_per_device": [
        3.9777092933654785,
        3.9017434120178223
    ]
}