{
    "description": "Pipeline parallel OPT-1.3B benchmark",
    "model_name": "opt-1.3b-pipeline",
    "model_size": 2.6347503662109375,
    "max_prompt_len": 16,
    "max_new_tokens": 32,
    "dtype": "float32",
    "model_config_dir": null,
    "data_size": 56,
    "batch_size": 56,
    "inference_time": 3.8152302849994157,
    "throughput": 469.6964183382903,
    "max_memory_allocated_per_device": [
        3.7126760482788086,
        3.657708168029785
    ]
}