{
    "description": "Pipeline parallel OPT-1.3B benchmark",
    "model_name": "opt-1.3b-pipeline",
    "model_size": 2.6503753662109375,
    "max_prompt_len": 48,
    "max_new_tokens": 32,
    "dtype": "float32",
    "model_config_dir": null,
    "data_size": 16,
    "batch_size": 8,
    "inference_time": 2.15152702100022,
    "throughput": 237.9705181494663,
    "max_memory_allocated_per_device": [
        3.458012104034424,
        3.4306626319885254
    ]
}