{
    "description": "Pipeline parallel OPT-1.3B benchmark",
    "model_name": "opt-1.3b-pipeline",
    "model_size": 2.6347503662109375,
    "max_prompt_len": 64,
    "max_new_tokens": 48,
    "dtype": "float32",
    "model_config_dir": null,
    "data_size": 8,
    "batch_size": 2,
    "inference_time": 3.7036899279992213,
    "throughput": 103.68038563299534,
    "max_memory_allocated_per_device": [
        3.3572936058044434,
        3.3338522911071777
    ]
}