{
    "description": "Pipeline parallel OPT-1.3B benchmark",
    "model_name": "opt-1.3b-pipeline",
    "model_size": 2.6347503662109375,
    "max_prompt_len": 80,
    "max_new_tokens": 112,
    "dtype": "float32",
    "model_config_dir": null,
    "data_size": 40,
    "batch_size": 5,
    "inference_time": 19.1965307749997,
    "throughput": 233.37550167316988,
    "max_memory_allocated_per_device": [
        4.696500778198242,
        4.556631088256836
    ]
}