{
    "description": "Pipeline parallel OPT-1.3B benchmark",
    "model_name": "opt-1.3b-pipeline",
    "model_size": 2.6347503662109375,
    "max_prompt_len": 16,
    "max_new_tokens": 128,
    "dtype": "float32",
    "model_config_dir": null,
    "data_size": 40,
    "batch_size": 40,
    "inference_time": 12.970300308999867,
    "throughput": 394.74799179841045,
    "max_memory_allocated_per_device": [
        4.345467567443848,
        4.243046760559082
    ]
}