{
    "description": "Pipeline parallel OPT-1.3B benchmark",
    "model_name": "opt-1.3b-pipeline",
    "model_size": 2.6347503662109375,
    "max_prompt_len": 112,
    "max_new_tokens": 112,
    "dtype": "float32",
    "model_config_dir": null,
    "data_size": 16,
    "batch_size": 16,
    "inference_time": 8.692559837996669,
    "throughput": 206.1533119584476,
    "max_memory_allocated_per_device": [
        3.899749279022217,
        3.8293843269348145
    ]
}