{
    "description": "Pipeline parallel OPT-1.3B benchmark",
    "model_name": "opt-1.3b",
    "model_size": 2.6503753662109375,
    "dtype": "float32",
    "max_prompt_len": 256,
    "max_new_tokens": 1,
    "model_config_dir": null,
    "data_size": 24,
    "batch_size": 6,
    "inference_time": 4.4177618999999595,
    "throughput": 5.432615098609144,
    "max_memory_allocated_per_device": [
        5.539432048797607,
        5.17610502243042
    ]
}