{
    "description": "Pipeline parallel OPT-6.7B benchmark",
    "model_name": "opt-6.7b",
    "model_size": 3.3758926391601562,
    "max_prompt_len": 512,
    "max_new_tokens": 384,
    "dtype": "float16",
    "model_config_dir": null,
    "data_size": 48,
    "batch_size": 48,
    "inference_time": 106.98376282000027,
    "throughput": 172.28782680799668,
    "max_memory_allocated_per_device": [
        8.671552658081055,
        10.284305572509766,
        10.284305572509766,
        8.149273872375488
    ]
}