{
    "description": "Pipeline parallel OPT-1.3B benchmark",
    "model_name": "opt-1.3b-pipeline",
    "model_size": 2.6503753662109375,
    "max_prompt_len": 48,
    "max_new_tokens": 128,
    "dtype": "float32",
    "model_config_dir": null,
    "data_size": 32,
    "batch_size": 4,
    "inference_time": 18.591099555000255,
    "throughput": 220.32048120028173,
    "max_memory_allocated_per_device": [
        4.285381317138672,
        4.180484771728516
    ]
}