{
    "description": "Pipeline parallel OPT-1.3B benchmark",
    "model_name": "opt-1.3b-pipeline",
    "model_size": 2.6347503662109375,
    "max_prompt_len": 16,
    "max_new_tokens": 112,
    "dtype": "float32",
    "model_config_dir": null,
    "data_size": 64,
    "batch_size": 16,
    "inference_time": 17.09574918099679,
    "throughput": 419.28551501959157,
    "max_memory_allocated_per_device": [
        4.809039115905762,
        4.666772842407227
    ]
}