{
    "description": "Pipeline parallel OPT-1.3B benchmark",
    "model_name": "opt-1.3b-pipeline",
    "model_size": 2.6503753662109375,
    "max_prompt_len": 128,
    "max_new_tokens": 128,
    "dtype": "float32",
    "model_config_dir": null,
    "data_size": 32,
    "batch_size": 32,
    "inference_time": 17.070866395999474,
    "throughput": 239.94095583572079,
    "max_memory_allocated_per_device": [
        4.850857257843018,
        4.711547374725342
    ]
}