{
    "description": "Pipeline parallel OPT-1.3B benchmark",
    "model_name": "opt-1.3b-pipeline",
    "model_size": 2.6503753662109375,
    "max_prompt_len": 16,
    "max_new_tokens": 32,
    "dtype": "float32",
    "model_config_dir": null,
    "data_size": 16,
    "batch_size": 2,
    "inference_time": 4.605316029999813,
    "throughput": 111.17586646925962,
    "max_memory_allocated_per_device": [
        3.303154468536377,
        3.2606019973754883
    ]
}