{
    "description": "Pipeline parallel OPT-1.3B benchmark",
    "model_name": "opt-1.3b-pipeline",
    "model_size": 2.6503753662109375,
    "max_prompt_len": 96,
    "max_new_tokens": 80,
    "dtype": "float32",
    "model_config_dir": null,
    "data_size": 56,
    "batch_size": 14,
    "inference_time": 17.028311606001807,
    "throughput": 263.0912625783156,
    "max_memory_allocated_per_device": [
        5.242785930633545,
        5.145087718963623
    ]
}