{
    "description": "Pipeline parallel OPT-1.3B benchmark",
    "model_name": "opt-1.3b-pipeline",
    "model_size": 2.6503753662109375,
    "max_prompt_len": 32,
    "max_new_tokens": 96,
    "dtype": "float32",
    "model_config_dir": null,
    "data_size": 48,
    "batch_size": 24,
    "inference_time": 12.699147566003376,
    "throughput": 362.85900105106117,
    "max_memory_allocated_per_device": [
        4.4089202880859375,
        4.2997589111328125
    ]
}