{
    "description": "Pipeline parallel OPT-1.3B benchmark",
    "model_name": "opt-1.3b-pipeline",
    "model_size": 2.6503753662109375,
    "max_prompt_len": 80,
    "max_new_tokens": 16,
    "dtype": "float32",
    "model_config_dir": null,
    "data_size": 48,
    "batch_size": 12,
    "inference_time": 5.066500993001682,
    "throughput": 151.58390397255076,
    "max_memory_allocated_per_device": [
        4.646468639373779,
        4.572219371795654
    ]
}