{
    "description": "Pipeline parallel OPT-1.3B benchmark",
    "model_name": "opt-1.3b-pipeline",
    "model_size": 2.6503753662109375,
    "max_prompt_len": 80,
    "max_new_tokens": 112,
    "dtype": "float32",
    "model_config_dir": null,
    "data_size": 24,
    "batch_size": 3,
    "inference_time": 16.20453387100133,
    "throughput": 165.87950146534513,
    "max_memory_allocated_per_device": [
        4.0838727951049805,
        3.991008758544922
    ]
}