{
    "description": "Pipeline parallel OPT-1.3B benchmark",
    "model_name": "opt-1.3b-pipeline",
    "model_size": 2.6347503662109375,
    "max_prompt_len": 48,
    "max_new_tokens": 112,
    "dtype": "float32",
    "model_config_dir": null,
    "data_size": 16,
    "batch_size": 4,
    "inference_time": 9.035402377998253,
    "throughput": 198.3309569437248,
    "max_memory_allocated_per_device": [
        3.6736907958984375,
        3.619396209716797
    ]
}