{
    "description": "Pipeline parallel OPT-1.3B benchmark",
    "model_name": "opt-1.3b-pipeline",
    "model_size": 2.6347503662109375,
    "max_prompt_len": 32,
    "max_new_tokens": 16,
    "dtype": "float32",
    "model_config_dir": null,
    "data_size": 40,
    "batch_size": 20,
    "inference_time": 2.6332056559986086,
    "throughput": 243.04975896661912,
    "max_memory_allocated_per_device": [
        3.6567234992980957,
        3.6215577125549316
    ]
}