{
    "description": "Pipeline parallel OPT-1.3B benchmark",
    "model_name": "opt-1.3b-pipeline",
    "model_size": 2.6503753662109375,
    "max_prompt_len": 80,
    "max_new_tokens": 64,
    "dtype": "float32",
    "model_config_dir": null,
    "data_size": 56,
    "batch_size": 56,
    "inference_time": 12.475909503002185,
    "throughput": 287.27364519096193,
    "max_memory_allocated_per_device": [
        4.939809799194336,
        4.854693412780762
    ]
}