{
    "description": "Pipeline parallel OPT-1.3B benchmark",
    "model_name": "opt-1.3b-pipeline",
    "model_size": 2.6347503662109375,
    "max_prompt_len": 80,
    "max_new_tokens": 112,
    "dtype": "float32",
    "model_config_dir": null,
    "data_size": 32,
    "batch_size": 4,
    "inference_time": 17.262036423999234,
    "throughput": 207.62324397700849,
    "max_memory_allocated_per_device": [
        4.385495662689209,
        4.273817539215088
    ]
}