{
    "description": "Pipeline parallel OPT-1.3B benchmark",
    "model_name": "opt-1.3b-pipeline",
    "model_size": 2.6347503662109375,
    "max_prompt_len": 80,
    "max_new_tokens": 64,
    "dtype": "float32",
    "model_config_dir": null,
    "data_size": 64,
    "batch_size": 8,
    "inference_time": 14.100716578002903,
    "throughput": 290.4816912914734,
    "max_memory_allocated_per_device": [
        5.1376776695251465,
        5.04388952255249
    ]
}