{
    "description": "Pipeline parallel OPT-1.3B benchmark",
    "model_name": "opt-1.3b",
    "model_size": 2.6347503662109375,
    "dtype": "float32",
    "max_prompt_len": 128,
    "max_new_tokens": 1,
    "model_config_dir": null,
    "data_size": 8,
    "batch_size": 1,
    "inference_time": 0.7340632259997619,
    "throughput": 10.898243797874972,
    "max_memory_allocated_per_device": [
        3.1732306480407715,
        3.1419730186462402
    ]
}