{
    "description": "Pipeline parallel OPT-1.3B benchmark",
    "model_name": "opt-1.3b-pipeline",
    "model_size": 2.6347503662109375,
    "max_prompt_len": 128,
    "max_new_tokens": 32,
    "dtype": "float32",
    "model_config_dir": null,
    "data_size": 32,
    "batch_size": 4,
    "inference_time": 7.263687016999029,
    "throughput": 140.97523717687145,
    "max_memory_allocated_per_device": [
        4.742513179779053,
        4.663625240325928
    ]
}