{
    "description": "Pipeline parallel OPT-1.3B benchmark",
    "model_name": "opt-1.3b-pipeline",
    "model_size": 2.6503753662109375,
    "max_prompt_len": 128,
    "max_new_tokens": 112,
    "dtype": "float32",
    "model_config_dir": null,
    "data_size": 56,
    "batch_size": 56,
    "inference_time": 23.296554126995034,
    "throughput": 269.2243653636432,
    "max_memory_allocated_per_device": [
        5.990702152252197,
        5.865647792816162
    ]
}