{
    "description": "Pipeline parallel OPT-1.3B benchmark",
    "model_name": "opt-1.3b-pipeline",
    "model_size": 2.6503753662109375,
    "max_prompt_len": 96,
    "max_new_tokens": 128,
    "dtype": "float32",
    "model_config_dir": null,
    "data_size": 56,
    "batch_size": 7,
    "inference_time": 25.174598632002017,
    "throughput": 284.7314511258193,
    "max_memory_allocated_per_device": [
        5.670135021209717,
        5.455787181854248
    ]
}