{
    "description": "Pipeline parallel OPT-1.3B benchmark",
    "model_name": "opt-1.3b-pipeline",
    "model_size": 2.6347503662109375,
    "max_prompt_len": 32,
    "max_new_tokens": 112,
    "dtype": "float32",
    "model_config_dir": null,
    "data_size": 8,
    "batch_size": 2,
    "inference_time": 7.983698648999052,
    "throughput": 112.22868489811236,
    "max_memory_allocated_per_device": [
        3.391458034515381,
        3.3570055961608887
    ]
}