{
    "description": "Pipeline parallel OPT-1.3B benchmark",
    "model_name": "opt-1.3b-pipeline",
    "model_size": 2.6347503662109375,
    "max_prompt_len": 64,
    "max_new_tokens": 32,
    "dtype": "float32",
    "model_config_dir": null,
    "data_size": 48,
    "batch_size": 48,
    "inference_time": 6.478534273999685,
    "throughput": 237.09066511609456,
    "max_memory_allocated_per_device": [
        4.37865686416626,
        4.31613302230835
    ]
}