{
    "description": "Pipeline parallel OPT-1.3B benchmark",
    "model_name": "opt-1.3b-pipeline",
    "model_size": 2.6347503662109375,
    "max_prompt_len": 80,
    "max_new_tokens": 128,
    "dtype": "float32",
    "model_config_dir": null,
    "data_size": 56,
    "batch_size": 56,
    "inference_time": 21.136245265995967,
    "throughput": 339.13308204896225,
    "max_memory_allocated_per_device": [
        5.558757781982422,
        5.366952896118164
    ]
}