{
    "description": "Pipeline parallel OPT-1.3B benchmark",
    "model_name": "opt-1.3b-pipeline",
    "model_size": 2.6347503662109375,
    "max_prompt_len": 80,
    "max_new_tokens": 48,
    "dtype": "float32",
    "model_config_dir": null,
    "data_size": 8,
    "batch_size": 8,
    "inference_time": 2.157069405000584,
    "throughput": 178.0193067083514,
    "max_memory_allocated_per_device": [
        3.4124717712402344,
        3.387075424194336
    ]
}