{
    "description": "Pipeline parallel OPT-1.3B benchmark",
    "model_name": "opt-1.3b-pipeline",
    "model_size": 2.6503753662109375,
    "max_prompt_len": 112,
    "max_new_tokens": 128,
    "dtype": "float32",
    "model_config_dir": null,
    "data_size": 8,
    "batch_size": 1,
    "inference_time": 17.1323889890009,
    "throughput": 59.7698313210968,
    "max_memory_allocated_per_device": [
        3.543900489807129,
        3.497483253479004
    ]
}