{
    "description": "Pipeline parallel OPT-1.3B benchmark",
    "model_name": "opt-1.3b-pipeline",
    "model_size": 2.6347503662109375,
    "max_prompt_len": 64,
    "max_new_tokens": 80,
    "dtype": "float32",
    "model_config_dir": null,
    "data_size": 56,
    "batch_size": 14,
    "inference_time": 13.568192038001143,
    "throughput": 330.18400590532843,
    "max_memory_allocated_per_device": [
        4.784748554229736,
        4.642877578735352
    ]
}