{
    "description": "Pipeline parallel OPT-1.3B benchmark",
    "model_name": "opt-1.3b-pipeline",
    "model_size": 2.6503753662109375,
    "max_prompt_len": 48,
    "max_new_tokens": 112,
    "dtype": "float32",
    "model_config_dir": null,
    "data_size": 48,
    "batch_size": 24,
    "inference_time": 15.8682905520036,
    "throughput": 338.78885582424647,
    "max_memory_allocated_per_device": [
        4.716464996337891,
        4.584522247314453
    ]
}