{
    "description": "Pipeline parallel OPT-1.3B benchmark",
    "model_name": "opt-1.3b-pipeline",
    "model_size": 2.6503753662109375,
    "max_prompt_len": 48,
    "max_new_tokens": 80,
    "dtype": "float32",
    "model_config_dir": null,
    "data_size": 48,
    "batch_size": 6,
    "inference_time": 13.790322700006072,
    "throughput": 278.45613794072483,
    "max_memory_allocated_per_device": [
        4.3847832679748535,
        4.281785488128662
    ]
}