{
    "description": "Pipeline parallel OPT-1.3B benchmark",
    "model_name": "opt-1.3b-pipeline",
    "model_size": 2.6347503662109375,
    "max_prompt_len": 112,
    "max_new_tokens": 112,
    "dtype": "float32",
    "model_config_dir": null,
    "data_size": 48,
    "batch_size": 24,
    "inference_time": 19.63830537800095,
    "throughput": 273.7507079415445,
    "max_memory_allocated_per_device": [
        5.337288856506348,
        5.167059421539307
    ]
}