{
    "description": "Pipeline parallel OPT-1.3B benchmark",
    "model_name": "opt-1.3b-pipeline",
    "model_size": 2.6503753662109375,
    "max_prompt_len": 16,
    "max_new_tokens": 96,
    "dtype": "float32",
    "model_config_dir": null,
    "data_size": 56,
    "batch_size": 28,
    "inference_time": 12.449128312997345,
    "throughput": 431.83746402446985,
    "max_memory_allocated_per_device": [
        4.426599025726318,
        4.31636381149292
    ]
}