{
    "description": "Pipeline parallel OPT-1.3B benchmark",
    "model_name": "opt-1.3b-pipeline",
    "model_size": 2.6347503662109375,
    "max_prompt_len": 96,
    "max_new_tokens": 16,
    "dtype": "float32",
    "model_config_dir": null,
    "data_size": 32,
    "batch_size": 8,
    "inference_time": 3.7093077470017306,
    "throughput": 138.03114621962942,
    "max_memory_allocated_per_device": [
        4.351619243621826,
        4.289096355438232
    ]
}