{
    "description": "Pipeline parallel OPT-1.3B benchmark",
    "model_name": "opt-1.3b-pipeline",
    "model_size": 2.6347503662109375,
    "max_prompt_len": 64,
    "max_new_tokens": 64,
    "dtype": "float32",
    "model_config_dir": null,
    "data_size": 8,
    "batch_size": 4,
    "inference_time": 3.168702551000024,
    "throughput": 161.58032878107028,
    "max_memory_allocated_per_device": [
        3.367776870727539,
        3.3381738662719727
    ]
}