{
    "description": "Pipeline parallel OPT-6.7B benchmark",
    "model_name": "opt-6.7b",
    "model_size": 3.3758926391601562,
    "max_prompt_len": 128,
    "max_new_tokens": 512,
    "dtype": "float16",
    "model_config_dir": null,
    "data_size": 32,
    "batch_size": 8,
    "inference_time": 70.89307581099911,
    "throughput": 231.10860704760128,
    "max_memory_allocated_per_device": [
        5.854002952575684,
        6.830016136169434,
        6.830016136169434,
        5.524569511413574
    ]
}