{
    "description": "Pipeline parallel OPT-1.3B benchmark",
    "model_name": "opt-1.3b-pipeline",
    "model_size": 2.6347503662109375,
    "max_prompt_len": 96,
    "max_new_tokens": 128,
    "dtype": "float32",
    "model_config_dir": null,
    "data_size": 48,
    "batch_size": 12,
    "inference_time": 23.067010096994636,
    "throughput": 266.35441585905807,
    "max_memory_allocated_per_device": [
        5.3119730949401855,
        5.1326823234558105
    ]
}