{
    "description": "Pipeline parallel OPT-1.3B benchmark",
    "model_name": "opt-1.3b-pipeline",
    "model_size": 2.6503753662109375,
    "max_prompt_len": 16,
    "max_new_tokens": 96,
    "dtype": "float32",
    "model_config_dir": null,
    "data_size": 64,
    "batch_size": 16,
    "inference_time": 14.614901269000256,
    "throughput": 420.39285020912666,
    "max_memory_allocated_per_device": [
        4.603392601013184,
        4.47602653503418
    ]
}