{
    "description": "Pipeline parallel OPT-1.3B benchmark",
    "model_name": "opt-1.3b-pipeline",
    "model_size": 2.6503753662109375,
    "max_prompt_len": 96,
    "max_new_tokens": 112,
    "dtype": "float32",
    "model_config_dir": null,
    "data_size": 32,
    "batch_size": 8,
    "inference_time": 12.645403218000865,
    "throughput": 283.4231489667437,
    "max_memory_allocated_per_device": [
        4.491598606109619,
        4.374575138092041
    ]
}