{
    "description": "Pipeline parallel OPT-1.3B benchmark",
    "model_name": "opt-1.3b-pipeline",
    "model_size": 2.6503753662109375,
    "max_prompt_len": 80,
    "max_new_tokens": 128,
    "dtype": "float32",
    "model_config_dir": null,
    "data_size": 16,
    "batch_size": 2,
    "inference_time": 17.570520908000617,
    "throughput": 116.55886645156076,
    "max_memory_allocated_per_device": [
        3.8355913162231445,
        3.7725963592529297
    ]
}