{
    "description": "Pipeline parallel OPT-1.3B benchmark",
    "model_name": "opt-1.3b-pipeline",
    "model_size": 2.6503753662109375,
    "max_prompt_len": 112,
    "max_new_tokens": 112,
    "dtype": "float32",
    "model_config_dir": null,
    "data_size": 64,
    "batch_size": 64,
    "inference_time": 23.799797863001004,
    "throughput": 301.17902854726856,
    "max_memory_allocated_per_device": [
        6.120469093322754,
        5.888376235961914
    ]
}