{
    "description": "Pipeline parallel OPT-1.3B benchmark",
    "model_name": "opt-1.3b-pipeline",
    "model_size": 2.6503753662109375,
    "max_prompt_len": 128,
    "max_new_tokens": 32,
    "dtype": "float32",
    "model_config_dir": null,
    "data_size": 64,
    "batch_size": 32,
    "inference_time": 11.390613621000739,
    "throughput": 179.79716178100597,
    "max_memory_allocated_per_device": [
        6.113073825836182,
        5.8599724769592285
    ]
}