{
    "description": "Pipeline parallel OPT-1.3B benchmark",
    "model_name": "opt-1.3b-pipeline",
    "model_size": 2.6503753662109375,
    "max_prompt_len": 64,
    "max_new_tokens": 112,
    "dtype": "float32",
    "model_config_dir": null,
    "data_size": 16,
    "batch_size": 4,
    "inference_time": 8.952698367000266,
    "throughput": 200.16311580487616,
    "max_memory_allocated_per_device": [
        3.7264609336853027,
        3.6669163703918457
    ]
}