{
    "description": "Pipeline parallel OPT-6.7B benchmark",
    "model_name": "opt-6.7b",
    "model_size": 3.0092544555664062,
    "max_prompt_len": 256,
    "max_new_tokens": 384,
    "dtype": "float16",
    "model_config_dir": null,
    "data_size": 48,
    "batch_size": 12,
    "inference_time": 63.930328209000436,
    "throughput": 288.3138647394751,
    "max_memory_allocated_per_device": [
        7.121832847595215,
        8.41025447845459,
        8.409979820251465,
        6.6369123458862305
    ]
}