name,time,memory_gpu_0,max_memory_gpu_0,memory_gpu_1,max_memory_gpu_1
start,0.0,2.650390625,2.650393009185791,2.634765625,2.634768009185791
stop,7.734399893000955,5.845704078674316,5.853516578674316,5.830079078674316,5.837891578674316
