name,time,memory_gpu_0,max_memory_gpu_0,memory_gpu_1,max_memory_gpu_1
start,0.0,2.650379180908203,2.650381565093994,2.634754180908203,2.634756565093994
stop,7.68861191799806,6.1403703689575195,6.1423234939575195,6.1168107986450195,6.1187639236450195

